timestamp_s,foot_ax,foot_ay,foot_az,foot_gx,foot_gy,foot_gz,foot_roll_deg,foot_pitch_deg,foot_yaw_deg,shank_ax,shank_ay,shank_az,shank_gx,shank_gy,shank_gz,shank_roll_deg,shank_pitch_deg,shank_yaw_deg,ankle_encoder_deg,toe_fsr_v,heel_fsr_v
3.5829999944780866e-06,8.109375,-4.1796875,-3.61328125,0.0,-0.001953125,0.0,-130.60645428967456,-55.57349880216063,136.10217172918516,8.953125,-0.29296875,-3.8359375,0.005859375,0.0,-0.001953125,-176.20027054706347,-66.48177427591091,176.51348686059336,170.771484375,0.00037501144444105353,0.0
0.047768910999991476,8.109375,-4.1796875,-3.61328125,0.0,-0.001953125,0.0,-130.60645428967456,-55.57349880216063,136.10217172918516,8.953125,-0.29296875,-3.8359375,0.005859375,0.0,-0.001953125,-176.20027054706347,-66.48177427591091,176.51348686059336,170.771484375,0.00037501144444105353,0.000250007629627369
0.06558376399999588,8.07421875,-4.1796875,-3.61328125,-0.001953125,-0.001953125,-0.001953125,-130.7946378092188,-55.546644287314294,136.2233772159513,8.953125,-0.29296875,-3.875,0.001953125,-0.001953125,0.001953125,-176.18564667117323,-66.48164697211945,176.5039137580205,170.771484375,0.000250007629627369,0.000250007629627369
0.08735318000000802,8.07421875,-4.1796875,-3.61328125,-0.001953125,-0.001953125,-0.001953125,-130.7946378092188,-55.546644287314294,136.2233772159513,8.953125,-0.33203125,-3.875,0.001953125,-0.001953125,0.001953125,-176.18564667117323,-66.48164697211945,176.5039137580205,170.771484375,0.0001250038148136845,0.000250007629627369
0.10086317200000394,8.07421875,-4.1796875,-3.61328125,-0.001953125,-0.001953125,-0.001953125,-130.7946378092188,-55.546644287314294,136.2233772159513,8.953125,-0.33203125,-3.875,0.001953125,-0.001953125,0.001953125,-176.18564667117323,-66.48164697211945,176.5039137580205,170.771484375,0.0001250038148136845,0.00037501144444105353
0.10642560400000889,8.07421875,-4.1796875,-3.61328125,-0.001953125,-0.001953125,-0.001953125,-130.7946378092188,-55.546644287314294,136.2233772159513,8.953125,-0.33203125,-3.875,0.001953125,-0.001953125,0.001953125,-176.18564667117323,-66.48164697211945,176.5039137580205,170.771484375,0.0001250038148136845,0.00037501144444105353
0.11136520100001235,8.07421875,-4.1796875,-3.61328125,-0.001953125,0.0,0.001953125,-130.800284704447,-55.55825053457908,136.22332754953004,8.953125,-0.29296875,-3.8359375,0.0,0.001953125,-0.00390625,-176.18752848419265,-66.47660562260828,176.50576762538154,170.771484375,0.0001250038148136845,0.000250007629627369
0.1399023980000038,8.07421875,-4.1796875,-3.61328125,-0.001953125,0.0,0.001953125,-130.800284704447,-55.55825053457908,136.22332754953004,8.953125,-0.29296875,-3.8359375,0.0,0.001953125,-0.00390625,-176.18752848419265,-66.47660562260828,176.50576762538154,170.771484375,0.00037501144444105353,0.000250007629627369
0.14514026099999455,8.109375,-4.1796875,-3.61328125,-0.001953125,0.0,0.001953125,-130.800284704447,-55.55825053457908,136.22332754953004,8.953125,-0.29296875,-3.8359375,0.0,0.001953125,-0.00390625,-176.18752848419265,-66.47660562260828,176.50576762538154,170.771484375,0.00037501144444105353,0.0001250038148136845
0.153828572000009,8.109375,-4.1796875,-3.61328125,-0.001953125,0.0,0.001953125,-130.800284704447,-55.55825053457908,136.22332754953004,8.953125,-0.29296875,-3.875,0.0,0.001953125,-0.00390625,-176.18752848419265,-66.47660562260828,176.50576762538154,170.771484375,0.000250007629627369,0.0001250038148136845
0.16316797199999655,8.109375,-4.1796875,-3.61328125,0.0,0.0,0.001953125,-130.79366942054648,-55.55676814911975,136.2217359503591,8.953125,-0.29296875,-3.875,0.0,0.001953125,-0.00390625,-176.18752848419265,-66.47660562260828,176.50576762538154,170.771484375,0.000250007629627369,0.0001250038148136845
0.18167890399999465,8.109375,-4.1796875,-3.61328125,0.0,0.0,0.001953125,-130.79366942054648,-55.55676814911975,136.2217359503591,8.953125,-0.29296875,-3.875,0.001953125,-0.001953125,0.0,-176.18752848419265,-66.47660562260828,176.50576762538154,170.771484375,0.0001250038148136845,0.0001250038148136845
0.20054582800000276,8.109375,-4.1796875,-3.61328125,0.0,0.0,0.001953125,-130.79366942054648,-55.55676814911975,136.2217359503591,8.953125,-0.29296875,-3.875,0.001953125,-0.001953125,0.0,-176.18752848419265,-66.47660562260828,176.50576762538154,170.771484375,0.0001250038148136845,0.00037501144444105353
0.20579885899999795,8.109375,-4.1796875,-3.61328125,0.0,0.0,0.001953125,-130.79366942054648,-55.55676814911975,136.2217359503591,8.953125,-0.29296875,-3.875,0.001953125,-0.001953125,0.0,-176.18752848419265,-66.47660562260828,176.50576762538154,170.771484375,0.000250007629627369,0.00037501144444105353
0.21072226499998692,8.0703125,-4.21875,-3.61328125,0.001953125,0.0,0.001953125,-130.800284704447,-55.55825053457908,136.22332754953004,8.953125,-0.33203125,-3.8359375,0.0,-0.001953125,0.001953125,-176.19709905875055,-66.4768002834313,176.5203903015098,170.771484375,0.000250007629627369,0.000250007629627369
0.24010004999999524,8.0703125,-4.21875,-3.61328125,0.001953125,0.0,0.001953125,-130.800284704447,-55.55825053457908,136.22332754953004,8.953125,-0.33203125,-3.8359375,0.0,-0.001953125,0.001953125,-176.19709905875055,-66.4768002834313,176.5203903015098,170.771484375,0.00037501144444105353,0.000250007629627369
0.2586733489999915,8.0703125,-4.21875,-3.61328125,0.001953125,0.0,0.001953125,-130.800284704447,-55.55825053457908,136.22332754953004,8.953125,-0.29296875,-3.875,0.0,-0.001953125,0.001953125,-176.19709905875055,-66.4768002834313,176.5203903015098,170.771484375,0.00037501144444105353,0.0001250038148136845
0.28999374500000386,8.07421875,-4.1796875,-3.61328125,-0.00390625,0.0,-0.001953125,-130.78546841478067,-55.56181482871671,136.20874342817513,8.921875,-0.29296875,-3.875,0.0,-0.001953125,-0.001953125,-176.17291146902696,-66.4764783451993,176.49620089999584,170.771484375,0.00037501144444105353,0.0001250038148136845
0.29993389899999556,8.07421875,-4.1796875,-3.61328125,-0.00390625,0.0,-0.001953125,-130.78546841478067,-55.56181482871671,136.20874342817513,8.921875,-0.29296875,-3.875,0.0,-0.001953125,-0.001953125,-176.17291146902696,-66.4764783451993,176.49620089999584,170.771484375,0.00037501144444105353,0.00037501144444105353
0.30449219400000516,8.07421875,-4.1796875,-3.61328125,-0.00390625,0.0,-0.001953125,-130.78546841478067,-55.56181482871671,136.20874342817513,8.921875,-0.29296875,-3.875,0.0,-0.001953125,-0.001953125,-176.17291146902696,-66.4764783451993,176.49620089999584,170.771484375,0.00037501144444105353,0.00037501144444105353
0.3179233710000062,8.07421875,-4.1796875,-3.61328125,-0.00390625,-0.001953125,0.0,-130.78546841478067,-55.56181482871671,136.20874342817513,8.921875,-0.29296875,-3.875,0.0,0.0,0.001953125,-176.17291146902696,-66.4764783451993,176.49620089999584,170.771484375,0.00037501144444105353,0.0001250038148136845
0.3406796449999945,8.109375,-4.1796875,-3.61328125,-0.00390625,-0.001953125,0.0,-130.78546841478067,-55.56181482871671,136.20874342817513,8.921875,-0.29296875,-3.875,0.0,0.0,0.001953125,-176.17291146902696,-66.4764783451993,176.49620089999584,170.771484375,0.0,0.0001250038148136845
0.35425949099999343,8.109375,-4.1796875,-3.61328125,-0.00390625,-0.001953125,0.0,-130.78546841478067,-55.56181482871671,136.20874342817513,8.921875,-0.29296875,-3.875,0.0,0.0,0.001953125,-176.17291146902696,-66.4764783451993,176.49620089999584,170.771484375,0.0,0.0006250190740684225
0.3595499930000017,8.109375,-4.1796875,-3.61328125,-0.00390625,-0.001953125,0.0,-130.78546841478067,-55.56181482871671,136.20874342817513,8.921875,-0.29296875,-3.875,0.0,0.0,0.001953125,-176.17291146902696,-66.4764783451993,176.49620089999584,170.771484375,0.0001250038148136845,0.0006250190740684225
0.3649731319999887,8.0703125,-4.21875,-3.61328125,-0.001953125,-0.001953125,-0.001953125,-130.80593288947364,-55.569860211110694,136.22328000686107,8.921875,-0.29296875,-3.8359375,-0.001953125,0.0,0.001953125,-176.13725031502705,-66.48099869566691,176.45551380643866,170.771484375,0.0001250038148136845,0.0001250038148136845
0.3932898850000015,8.0703125,-4.21875,-3.61328125,-0.001953125,-0.001953125,-0.001953125,-130.80593288947364,-55.569860211110694,136.22328000686107,8.921875,-0.29296875,-3.8359375,-0.001953125,0.0,0.001953125,-176.13725031502705,-66.48099869566691,176.45551380643866,170.771484375,0.00037501144444105353,0.0001250038148136845
0.39951255700000843,8.0703125,-4.21875,-3.61328125,-0.001953125,-0.001953125,-0.001953125,-130.80593288947364,-55.569860211110694,136.22328000686107,8.921875,-0.29296875,-3.8359375,-0.001953125,0.0,0.001953125,-176.13725031502705,-66.48099869566691,176.45551380643866,170.771484375,0.00037501144444105353,0.00037501144444105353
0.40557120099998656,8.0703125,-4.21875,-3.61328125,-0.001953125,-0.001953125,-0.001953125,-130.80593288947364,-55.569860211110694,136.22328000686107,8.921875,-0.29296875,-3.8359375,-0.001953125,0.0,0.001953125,-176.13725031502705,-66.48099869566691,176.45551380643866,170.771484375,0.000250007629627369,0.00037501144444105353
0.4199204370000018,8.0703125,-4.21875,-3.61328125,-0.001953125,0.0,-0.001953125,-130.79412819135703,-55.565569689059906,136.21764795109485,8.953125,-0.33203125,-3.8359375,0.0,0.0,0.0,-176.09650721905462,-66.48558085257766,176.41984792029862,170.771484375,0.000250007629627369,0.000250007629627369
0.44357045099999937,8.0703125,-4.21875,-3.61328125,-0.001953125,0.0,-0.001953125,-130.79412819135703,-55.565569689059906,136.21764795109485,8.953125,-0.33203125,-3.8359375,0.0,0.0,0.0,-176.09650721905462,-66.48558085257766,176.41984792029862,170.771484375,0.000250007629627369,0.000250007629627369
0.4530179120000071,8.0703125,-4.21875,-3.61328125,-0.001953125,0.0,-0.001953125,-130.79412819135703,-55.565569689059906,136.21764795109485,8.953125,-0.33203125,-3.8359375,0.0,0.0,0.0,-176.09650721905462,-66.48558085257766,176.41984792029862,170.771484375,0.000250007629627369,0.000250007629627369
0.4582802230000027,8.0703125,-4.21875,-3.61328125,-0.001953125,0.0,-0.001953125,-130.79412819135703,-55.565569689059906,136.21764795109485,8.953125,-0.33203125,-3.8359375,0.0,0.0,0.0,-176.09650721905462,-66.48558085257766,176.41984792029862,170.771484375,0.00037501144444105353,0.000250007629627369
0.4629949940000131,8.0703125,-4.21875,-3.61328125,0.0,0.0,0.001953125,-130.79412819135703,-55.565569689059906,136.21764795109485,8.921875,-0.29296875,-3.875,0.0,-0.001953125,-0.00390625,-176.05572906381764,-66.49015743099125,176.38414774708414,170.771484375,0.00037501144444105353,0.0
0.4907187370000088,8.0703125,-4.21875,-3.61328125,0.0,0.0,0.001953125,-130.79412819135703,-55.565569689059906,136.21764795109485,8.921875,-0.29296875,-3.875,0.0,-0.001953125,-0.00390625,-176.05572906381764,-66.49015743099125,176.38414774708414,170.771484375,0.000250007629627369,0.0
0.5048694820000037,8.0703125,-4.21875,-3.61328125,0.0,0.0,0.001953125,-130.79412819135703,-55.565569689059906,136.21764795109485,8.921875,-0.29296875,-3.875,0.0,-0.001953125,-0.00390625,-176.05572906381764,-66.49015743099125,176.38414774708414,170.771484375,0.0001250038148136845,0.0001250038148136845
0.5134462759999963,8.0703125,-4.21875,-3.61328125,-0.001953125,0.0,0.001953125,-130.7844998613841,-55.57194184561559,136.20710252716825,8.921875,-0.29296875,-3.875,0.0,-0.001953125,-0.00390625,-176.03138180307772,-66.50448433317666,176.35972905853393,170.771484375,0.0001250038148136845,0.0001250038148136845
0.5324595959999954,8.0703125,-4.21875,-3.61328125,-0.001953125,0.0,0.001953125,-130.7844998613841,-55.57194184561559,136.20710252716825,8.921875,-0.29296875,-3.875,0.0,-0.001953125,0.0,-176.03138180307772,-66.50448433317666,176.35972905853393,170.771484375,0.00037501144444105353,0.0001250038148136845
0.5511343969999984,8.0703125,-4.21875,-3.61328125,-0.001953125,0.0,0.001953125,-130.7844998613841,-55.57194184561559,136.20710252716825,8.921875,-0.29296875,-3.875,0.0,-0.001953125,0.0,-176.03138180307772,-66.50448433317666,176.35972905853393,170.771484375,0.00037501144444105353,0.00037501144444105353
0.5567501399999912,8.0703125,-4.21875,-3.61328125,-0.001953125,0.0,0.001953125,-130.7844998613841,-55.57194184561559,136.20710252716825,8.921875,-0.29296875,-3.875,0.0,-0.001953125,0.0,-176.03138180307772,-66.50448433317666,176.35972905853393,170.771484375,0.000250007629627369,0.00037501144444105353
0.5619050619999939,8.109375,-4.1796875,-3.61328125,-0.001953125,0.0,-0.001953125,-130.7844998613841,-55.57194184561559,136.20710252716825,8.921875,-0.29296875,-3.875,0.001953125,0.001953125,0.0,-176.00716773912032,-66.50414811749489,176.33551307173755,170.771484375,0.000250007629627369,0.0001250038148136845
0.590975952000008,8.109375,-4.1796875,-3.61328125,-0.001953125,0.0,-0.001953125,-130.7844998613841,-55.57194184561559,136.20710252716825,8.921875,-0.33203125,-3.875,0.001953125,0.001953125,0.0,-176.00716773912032,-66.50414811749489,176.33551307173755,170.771484375,0.0001250038148136845,0.0001250038148136845
0.6014781760000005,8.11328125,-4.21875,-3.61328125,-0.001953125,0.0,-0.001953125,-130.7844998613841,-55.57194184561559,136.20710252716825,8.921875,-0.33203125,-3.875,0.001953125,0.001953125,0.0,-176.00716773912032,-66.50414811749489,176.33551307173755,170.771484375,0.0001250038148136845,0.000250007629627369
0.6116991590000112,8.11328125,-4.21875,-3.61328125,-0.001953125,0.0,0.001953125,-130.7834275202412,-55.559542006600175,136.2014339103246,8.921875,-0.29296875,-3.8359375,0.001953125,0.001953125,0.0,-175.98282089672486,-66.51847878623201,176.31109478810228,170.771484375,0.000250007629627369,0.000250007629627369
0.6333572259999869,8.0703125,-4.21875,-3.61328125,-0.001953125,0.0,0.001953125,-130.7834275202412,-55.559542006600175,136.2014339103246,8.921875,-0.29296875,-3.8359375,0.0,0.001953125,0.001953125,-175.98282089672486,-66.51847878623201,176.31109478810228,170.771484375,0.000250007629627369,0.000500015259254738
0.6471910539999897,8.0703125,-4.21875,-3.61328125,-0.001953125,0.0,0.001953125,-130.7834275202412,-55.559542006600175,136.2014339103246,8.921875,-0.29296875,-3.8359375,0.0,0.001953125,0.001953125,-175.98282089672486,-66.51847878623201,176.31109478810228,170.771484375,0.0001250038148136845,0.000500015259254738
0.6527029609999886,8.0703125,-4.21875,-3.61328125,-0.001953125,0.0,0.001953125,-130.7834275202412,-55.559542006600175,136.2014339103246,8.921875,-0.29296875,-3.8359375,0.0,0.001953125,0.001953125,-175.98282089672486,-66.51847878623201,176.31109478810228,170.771484375,0.0001250038148136845,0.000500015259254738
0.6578743949999932,8.0703125,-4.21875,-3.61328125,-0.001953125,0.0,-0.001953125,-130.78907347602447,-55.571152064874354,136.2013845185169,8.921875,-0.29296875,-3.8359375,0.0,0.001953125,0.001953125,-175.95674656494836,-66.50850856610435,176.28511683967528,170.771484375,0.0001250038148136845,0.000500015259254738
0.680544470000001,8.0703125,-4.21875,-3.61328125,-0.001953125,0.0,-0.001953125,-130.78907347602447,-55.571152064874354,136.2013845185169,8.921875,-0.29296875,-3.875,0.005859375,-0.001953125,0.0,-175.95674656494836,-66.50850856610435,176.28511683967528,170.771484375,0.0001250038148136845,0.000250007629627369
0.6952099920000023,8.07421875,-4.1796875,-3.61328125,-0.001953125,0.0,-0.001953125,-130.78907347602447,-55.571152064874354,136.2013845185169,8.921875,-0.29296875,-3.875,0.005859375,-0.001953125,0.0,-175.95674656494836,-66.50850856610435,176.28511683967528,170.771484375,0.00037501144444105353,0.000250007629627369
0.7054399980000028,8.07421875,-4.1796875,-3.61328125,-0.001953125,0.0,-0.001953125,-130.78907347602447,-55.571152064874354,136.2013845185169,8.921875,-0.29296875,-3.875,0.005859375,-0.001953125,0.0,-175.95674656494836,-66.50850856610435,176.28511683967528,170.771484375,0.00037501144444105353,0.00037501144444105353
0.7110820139999987,8.07421875,-4.1796875,-3.61328125,-0.001953125,0.0,0.001953125,-130.7900426251051,-55.56102525156286,136.2030247409165,8.953125,-0.29296875,-3.875,0.001953125,0.0,-0.001953125,-175.94197675030162,-66.52304319743034,176.27532704284997,170.771484375,0.00037501144444105353,0.00037501144444105353
0.7390637439999921,8.07421875,-4.1796875,-3.61328125,-0.001953125,0.0,0.001953125,-130.7900426251051,-55.56102525156286,136.2030247409165,8.953125,-0.29296875,-3.875,0.001953125,0.0,-0.001953125,-175.94197675030162,-66.52304319743034,176.27532704284997,170.771484375,0.00037501144444105353,0.00037501144444105353
0.7480895539999892,8.07421875,-4.1796875,-3.61328125,-0.001953125,0.0,0.001953125,-130.7900426251051,-55.56102525156286,136.2030247409165,8.953125,-0.29296875,-3.875,0.001953125,0.0,-0.001953125,-175.94197675030162,-66.52304319743034,176.27532704284997,170.771484375,0.0,0.00037501144444105353
0.7527505360000077,8.07421875,-4.1796875,-3.61328125,-0.001953125,0.0,0.001953125,-130.7900426251051,-55.56102525156286,136.2030247409165,8.921875,-0.29296875,-3.875,0.001953125,0.0,-0.001953125,-175.94197675030162,-66.52304319743034,176.27532704284997,170.771484375,0.0,0.000500015259254738
0.7621822570000063,8.07421875,-4.21875,-3.57421875,0.0,0.0,0.001953125,-130.78245863050623,-55.56966843749385,136.19979341069396,8.921875,-0.29296875,-3.875,0.001953125,0.0,-0.001953125,-175.9273431771924,-66.52290711015385,176.26574298202098,170.771484375,0.000250007629627369,0.000500015259254738
0.7829297520000011,8.07421875,-4.21875,-3.57421875,0.0,0.0,0.001953125,-130.78245863050623,-55.56966843749385,136.19979341069396,8.953125,-0.29296875,-3.8359375,0.001953125,-0.001953125,0.001953125,-175.9273431771924,-66.52290711015385,176.26574298202098,170.771484375,0.000250007629627369,0.000500015259254738
0.7966638069999874,8.0703125,-4.21875,-3.61328125,0.0,0.0,0.001953125,-130.78245863050623,-55.56966843749385,136.19979341069396,8.953125,-0.29296875,-3.8359375,0.001953125,-0.001953125,0.001953125,-175.9273431771924,-66.52290711015385,176.26574298202098,170.771484375,0.000250007629627369,0.000500015259254738
0.8062077490000092,8.0703125,-4.21875,-3.61328125,0.0,0.0,0.001953125,-130.78245863050623,-55.56966843749385,136.19979341069396,8.953125,-0.29296875,-3.8359375,0.001953125,-0.001953125,0.001953125,-175.9273431771924,-66.52290711015385,176.26574298202098,170.771484375,0.000250007629627369,0.000500015259254738
0.8116251300000101,8.11328125,-4.21875,-3.61328125,0.0,-0.001953125,-0.001953125,-130.78245863050623,-55.56966843749385,136.19979341069396,8.953125,-0.29296875,-3.8359375,-0.00390625,-0.001953125,0.0,-175.90123444288804,-66.51292976106053,176.23973360956123,170.771484375,0.000250007629627369,0.000500015259254738
0.8416326699999956,8.11328125,-4.21875,-3.61328125,0.0,-0.001953125,-0.001953125,-130.78245863050623,-55.56966843749385,136.19979341069396,8.953125,-0.29296875,-3.8359375,-0.00390625,-0.001953125,0.0,-175.90123444288804,-66.51292976106053,176.23973360956123,170.771484375,0.000250007629627369,0.000250007629627369
0.846749353000007,8.11328125,-4.21875,-3.61328125,0.0,-0.001953125,-0.001953125,-130.78245863050623,-55.56966843749385,136.19979341069396,8.921875,-0.29296875,-3.875,-0.00390625,-0.001953125,0.0,-175.90123444288804,-66.51292976106053,176.23973360956123,170.771484375,0.0001250038148136845,0.000250007629627369
0.855374084999994,8.07421875,-4.1796875,-3.61328125,0.0,-0.001953125,-0.001953125,-130.78245863050623,-55.56966843749385,136.19979341069396,8.921875,-0.29296875,-3.875,-0.00390625,-0.001953125,0.0,-175.90123444288804,-66.51292976106053,176.23973360956123,170.771484375,0.0001250038148136845,0.000500015259254738
0.8649270509999951,8.07421875,-4.1796875,-3.61328125,0.001953125,0.0,0.001953125,-130.7834275202412,-55.559542006600175,136.2014339103246,8.921875,-0.29296875,-3.875,-0.00390625,0.0,0.0,-175.89164301371653,-66.51272089334107,176.22508918161802,170.771484375,0.000250007629627369,0.000500015259254738
0.8914091030000009,8.07421875,-4.1796875,-3.61328125,0.001953125,0.0,0.001953125,-130.7834275202412,-55.559542006600175,136.2014339103246,8.921875,-0.29296875,-3.875,-0.00390625,0.0,0.0,-175.89164301371653,-66.51272089334107,176.22508918161802,170.771484375,0.000250007629627369,0.000500015259254738
0.902219897000009,8.07421875,-4.1796875,-3.61328125,0.001953125,0.0,0.001953125,-130.7834275202412,-55.559542006600175,136.2014339103246,8.921875,-0.29296875,-3.875,-0.00390625,0.0,0.0,-175.89164301371653,-66.51272089334107,176.22508918161802,170.771484375,0.00037501144444105353,0.000500015259254738
0.9077814659999888,8.07421875,-4.1796875,-3.61328125,0.001953125,0.0,0.001953125,-130.7834275202412,-55.559542006600175,136.2014339103246,8.921875,-0.29296875,-3.875,-0.00390625,0.0,0.0,-175.89164301371653,-66.51272089334107,176.22508918161802,170.771484375,0.00037501144444105353,0.00037501144444105353
0.916689679000001,8.07421875,-4.1796875,-3.61328125,0.0,0.0,0.0,-130.7844998613841,-55.57194184561559,136.20710252716825,8.921875,-0.29296875,-3.875,0.0,0.0,0.001953125,-175.8768670829505,-66.52725477002522,176.2152924968226,170.771484375,0.0001250038148136845,0.00037501144444105353
0.9391192479999972,8.07421875,-4.1796875,-3.61328125,0.0,0.0,0.0,-130.7844998613841,-55.57194184561559,136.20710252716825,8.953125,-0.29296875,-3.875,0.0,0.0,0.001953125,-175.8768670829505,-66.52725477002522,176.2152924968226,170.771484375,0.0001250038148136845,0.000500015259254738
0.9473886270000094,8.11328125,-4.21875,-3.61328125,0.0,0.0,0.0,-130.7844998613841,-55.57194184561559,136.20710252716825,8.953125,-0.29296875,-3.875,0.0,0.0,0.001953125,-175.8768670829505,-66.52725477002522,176.2152924968226,170.771484375,0.0001250038148136845,0.000500015259254738
0.9565641300000038,8.11328125,-4.21875,-3.61328125,0.0,0.0,0.0,-130.7844998613841,-55.57194184561559,136.20710252716825,8.953125,-0.29296875,-3.875,0.0,0.0,0.001953125,-175.8768670829505,-66.52725477002522,176.2152924968226,170.771484375,0.0001250038148136845,0.00037501144444105353
0.9622650560000068,8.11328125,-4.21875,-3.61328125,0.0,0.0,-0.001953125,-130.7844998613841,-55.57194184561559,136.20710252716825,8.921875,-0.29296875,-3.8359375,0.0,0.0,0.001953125,-175.86222958688063,-66.52711651624996,176.2057048370428,170.771484375,0.000250007629627369,0.00037501144444105353
0.9842134840000085,8.11328125,-4.21875,-3.61328125,0.0,0.0,-0.001953125,-130.7844998613841,-55.57194184561559,136.20710252716825,8.921875,-0.29296875,-3.8359375,0.0,-0.00390625,0.0,-175.86222958688063,-66.52711651624996,176.2057048370428,170.771484375,0.000250007629627369,0.00037501144444105353
0.9975824269999976,8.11328125,-4.21875,-3.61328125,0.0,0.0,-0.001953125,-130.7844998613841,-55.57194184561559,136.20710252716825,8.921875,-0.29296875,-3.8359375,0.0,-0.00390625,0.0,-175.86222958688063,-66.52711651624996,176.2057048370428,170.771484375,0.000250007629627369,0.00037501144444105353
1.0026317200000108,8.11328125,-4.21875,-3.61328125,0.0,0.0,-0.001953125,-130.7844998613841,-55.57194184561559,136.20710252716825,8.953125,-0.29296875,-3.8359375,0.0,-0.00390625,0.0,-175.86222958688063,-66.52711651624996,176.2057048370428,170.771484375,0.000250007629627369,0.000500015259254738
1.0127778560000138,8.0703125,-4.21875,-3.61328125,-0.00390625,-0.001953125,0.001953125,-130.78245863050623,-55.56966843749385,136.19979341069396,8.953125,-0.29296875,-3.8359375,0.0,-0.00390625,0.0,-175.85277736958756,-66.51223354214295,176.19127242446635,170.771484375,0.0001250038148136845,0.000500015259254738
1.0328365350000013,8.0703125,-4.21875,-3.61328125,-0.00390625,-0.001953125,0.001953125,-130.78245863050623,-55.56966843749385,136.19979341069396,8.953125,-0.29296875,-3.875,0.0,0.0,-0.001953125,-175.85277736958756,-66.51223354214295,176.19127242446635,170.771484375,0.0001250038148136845,0.00037501144444105353
1.0466132770000058,8.0703125,-4.21875,-3.65234375,-0.00390625,-0.001953125,0.001953125,-130.78245863050623,-55.56966843749385,136.19979341069396,8.953125,-0.29296875,-3.875,0.0,0.0,-0.001953125,-175.85277736958756,-66.51223354214295,176.19127242446635,170.771484375,0.00037501144444105353,0.00037501144444105353
1.055462771000009,8.0703125,-4.21875,-3.65234375,-0.00390625,-0.001953125,0.001953125,-130.78245863050623,-55.56966843749385,136.19979341069396,8.953125,-0.29296875,-3.875,0.0,0.0,-0.001953125,-175.85277736958756,-66.51223354214295,176.19127242446635,170.771484375,0.00037501144444105353,0.00037501144444105353
1.0607347790000006,8.0703125,-4.21875,-3.65234375,-0.00390625,-0.001953125,0.001953125,-130.78245863050623,-55.56966843749385,136.19979341069396,8.953125,-0.29296875,-3.875,0.0,0.0,-0.001953125,-175.85277736958756,-66.51223354214295,176.19127242446635,170.771484375,0.0001250038148136845,0.00037501144444105353
1.0654977110000061,8.0703125,-4.21875,-3.61328125,0.0,0.0,-0.001953125,-130.7834275202412,-55.559542006600175,136.2014339103246,8.921875,-0.29296875,-3.8359375,0.001953125,0.0,0.001953125,-175.85277736958756,-66.51223354214295,176.19127242446635,170.771484375,0.0001250038148136845,0.0001250038148136845
1.0927101460000017,8.0703125,-4.21875,-3.61328125,0.0,0.0,-0.001953125,-130.7834275202412,-55.559542006600175,136.2014339103246,8.921875,-0.29296875,-3.8359375,0.001953125,0.0,0.001953125,-175.85277736958756,-66.51223354214295,176.19127242446635,170.771484375,0.0,0.0001250038148136845
1.0979968100000121,8.0703125,-4.21875,-3.61328125,0.0,0.0,-0.001953125,-130.7834275202412,-55.559542006600175,136.2014339103246,8.921875,-0.29296875,-3.875,0.001953125,0.0,0.001953125,-175.85277736958756,-66.51223354214295,176.19127242446635,170.771484375,0.0,0.000250007629627369
1.1072747739999897,8.11328125,-4.21875,-3.65234375,0.0,0.0,-0.001953125,-130.78245863050623,-55.56966843749385,136.19979341069396,8.921875,-0.29296875,-3.875,0.001953125,0.0,0.001953125,-175.85277736958756,-66.51223354214295,176.19127242446635,170.771484375,0.000250007629627369,0.000250007629627369
1.1242822910000143,8.11328125,-4.21875,-3.65234375,0.0,0.0,-0.001953125,-130.78245863050623,-55.56966843749385,136.19979341069396,8.921875,-0.29296875,-3.875,0.001953125,0.001953125,0.001953125,-175.85277736958756,-66.51223354214295,176.19127242446635,170.771484375,0.000250007629627369,0.0001250038148136845
1.1425672819999875,8.109375,-4.1796875,-3.61328125,0.0,0.0,-0.001953125,-130.78245863050623,-55.56966843749385,136.19979341069396,8.921875,-0.29296875,-3.875,0.001953125,0.001953125,0.001953125,-175.85277736958756,-66.51223354214295,176.19127242446635,170.771484375,0.000250007629627369,0.0001250038148136845
1.1525933570000007,8.109375,-4.1796875,-3.61328125,0.0,0.0,-0.001953125,-130.78245863050623,-55.56966843749385,136.19979341069396,8.921875,-0.29296875,-3.875,0.001953125,0.001953125,0.001953125,-175.85277736958756,-66.51223354214295,176.19127242446635,170.771484375,0.000250007629627369,0.00037501144444105353
1.1578607570000088,8.109375,-4.1796875,-3.61328125,0.0,0.0,-0.001953125,-130.78245863050623,-55.56966843749385,136.19979341069396,8.953125,-0.29296875,-3.875,0.001953125,0.001953125,0.001953125,-175.85277736958756,-66.51223354214295,176.19127242446635,170.771484375,0.0001250038148136845,0.00037501144444105353
1.167254559000014,8.07421875,-4.1796875,-3.61328125,-0.001953125,-0.001953125,-0.001953125,-130.7686060216292,-55.56310490813467,136.18684420247683,8.953125,-0.29296875,-3.875,0.0,-0.001953125,0.001953125,-175.8284116327853,-66.52655386346186,176.16683291765415,170.771484375,0.0001250038148136845,0.000500015259254738
1.1894273659999897,8.07421875,-4.1796875,-3.61328125,-0.001953125,-0.001953125,-0.001953125,-130.7686060216292,-55.56310490813467,136.18684420247683,8.953125,-0.29296875,-3.875,0.0,-0.001953125,0.001953125,-175.8284116327853,-66.52655386346186,176.16683291765415,170.771484375,0.0001250038148136845,0.000500015259254738
1.2037421109999968,8.07421875,-4.1796875,-3.61328125,-0.001953125,-0.001953125,-0.001953125,-130.7686060216292,-55.56310490813467,136.18684420247683,8.953125,-0.29296875,-3.8359375,0.0,-0.001953125,0.001953125,-175.8284116327853,-66.52655386346186,176.16683291765415,170.771484375,0.000250007629627369,0.000250007629627369
1.2133727080000085,8.07421875,-4.1796875,-3.61328125,0.001953125,-0.001953125,-0.001953125,-130.7619935680809,-55.561621584657985,136.1852559084,8.921875,-0.29296875,-3.8359375,-0.001953125,-0.001953125,0.0,-175.83345753001825,-66.5264831308688,176.16177714740928,170.771484375,0.000250007629627369,0.0001250038148136845
1.2412675280000087,8.07421875,-4.1796875,-3.61328125,0.001953125,-0.001953125,-0.001953125,-130.7619935680809,-55.561621584657985,136.1852559084,8.921875,-0.29296875,-3.8359375,-0.001953125,-0.001953125,0.0,-175.83345753001825,-66.5264831308688,176.16177714740928,170.771484375,0.00037501144444105353,0.0001250038148136845
1.250597139000007,8.07421875,-4.1796875,-3.61328125,0.001953125,-0.001953125,-0.001953125,-130.7619935680809,-55.561621584657985,136.1852559084,8.921875,-0.29296875,-3.8359375,-0.001953125,-0.001953125,0.0,-175.83345753001825,-66.5264831308688,176.16177714740928,170.771484375,0.00037501144444105353,0.000250007629627369
1.255071020999992,8.07421875,-4.1796875,-3.61328125,0.001953125,-0.001953125,-0.001953125,-130.7619935680809,-55.561621584657985,136.1852559084,8.921875,-0.29296875,-3.8359375,-0.001953125,-0.001953125,0.0,-175.83345753001825,-66.5264831308688,176.16177714740928,170.771484375,0.00037501144444105353,0.000250007629627369
1.2650193380000019,8.07421875,-4.1796875,-3.61328125,0.0,0.0,-0.001953125,-130.7619935680809,-55.561621584657985,136.1852559084,8.921875,-0.29296875,-3.8359375,-0.001953125,-0.001953125,0.0,-175.83345753001825,-66.5264831308688,176.16177714740928,170.771484375,0.00037501144444105353,0.000250007629627369
1.284322417999988,8.07421875,-4.1796875,-3.61328125,0.0,0.0,-0.001953125,-130.7619935680809,-55.561621584657985,136.1852559084,8.953125,-0.29296875,-3.8359375,0.0,0.0,0.0,-175.83345753001825,-66.5264831308688,176.16177714740928,170.771484375,0.0001250038148136845,0.000250007629627369
1.2979787149999993,8.07421875,-4.1796875,-3.61328125,0.0,0.0,-0.001953125,-130.7619935680809,-55.561621584657985,136.1852559084,8.953125,-0.29296875,-3.8359375,0.0,0.0,0.0,-175.83345753001825,-66.5264831308688,176.16177714740928,170.771484375,0.0001250038148136845,0.000250007629627369
1.3031390449999947,8.07421875,-4.1796875,-3.61328125,0.0,0.0,-0.001953125,-130.7619935680809,-55.561621584657985,136.1852559084,8.953125,-0.29296875,-3.8359375,0.0,0.0,0.0,-175.83345753001825,-66.5264831308688,176.16177714740928,170.771484375,0.000250007629627369,0.000250007629627369
1.3131995839999888,8.07421875,-4.1796875,-3.61328125,0.001953125,0.0,-0.001953125,-130.7676371887174,-55.57323150261305,136.18520370068802,8.921875,-0.29296875,-3.875,0.001953125,0.0,0.0,-175.83345753001825,-66.5264831308688,176.16177714740928,170.771484375,0.000250007629627369,0.000250007629627369
1.3424497649999978,8.07421875,-4.1796875,-3.65234375,0.001953125,0.0,-0.001953125,-130.7676371887174,-55.57323150261305,136.18520370068802,8.953125,-0.29296875,-3.875,0.001953125,0.0,0.0,-175.83345753001825,-66.5264831308688,176.16177714740928,170.771484375,0.0001250038148136845,0.000250007629627369
1.356525796999989,8.07421875,-4.1796875,-3.65234375,0.001953125,0.0,-0.001953125,-130.7676371887174,-55.57323150261305,136.18520370068802,8.953125,-0.29296875,-3.875,0.001953125,0.0,0.0,-175.83345753001825,-66.5264831308688,176.16177714740928,170.771484375,0.0001250038148136845,0.000500015259254738
1.3618453869999882,8.0703125,-4.21875,-3.61328125,-0.00390625,0.0,0.001953125,-130.7686060216292,-55.56310490813467,136.18684420247683,8.953125,-0.29296875,-3.875,0.001953125,0.0,0.0,-175.80923257089526,-66.52612947091963,176.13755016740157,170.771484375,0.000250007629627369,0.000500015259254738
1.3797017800000049,8.0703125,-4.21875,-3.61328125,-0.00390625,0.0,0.001953125,-130.7686060216292,-55.56310490813467,136.18684420247683,8.953125,-0.29296875,-3.875,-0.001953125,0.001953125,0.0,-175.80923257089526,-66.52612947091963,176.13755016740157,170.771484375,0.000250007629627369,0.0
1.393183553,8.0703125,-4.21875,-3.61328125,-0.00390625,0.0,0.001953125,-130.7686060216292,-55.56310490813467,136.18684420247683,8.953125,-0.29296875,-3.875,-0.001953125,0.001953125,0.0,-175.80923257089526,-66.52612947091963,176.13755016740157,170.771484375,0.000250007629627369,0.0
1.3985532540000065,8.0703125,-4.21875,-3.61328125,-0.00390625,0.0,0.001953125,-130.7686060216292,-55.56310490813467,136.18684420247683,8.953125,-0.29296875,-3.875,-0.001953125,0.001953125,0.0,-175.80923257089526,-66.52612947091963,176.13755016740157,170.771484375,0.000250007629627369,0.000500015259254738
1.4077761480000106,8.0703125,-4.21875,-3.61328125,-0.00390625,0.0,0.001953125,-130.7686060216292,-55.56310490813467,136.18684420247683,8.953125,-0.29296875,-3.875,-0.001953125,0.001953125,0.0,-175.80923257089526,-66.52612947091963,176.13755016740157,170.771484375,0.00037501144444105353,0.000500015259254738
1.4133514449999893,8.0703125,-4.21875,-3.61328125,0.0,0.001953125,0.0,-130.7686060216292,-55.56310490813467,136.18684420247683,8.953125,-0.29296875,-3.8359375,0.0,0.001953125,0.0,-175.80909043198486,-66.54080951351483,176.13733847675044,170.771484375,0.00037501144444105353,0.0
1.442573594999999,8.11328125,-4.21875,-3.61328125,0.0,0.001953125,0.0,-130.7686060216292,-55.56310490813467,136.18684420247683,8.921875,-0.29296875,-3.8359375,0.0,0.001953125,0.0,-175.80909043198486,-66.54080951351483,176.13733847675044,170.771484375,0.000250007629627369,0.0
1.4566617860000122,8.11328125,-4.21875,-3.61328125,0.0,0.001953125,0.0,-130.7686060216292,-55.56310490813467,136.18684420247683,8.921875,-0.29296875,-3.8359375,0.0,0.001953125,0.0,-175.80909043198486,-66.54080951351483,176.13733847675044,170.771484375,0.000250007629627369,0.00037501144444105353
1.4625800510000033,8.109375,-4.1796875,-3.61328125,0.0,0.0,0.0,-130.78245863050623,-55.56966843749385,136.19979341069396,8.921875,-0.29296875,-3.8359375,-0.001953125,0.0,0.0,-175.80715634713124,-66.53116799199698,176.13550274890238,170.771484375,0.000250007629627369,0.00037501144444105353
1.4922253269999999,8.109375,-4.1796875,-3.61328125,0.0,0.0,0.0,-130.78245863050623,-55.56966843749385,136.19979341069396,8.921875,-0.29296875,-3.8359375,-0.001953125,0.0,0.0,-175.80715634713124,-66.53116799199698,176.13550274890238,170.771484375,0.000250007629627369,0.000250007629627369
1.50602034100001,8.07421875,-4.1796875,-3.61328125,0.0,0.0,0.0,-130.78245863050623,-55.56966843749385,136.19979341069396,8.921875,-0.29296875,-3.875,-0.001953125,0.0,0.0,-175.80715634713124,-66.53116799199698,176.13550274890238,170.771484375,0.0,0.0001250038148136845
1.5150603909999916,8.109375,-4.1796875,-3.61328125,0.0,-0.001953125,0.001953125,-130.78245863050623,-55.56966843749385,136.19979341069396,8.921875,-0.29296875,-3.875,0.00390625,0.0,0.0,-175.80715634713124,-66.53116799199698,176.13550274890238,170.771484375,0.000250007629627369,0.0001250038148136845
1.54638018899999,8.109375,-4.1796875,-3.61328125,0.0,-0.001953125,0.001953125,-130.78245863050623,-55.56966843749385,136.19979341069396,8.921875,-0.29296875,-3.875,0.00390625,0.0,0.0,-175.80715634713124,-66.53116799199698,176.13550274890238,170.771484375,0.000250007629627369,0.0001250038148136845
1.551705763000001,8.109375,-4.1796875,-3.61328125,0.0,-0.001953125,0.001953125,-130.78245863050623,-55.56966843749385,136.19979341069396,8.921875,-0.29296875,-3.875,0.00390625,0.0,0.0,-175.80715634713124,-66.53116799199698,176.13550274890238,170.771484375,0.00037501144444105353,0.0001250038148136845
1.565759302999993,8.0703125,-4.21875,-3.61328125,0.001953125,0.0,0.001953125,-130.7686060216292,-55.56310490813467,136.18684420247683,8.921875,-0.29296875,-3.8359375,0.0,0.0,0.0,-175.80701413593894,-66.54584993731011,176.13529095054133,170.771484375,0.000250007629627369,0.000250007629627369
1.5930491850000124,8.07421875,-4.1796875,-3.65234375,0.001953125,0.0,0.001953125,-130.7686060216292,-55.56310490813467,136.18684420247683,8.921875,-0.29296875,-3.8359375,0.0,0.0,0.0,-175.80701413593894,-66.54584993731011,176.13529095054133,170.771484375,0.000250007629627369,0.000250007629627369
1.6032528920000004,8.07421875,-4.1796875,-3.65234375,0.001953125,0.0,0.001953125,-130.7686060216292,-55.56310490813467,136.18684420247683,8.921875,-0.29296875,-3.8359375,0.0,0.0,0.0,-175.80701413593894,-66.54584993731011,176.13529095054133,170.771484375,0.00037501144444105353,0.000250007629627369
1.613605586999995,8.0703125,-4.21875,-3.61328125,0.001953125,0.0,0.0,-130.7619935680809,-55.561621584657985,136.1852559084,8.921875,-0.29296875,-3.8359375,0.0,0.0,0.0,-175.8197261497794,-66.53634798238691,176.14305066835743,170.771484375,0.00037501144444105353,0.0001250038148136845
1.6339892560000067,8.0703125,-4.21875,-3.61328125,0.001953125,0.0,0.0,-130.7619935680809,-55.561621584657985,136.1852559084,8.921875,-0.29296875,-3.8359375,-0.00390625,0.0,-0.001953125,-175.8197261497794,-66.53634798238691,176.14305066835743,170.771484375,0.00037501144444105353,0.0001250038148136845
1.647948207000013,8.0703125,-4.21875,-3.61328125,0.001953125,0.0,0.0,-130.7619935680809,-55.561621584657985,136.1852559084,8.921875,-0.29296875,-3.8359375,-0.00390625,0.0,-0.001953125,-175.8197261497794,-66.53634798238691,176.14305066835743,170.771484375,0.00037501144444105353,0.00037501144444105353
1.6533157979999942,8.0703125,-4.21875,-3.61328125,0.001953125,0.0,0.0,-130.7619935680809,-55.561621584657985,136.1852559084,8.921875,-0.29296875,-3.8359375,-0.00390625,0.0,-0.001953125,-175.8197261497794,-66.53634798238691,176.14305066835743,170.771484375,0.0001250038148136845,0.00037501144444105353
1.6637279800000044,8.0703125,-4.21875,-3.61328125,-0.001953125,0.001953125,0.00390625,-130.76102499452233,-55.57174779667681,136.18361512955235,8.953125,-0.29296875,-3.8359375,0.005859375,0.001953125,0.0,-175.81958386091046,-66.551031914885,176.1428398260874,170.771484375,0.0001250038148136845,0.000250007629627369
1.6931061349999936,8.109375,-4.1796875,-3.61328125,-0.001953125,0.001953125,0.00390625,-130.76102499452233,-55.57174779667681,136.18361512955235,8.953125,-0.29296875,-3.875,0.005859375,0.001953125,0.0,-175.81958386091046,-66.551031914885,176.1428398260874,170.771484375,0.00037501144444105353,0.000250007629627369
1.7070354539999926,8.109375,-4.1796875,-3.61328125,-0.001953125,0.001953125,0.00390625,-130.76102499452233,-55.57174779667681,136.18361512955235,8.953125,-0.29296875,-3.875,0.005859375,0.001953125,0.0,-175.81958386091046,-66.551031914885,176.1428398260874,170.771484375,0.00037501144444105353,0.000250007629627369
1.7125771530000122,8.11328125,-4.21875,-3.65234375,-0.00390625,-0.001953125,0.001953125,-130.7686060216292,-55.56310490813467,136.18684420247683,8.921875,-0.29296875,-3.8359375,0.005859375,0.001953125,0.0,-175.843835489358,-66.5513848564022,176.1670934405341,170.771484375,0.000250007629627369,0.000250007629627369
1.7363891939999974,8.11328125,-4.21875,-3.65234375,-0.00390625,-0.001953125,0.001953125,-130.7686060216292,-55.56310490813467,136.18684420247683,8.921875,-0.29296875,-3.8359375,0.001953125,0.0,-0.001953125,-175.843835489358,-66.5513848564022,176.1670934405341,170.771484375,0.000250007629627369,0.000500015259254738
1.746121871000014,8.11328125,-4.21875,-3.65234375,-0.00390625,-0.001953125,0.001953125,-130.7686060216292,-55.56310490813467,136.18684420247683,8.921875,-0.29296875,-3.8359375,0.001953125,0.0,-0.001953125,-175.843835489358,-66.5513848564022,176.1670934405341,170.771484375,0.0001250038148136845,0.000500015259254738
1.7513159940000094,8.109375,-4.1796875,-3.61328125,-0.00390625,-0.001953125,0.001953125,-130.7686060216292,-55.56310490813467,136.18684420247683,8.921875,-0.29296875,-3.8359375,0.001953125,0.0,-0.001953125,-175.843835489358,-66.5513848564022,176.1670934405341,170.771484375,0.0001250038148136845,0.0006250190740684225
1.7600467420000143,8.109375,-4.1796875,-3.61328125,-0.00390625,-0.001953125,0.001953125,-130.7686060216292,-55.56310490813467,136.18684420247683,8.953125,-0.29296875,-3.8359375,0.001953125,0.0,-0.001953125,-175.843835489358,-66.5513848564022,176.1670934405341,170.771484375,0.000250007629627369,0.0006250190740684225
1.768629973000003,8.109375,-4.1796875,-3.61328125,-0.001953125,0.0,0.001953125,-130.7676371887174,-55.57323150261305,136.18520370068802,8.953125,-0.29296875,-3.8359375,0.001953125,0.0,-0.001953125,-175.84177397662478,-66.55642313348446,176.165060293,170.771484375,0.000250007629627369,0.000250007629627369
1.7862152090000052,8.109375,-4.1796875,-3.61328125,-0.001953125,0.0,0.001953125,-130.7676371887174,-55.57323150261305,136.18520370068802,8.953125,-0.29296875,-3.8359375,0.0,0.0,-0.00390625,-175.84177397662478,-66.55642313348446,176.165060293,170.771484375,0.0001250038148136845,0.000250007629627369
1.8038718679999874,8.109375,-4.1796875,-3.61328125,-0.001953125,0.0,0.001953125,-130.7676371887174,-55.57323150261305,136.18520370068802,8.953125,-0.29296875,-3.8359375,0.0,0.0,-0.00390625,-175.84177397662478,-66.55642313348446,176.165060293,170.771484375,0.0001250038148136845,0.00037501144444105353
1.8094133120000038,8.109375,-4.1796875,-3.61328125,-0.001953125,0.0,0.001953125,-130.7676371887174,-55.57323150261305,136.18520370068802,8.953125,-0.29296875,-3.8359375,0.0,0.0,-0.00390625,-175.84177397662478,-66.55642313348446,176.165060293,170.771484375,0.000250007629627369,0.00037501144444105353
1.8142882740000061,8.0703125,-4.21875,-3.61328125,-0.001953125,-0.001953125,0.0,-130.77522024581742,-55.56458828762016,136.1884339760972,8.921875,-0.29296875,-3.8359375,0.001953125,0.001953125,0.0,-175.8269773288801,-66.57097614471712,176.1552440983905,170.771484375,0.000250007629627369,0.000250007629627369
1.8430594989999918,8.0703125,-4.21875,-3.61328125,-0.001953125,-0.001953125,0.0,-130.77522024581742,-55.56458828762016,136.1884339760972,8.921875,-0.29296875,-3.8359375,0.001953125,0.001953125,0.0,-175.8269773288801,-66.57097614471712,176.1552440983905,170.771484375,0.000250007629627369,0.000250007629627369
1.848243445999998,8.0703125,-4.21875,-3.61328125,-0.001953125,-0.001953125,0.0,-130.77522024581742,-55.56458828762016,136.1884339760972,8.921875,-0.29296875,-3.8359375,0.001953125,0.001953125,0.0,-175.8269773288801,-66.57097614471712,176.1552440983905,170.771484375,0.000250007629627369,0.00037501144444105353
1.8570433769999966,8.0703125,-4.21875,-3.61328125,-0.001953125,-0.001953125,0.0,-130.77522024581742,-55.56458828762016,136.1884339760972,8.921875,-0.29296875,-3.8359375,0.001953125,0.001953125,0.0,-175.8269773288801,-66.57097614471712,176.1552440983905,170.771484375,0.00037501144444105353,0.00037501144444105353
1.866504443999986,8.0703125,-4.21875,-3.61328125,-0.00390625,0.0,0.001953125,-130.78907347602447,-55.571152064874354,136.2013845185169,8.921875,-0.29296875,-3.8359375,0.001953125,0.001953125,0.0,-175.8103875661244,-66.56117695931947,176.14380333353157,170.771484375,0.00037501144444105353,0.00037501144444105353
1.8843648419999965,8.07421875,-4.1796875,-3.61328125,-0.00390625,0.0,0.001953125,-130.78907347602447,-55.571152064874354,136.2013845185169,8.921875,-0.29296875,-3.875,0.0,0.0,0.001953125,-175.8103875661244,-66.56117695931947,176.14380333353157,170.771484375,0.0001250038148136845,0.00037501144444105353
1.9029114649999883,8.07421875,-4.1796875,-3.61328125,-0.00390625,0.0,0.001953125,-130.78907347602447,-55.571152064874354,136.2013845185169,8.921875,-0.29296875,-3.875,0.0,0.0,0.001953125,-175.8103875661244,-66.56117695931947,176.14380333353157,170.771484375,0.0001250038148136845,0.0006250190740684225
1.9082028660000105,8.07421875,-4.1796875,-3.61328125,-0.00390625,0.0,0.001953125,-130.78907347602447,-55.571152064874354,136.2013845185169,8.921875,-0.29296875,-3.875,0.0,0.0,0.001953125,-175.8103875661244,-66.56117695931947,176.14380333353157,170.771484375,0.000500015259254738,0.0006250190740684225
1.9168302559999972,8.07421875,-4.1796875,-3.61328125,0.001953125,-0.001953125,0.001953125,-130.78907347602447,-55.571152064874354,136.2013845185169,8.953125,-0.29296875,-3.875,0.0,0.0,0.0,-175.81024620443756,-66.57587342956244,176.14359120420463,170.771484375,0.000500015259254738,0.000250007629627369
1.944986742999987,8.07421875,-4.1796875,-3.61328125,0.001953125,-0.001953125,0.001953125,-130.78907347602447,-55.571152064874354,136.2013845185169,8.921875,-0.29296875,-3.875,0.0,0.0,0.0,-175.81024620443756,-66.57587342956244,176.14359120420463,170.771484375,0.00037501144444105353,0.000250007629627369
1.9579650430000015,8.07421875,-4.1796875,-3.61328125,0.001953125,-0.001953125,0.001953125,-130.78907347602447,-55.571152064874354,136.2013845185169,8.921875,-0.29296875,-3.875,0.0,0.0,0.0,-175.81024620443756,-66.57587342956244,176.14359120420463,170.771484375,0.00037501144444105353,0.00037501144444105353
1.9636172360000046,8.07421875,-4.1796875,-3.61328125,-0.001953125,0.0,-0.001953125,-130.79569009218437,-55.5726357483035,136.2029771060905,8.921875,-0.29296875,-3.875,0.0,0.0,0.0,-175.81024620443756,-66.57587342956244,176.14359120420463,170.771484375,0.0001250038148136845,0.00037501144444105353
1.981314886000007,8.0703125,-4.21875,-3.61328125,-0.001953125,0.0,-0.001953125,-130.79569009218437,-55.5726357483035,136.2029771060905,8.921875,-0.29296875,-3.8359375,0.001953125,0.0,0.001953125,-175.81024620443756,-66.57587342956244,176.14359120420463,170.771484375,0.0001250038148136845,0.000250007629627369
1.9977425810000113,8.0703125,-4.21875,-3.61328125,-0.001953125,0.0,-0.001953125,-130.79569009218437,-55.5726357483035,136.2029771060905,8.921875,-0.29296875,-3.8359375,0.001953125,0.0,0.001953125,-175.81024620443756,-66.57587342956244,176.14359120420463,170.771484375,0.0001250038148136845,0.000250007629627369
2.0031006039999966,8.0703125,-4.21875,-3.61328125,-0.001953125,0.0,-0.001953125,-130.79569009218437,-55.5726357483035,136.2029771060905,8.921875,-0.29296875,-3.8359375,0.001953125,0.0,0.001953125,-175.81024620443756,-66.57587342956244,176.14359120420463,170.771484375,0.0001250038148136845,0.000500015259254738
2.020168955999992,8.109375,-4.1796875,-3.61328125,-0.001953125,0.0,-0.001953125,-130.79569009218437,-55.5726357483035,136.2029771060905,8.953125,-0.29296875,-3.8359375,-0.001953125,0.0,-0.001953125,-175.78582837578972,-66.59022295809454,176.1191005493859,170.771484375,0.000250007629627369,0.000250007629627369
2.042265514999997,8.11328125,-4.21875,-3.61328125,-0.001953125,0.0,-0.001953125,-130.79569009218437,-55.5726357483035,136.2029771060905,8.921875,-0.29296875,-3.8359375,-0.001953125,0.0,-0.001953125,-175.78582837578972,-66.59022295809454,176.1191005493859,170.771484375,0.000250007629627369,0.000250007629627369
2.055999543000013,8.11328125,-4.21875,-3.61328125,-0.001953125,0.0,-0.001953125,-130.79569009218437,-55.5726357483035,136.2029771060905,8.921875,-0.29296875,-3.8359375,-0.001953125,0.0,-0.001953125,-175.78582837578972,-66.59022295809454,176.1191005493859,170.771484375,0.000250007629627369,0.00037501144444105353
2.0613180789999888,8.11328125,-4.21875,-3.61328125,-0.001953125,0.0,-0.001953125,-130.79569009218437,-55.5726357483035,136.2029771060905,8.921875,-0.29296875,-3.8359375,-0.001953125,0.0,-0.001953125,-175.78582837578972,-66.59022295809454,176.1191005493859,170.771484375,0.000250007629627369,0.00037501144444105353
2.0928655620000143,8.07421875,-4.1796875,-3.61328125,0.0,0.0,0.0,-130.79569009218437,-55.5726357483035,136.2029771060905,8.921875,-0.29296875,-3.875,-0.00390625,0.001953125,-0.00390625,-175.79350087122566,-66.5807695326881,176.13192495651677,170.771484375,0.00037501144444105353,0.000250007629627369
2.1027202840000143,8.07421875,-4.1796875,-3.61328125,0.0,0.0,0.0,-130.79569009218437,-55.5726357483035,136.2029771060905,8.921875,-0.25390625,-3.875,-0.00390625,0.001953125,-0.00390625,-175.79350087122566,-66.5807695326881,176.13192495651677,170.771484375,0.000250007629627369,0.0
2.1167402570000036,8.07421875,-4.1796875,-3.61328125,0.0,0.0,0.001953125,-130.80133884953258,-55.584249678671455,136.20293159626019,8.921875,-0.25390625,-3.875,-0.00390625,0.001953125,-0.00390625,-175.78388014954328,-66.58055579800146,176.11725233091968,170.771484375,0.000250007629627369,0.00037501144444105353
2.1350879080000027,8.109375,-4.1796875,-3.61328125,0.0,0.0,0.001953125,-130.80133884953258,-55.584249678671455,136.20293159626019,8.921875,-0.29296875,-3.8359375,0.00390625,-0.001953125,0.0,-175.78388014954328,-66.58055579800146,176.11725233091968,170.771484375,0.000250007629627369,0.00037501144444105353
2.1533932240000127,8.109375,-4.1796875,-3.61328125,0.0,0.0,0.001953125,-130.80133884953258,-55.584249678671455,136.20293159626019,8.921875,-0.29296875,-3.8359375,0.00390625,-0.001953125,0.0,-175.78388014954328,-66.58055579800146,176.11725233091968,170.771484375,0.000250007629627369,0.000500015259254738
2.1634896690000005,8.07421875,-4.1796875,-3.61328125,0.001953125,0.0,0.001953125,-130.78086688932714,-55.57619908266968,136.18838528239647,8.953125,-0.29296875,-3.875,0.00390625,-0.001953125,0.0,-175.78388014954328,-66.58055579800146,176.11725233091968,170.771484375,0.000250007629627369,0.000250007629627369
2.1861316559999864,8.07421875,-4.1796875,-3.61328125,0.001953125,0.0,0.001953125,-130.78086688932714,-55.57619908266968,136.18838528239647,8.953125,-0.29296875,-3.875,0.001953125,0.0,-0.00390625,-175.78388014954328,-66.58055579800146,176.11725233091968,170.771484375,0.000500015259254738,0.000250007629627369
2.1959768110000084,8.0703125,-4.21875,-3.61328125,0.001953125,0.0,0.001953125,-130.78086688932714,-55.57619908266968,136.18838528239647,8.921875,-0.29296875,-3.8359375,0.001953125,0.0,-0.00390625,-175.78388014954328,-66.58055579800146,176.11725233091968,170.771484375,0.000500015259254738,0.000250007629627369
2.211451662999991,8.0703125,-4.21875,-3.61328125,0.001953125,0.0,0.001953125,-130.78086688932714,-55.57619908266968,136.18838528239647,8.921875,-0.29296875,-3.8359375,0.001953125,0.0,-0.00390625,-175.78388014954328,-66.58055579800146,176.11725233091968,170.771484375,0.0001250038148136845,0.000250007629627369
2.2171760459999916,8.0703125,-4.21875,-3.61328125,-0.00390625,0.0,-0.001953125,-130.78086688932714,-55.57619908266968,136.18838528239647,8.921875,-0.29296875,-3.8359375,0.0,0.0,0.001953125,-175.79350087122566,-66.5807695326881,176.13192495651677,170.771484375,0.0001250038148136845,0.000250007629627369
2.2458781850000094,8.109375,-4.1796875,-3.61328125,-0.00390625,0.0,-0.001953125,-130.78086688932714,-55.57619908266968,136.18838528239647,8.921875,-0.29296875,-3.8359375,0.0,0.0,0.001953125,-175.79350087122566,-66.5807695326881,176.13192495651677,170.771484375,0.000250007629627369,0.000250007629627369
2.2556318210000086,8.109375,-4.1796875,-3.61328125,-0.00390625,0.0,-0.001953125,-130.78086688932714,-55.57619908266968,136.18838528239647,8.921875,-0.29296875,-3.8359375,0.0,0.0,0.001953125,-175.79350087122566,-66.5807695326881,176.13192495651677,170.771484375,0.000250007629627369,0.000500015259254738
2.261896704999998,8.0703125,-4.21875,-3.61328125,0.0,0.0,0.001953125,-130.78086688932714,-55.57619908266968,136.18838528239647,8.921875,-0.29296875,-3.8359375,0.0,0.0,0.001953125,-175.78388014954328,-66.58055579800146,176.11725233091968,170.771484375,0.000250007629627369,0.000500015259254738
2.2856269229999953,8.0703125,-4.21875,-3.61328125,0.0,0.0,0.001953125,-130.78086688932714,-55.57619908266968,136.18838528239647,8.921875,-0.29296875,-3.8359375,0.0,0.0,0.001953125,-175.78388014954328,-66.58055579800146,176.11725233091968,170.771484375,0.000250007629627369,0.000250007629627369
2.2956431460000033,8.07421875,-4.1796875,-3.65234375,0.0,0.0,0.001953125,-130.78086688932714,-55.57619908266968,136.18838528239647,8.953125,-0.29296875,-3.875,0.0,0.0,0.001953125,-175.78388014954328,-66.58055579800146,176.11725233091968,170.771484375,0.0001250038148136845,0.000250007629627369
2.3089136629999985,8.07421875,-4.1796875,-3.65234375,0.0,0.0,0.001953125,-130.78086688932714,-55.57619908266968,136.18838528239647,8.953125,-0.29296875,-3.875,0.0,0.0,0.001953125,-175.78388014954328,-66.58055579800146,176.11725233091968,170.771484375,0.0001250038148136845,0.00037501144444105353
2.3145035860000007,8.07421875,-4.1796875,-3.65234375,0.0,0.001953125,0.001953125,-130.78086688932714,-55.57619908266968,136.18838528239647,8.921875,-0.29296875,-3.8359375,0.0,0.0,0.001953125,-175.76907160846127,-66.59511974462137,176.10742172029455,170.771484375,0.0001250038148136845,0.00037501144444105353
2.337103684999988,8.07421875,-4.1796875,-3.61328125,0.0,0.001953125,0.001953125,-130.78086688932714,-55.57619908266968,136.18838528239647,8.921875,-0.29296875,-3.8359375,0.0,-0.001953125,-0.001953125,-175.76907160846127,-66.59511974462137,176.10742172029455,170.771484375,0.0001250038148136845,0.0006250190740684225
2.3512945980000097,8.07421875,-4.1796875,-3.61328125,0.0,0.001953125,0.001953125,-130.78086688932714,-55.57619908266968,136.18838528239647,8.921875,-0.29296875,-3.8359375,0.0,-0.001953125,-0.001953125,-175.76907160846127,-66.59511974462137,176.10742172029455,170.771484375,0.0001250038148136845,0.0006250190740684225
2.36891288999999,8.07421875,-4.1796875,-3.61328125,0.0,-0.001953125,0.0,-130.78086688932714,-55.57619908266968,136.18838528239647,8.953125,-0.29296875,-3.8359375,0.0,-0.001953125,-0.001953125,-175.76907160846127,-66.59511974462137,176.10742172029455,170.771484375,0.0001250038148136845,0.000250007629627369
2.3875215280000077,8.07421875,-4.1796875,-3.61328125,0.0,-0.001953125,0.0,-130.78086688932714,-55.57619908266968,136.18838528239647,8.921875,-0.29296875,-3.875,0.0,0.0,0.0,-175.76907160846127,-66.59511974462137,176.10742172029455,170.771484375,0.0001250038148136845,0.0006250190740684225
2.400845516000004,8.07421875,-4.1796875,-3.65234375,0.0,-0.001953125,0.0,-130.78086688932714,-55.57619908266968,136.18838528239647,8.921875,-0.29296875,-3.875,0.0,0.0,0.0,-175.76907160846127,-66.59511974462137,176.10742172029455,170.771484375,0.00037501144444105353,0.0006250190740684225
2.409458666000006,8.07421875,-4.1796875,-3.65234375,0.0,-0.001953125,0.0,-130.78086688932714,-55.57619908266968,136.18838528239647,8.921875,-0.29296875,-3.875,0.0,0.0,0.0,-175.76907160846127,-66.59511974462137,176.10742172029455,170.771484375,0.00037501144444105353,0.0001250038148136845
2.4149855500000115,8.0703125,-4.21875,-3.61328125,0.0,0.00390625,0.0,-130.78086688932714,-55.57619908266968,136.18838528239647,8.953125,-0.29296875,-3.8359375,0.0,-0.001953125,0.0,-175.76907160846127,-66.59511974462137,176.10742172029455,170.771484375,0.0001250038148136845,0.0001250038148136845
2.4453104359999998,8.0703125,-4.21875,-3.61328125,0.0,0.00390625,0.0,-130.78086688932714,-55.57619908266968,136.18838528239647,8.953125,-0.29296875,-3.8359375,0.0,-0.001953125,0.0,-175.76907160846127,-66.59511974462137,176.10742172029455,170.771484375,0.0001250038148136845,0.000250007629627369
2.450856614999992,8.0703125,-4.21875,-3.61328125,0.0,0.00390625,0.0,-130.78086688932714,-55.57619908266968,136.18838528239647,8.953125,-0.29296875,-3.8359375,0.0,-0.001953125,0.0,-175.76907160846127,-66.59511974462137,176.10742172029455,170.771484375,0.000250007629627369,0.000250007629627369
2.4592285870000126,8.07421875,-4.1796875,-3.61328125,0.0,0.00390625,0.0,-130.78086688932714,-55.57619908266968,136.18838528239647,8.953125,-0.29296875,-3.8359375,0.0,-0.001953125,0.0,-175.76907160846127,-66.59511974462137,176.10742172029455,170.771484375,0.000250007629627369,0.000250007629627369
2.4682107849999966,8.07421875,-4.1796875,-3.61328125,-0.001953125,-0.001953125,0.001953125,-130.78748439681172,-55.577682956804786,136.1899782939959,8.953125,-0.29296875,-3.8359375,0.0,-0.001953125,0.0,-175.75945074978563,-66.59490481160671,176.09275005751985,170.771484375,0.000250007629627369,0.000250007629627369
2.486935963999997,8.07421875,-4.1796875,-3.61328125,-0.001953125,-0.001953125,0.001953125,-130.78748439681172,-55.577682956804786,136.1899782939959,8.921875,-0.29296875,-3.8359375,0.0,-0.001953125,0.0,-175.75945074978563,-66.59490481160671,176.09275005751985,170.771484375,0.000250007629627369,0.000250007629627369
2.5055343939999943,8.07421875,-4.1796875,-3.61328125,-0.001953125,-0.001953125,0.001953125,-130.78748439681172,-55.577682956804786,136.1899782939959,8.921875,-0.29296875,-3.8359375,0.0,-0.001953125,0.0,-175.75945074978563,-66.59490481160671,176.09275005751985,170.771484375,0.00037501144444105353,0.000250007629627369
2.511127899999991,8.07421875,-4.1796875,-3.61328125,-0.001953125,-0.001953125,0.001953125,-130.78748439681172,-55.577682956804786,136.1899782939959,8.921875,-0.29296875,-3.8359375,0.0,-0.001953125,0.0,-175.75945074978563,-66.59490481160671,176.09275005751985,170.771484375,0.00037501144444105353,0.00037501144444105353
2.5163074319999907,8.07421875,-4.1796875,-3.61328125,0.0,0.0,0.0,-130.7992957048018,-55.58197782359516,136.19562109074707,8.921875,-0.29296875,-3.875,0.001953125,0.0,0.0,-175.7574893092021,-66.58523475308374,176.0908886713326,170.68359375,0.0001250038148136845,0.00037501144444105353
2.544196083999992,8.07421875,-4.1796875,-3.61328125,0.0,0.0,0.0,-130.7992957048018,-55.58197782359516,136.19562109074707,8.921875,-0.29296875,-3.875,0.001953125,0.0,0.0,-175.7574893092021,-66.58523475308374,176.0908886713326,170.771484375,0.0001250038148136845,0.00037501144444105353
2.549400671000001,8.07421875,-4.1796875,-3.61328125,0.0,0.0,0.0,-130.7992957048018,-55.58197782359516,136.19562109074707,8.953125,-0.29296875,-3.8359375,0.001953125,0.0,0.0,-175.7574893092021,-66.58523475308374,176.0908886713326,170.771484375,0.00037501144444105353,0.00037501144444105353
2.5628624830000035,8.07421875,-4.1796875,-3.61328125,0.0,0.0,0.0,-130.7992957048018,-55.58197782359516,136.19562109074707,8.953125,-0.29296875,-3.8359375,0.001953125,0.0,0.0,-175.7574893092021,-66.58523475308374,176.0908886713326,170.771484375,0.00037501144444105353,0.0001250038148136845
2.5946831530000054,8.07421875,-4.1796875,-3.61328125,0.0,0.0,0.0,-130.80026567119006,-55.57184821877056,136.1972602672273,8.953125,-0.29296875,-3.8359375,0.00390625,0.0,0.001953125,-175.7574893092021,-66.58523475308374,176.0908886713326,170.771484375,0.00037501144444105353,0.000250007629627369
2.6075370119999945,8.07421875,-4.1796875,-3.61328125,0.0,0.0,0.0,-130.80026567119006,-55.57184821877056,136.1972602672273,8.921875,-0.29296875,-3.8359375,0.00390625,0.0,0.001953125,-175.7574893092021,-66.58523475308374,176.0908886713326,170.771484375,0.000250007629627369,0.000250007629627369
2.6178491029999975,8.0703125,-4.21875,-3.61328125,0.0,0.0,0.0,-130.80230847952038,-55.57411948778862,136.20457117392766,8.921875,-0.29296875,-3.8359375,0.00390625,0.0,0.001953125,-175.75734567885294,-66.59994333147112,176.09067420877295,170.771484375,0.000250007629627369,0.000250007629627369
2.6371802900000034,8.0703125,-4.21875,-3.61328125,0.0,0.0,0.0,-130.80230847952038,-55.57411948778862,136.20457117392766,8.953125,-0.29296875,-3.875,0.0,-0.001953125,0.0,-175.75734567885294,-66.59994333147112,176.09067420877295,170.771484375,0.000250007629627369,0.000250007629627369
2.650328351000013,8.07421875,-4.1796875,-3.61328125,0.0,0.0,0.0,-130.80230847952038,-55.57411948778862,136.20457117392766,8.953125,-0.29296875,-3.875,0.0,-0.001953125,0.0,-175.75734567885294,-66.59994333147112,176.09067420877295,170.771484375,0.000250007629627369,0.00037501144444105353
2.660081733999988,8.07421875,-4.1796875,-3.61328125,0.0,0.0,0.0,-130.80230847952038,-55.57411948778862,136.20457117392766,8.953125,-0.29296875,-3.875,0.0,-0.001953125,0.0,-175.75734567885294,-66.59994333147112,176.09067420877295,170.771484375,0.000250007629627369,0.00037501144444105353
2.6654658390000066,8.07421875,-4.1796875,-3.61328125,0.0,0.0,0.0,-130.80026567119006,-55.57184821877056,136.1972602672273,8.953125,-0.29296875,-3.8359375,0.001953125,-0.001953125,-0.001953125,-175.75734567885294,-66.59994333147112,176.09067420877295,170.771484375,0.000250007629627369,0.0001250038148136845
2.6929728130000115,8.0703125,-4.21875,-3.61328125,0.0,0.0,0.0,-130.80026567119006,-55.57184821877056,136.1972602672273,8.953125,-0.29296875,-3.8359375,0.001953125,-0.001953125,-0.001953125,-175.75734567885294,-66.59994333147112,176.09067420877295,170.771484375,0.0001250038148136845,0.0001250038148136845
2.7019838129999982,8.0703125,-4.21875,-3.61328125,0.0,0.0,0.0,-130.80026567119006,-55.57184821877056,136.1972602672273,8.953125,-0.29296875,-3.8359375,0.001953125,-0.001953125,-0.001953125,-175.75734567885294,-66.59994333147112,176.09067420877295,170.771484375,0.0001250038148136845,0.000500015259254738
2.7065399999999897,8.0703125,-4.21875,-3.61328125,0.0,0.0,0.0,-130.80026567119006,-55.57184821877056,136.1972602672273,8.921875,-0.29296875,-3.875,0.001953125,-0.001953125,-0.001953125,-175.75734567885294,-66.59994333147112,176.09067420877295,170.771484375,0.0,0.000500015259254738
2.716550912999992,8.0703125,-4.21875,-3.61328125,0.0,0.0,0.0,-130.80026567119006,-55.57184821877056,136.1972602672273,8.921875,-0.29296875,-3.875,0.001953125,-0.001953125,-0.001953125,-175.75734567885294,-66.59994333147112,176.09067420877295,170.771484375,0.0,0.000250007629627369
2.7361548620000065,8.0703125,-4.21875,-3.61328125,0.0,0.0,0.0,-130.80026567119006,-55.57184821877056,136.1972602672273,8.953125,-0.29296875,-3.8359375,0.001953125,0.0,0.0,-175.75734567885294,-66.59994333147112,176.09067420877295,170.771484375,0.000250007629627369,0.000250007629627369
2.7499543319999873,8.109375,-4.1796875,-3.61328125,0.0,0.0,0.0,-130.80026567119006,-55.57184821877056,136.1972602672273,8.953125,-0.29296875,-3.8359375,0.001953125,0.0,0.0,-175.75734567885294,-66.59994333147112,176.09067420877295,170.771484375,0.000250007629627369,0.000250007629627369
2.759195726999991,8.109375,-4.1796875,-3.61328125,0.0,0.0,0.0,-130.80026567119006,-55.57184821877056,136.1972602672273,8.953125,-0.29296875,-3.8359375,0.001953125,0.0,0.0,-175.75734567885294,-66.59994333147112,176.09067420877295,170.771484375,0.00037501144444105353,0.000250007629627369
2.764603767000011,8.07421875,-4.1796875,-3.61328125,0.0,0.0,0.0,-130.80026567119006,-55.57184821877056,136.1972602672273,8.953125,-0.29296875,-3.8359375,0.0,0.0,0.0,-175.76239092158698,-66.59987346444765,176.0856190345049,170.771484375,0.00037501144444105353,0.000250007629627369
2.796477235999987,8.07421875,-4.1796875,-3.61328125,0.0,0.0,0.0,-130.80026567119006,-55.57184821877056,136.1972602672273,8.921875,-0.29296875,-3.8359375,0.0,0.0,0.0,-175.76239092158698,-66.59987346444765,176.0856190345049,170.771484375,0.000250007629627369,0.000250007629627369
2.806484790000013,8.07421875,-4.1796875,-3.61328125,0.0,0.0,0.0,-130.80026567119006,-55.57184821877056,136.1972602672273,8.921875,-0.29296875,-3.8359375,0.0,0.0,0.0,-175.76239092158698,-66.59987346444765,176.0856190345049,170.771484375,0.000250007629627369,0.00037501144444105353
2.8165141670000082,8.07421875,-4.1796875,-3.61328125,0.0,0.0,0.0,-130.80026567119006,-55.57184821877056,136.1972602672273,8.953125,-0.29296875,-3.8359375,0.0,0.0,0.0,-175.76224621826637,-66.61459073204954,176.08540564534096,170.771484375,0.000250007629627369,0.00037501144444105353
2.8433203250000076,8.07421875,-4.1796875,-3.65234375,0.0,0.0,0.0,-130.80026567119006,-55.57184821877056,136.1972602672273,8.953125,-0.29296875,-3.8359375,0.0,0.0,0.0,-175.76224621826637,-66.61459073204954,176.08540564534096,170.771484375,0.000250007629627369,0.000250007629627369
2.8520494429999985,8.07421875,-4.1796875,-3.65234375,0.0,0.0,0.0,-130.80026567119006,-55.57184821877056,136.1972602672273,8.953125,-0.29296875,-3.8359375,0.0,0.0,0.0,-175.76224621826637,-66.61459073204954,176.08540564534096,170.771484375,0.0001250038148136845,0.000250007629627369
2.856860471999994,8.07421875,-4.1796875,-3.65234375,0.0,0.0,0.0,-130.80026567119006,-55.57184821877056,136.1972602672273,8.953125,-0.29296875,-3.8359375,0.0,0.0,0.0,-175.76224621826637,-66.61459073204954,176.08540564534096,170.771484375,0.0001250038148136845,0.000250007629627369
2.8622265930000026,8.07421875,-4.1796875,-3.65234375,0.0,0.0,0.0,-130.80026567119006,-55.57184821877056,136.1972602672273,8.921875,-0.29296875,-3.8359375,0.0,0.0,0.0,-175.76224621826637,-66.61459073204954,176.08540564534096,170.771484375,0.0001250038148136845,0.000250007629627369
2.870592743000003,8.0703125,-4.21875,-3.61328125,0.0,0.0,0.0,-130.80026567119006,-55.57184821877056,136.1972602672273,8.921875,-0.29296875,-3.8359375,0.0,0.0,0.0,-175.7602842897198,-66.60491084402521,176.08354075634773,170.771484375,0.0001250038148136845,0.000500015259254738
2.895791639999999,8.0703125,-4.21875,-3.61328125,0.0,0.0,0.0,-130.80026567119006,-55.57184821877056,136.1972602672273,8.921875,-0.29296875,-3.8359375,0.0,0.0,0.0,-175.7602842897198,-66.60491084402521,176.08354075634773,170.771484375,0.000250007629627369,0.000500015259254738
2.9063973250000004,8.07421875,-4.1796875,-3.61328125,0.0,0.0,0.0,-130.80026567119006,-55.57184821877056,136.1972602672273,8.921875,-0.29296875,-3.8359375,0.0,0.0,0.0,-175.7602842897198,-66.60491084402521,176.08354075634773,170.771484375,0.000250007629627369,0.00037501144444105353
2.9164314059999867,8.07421875,-4.1796875,-3.61328125,0.0,0.0,0.0,-130.80026567119006,-55.57184821877056,136.1972602672273,8.921875,-0.29296875,-3.8359375,0.0,0.0,0.0,-175.7602842897198,-66.60491084402521,176.08354075634773,170.771484375,0.000250007629627369,0.00037501144444105353
2.9384769650000067,8.0703125,-4.21875,-3.61328125,0.0,0.0,0.0,-130.80026567119006,-55.57184821877056,136.1972602672273,8.921875,-0.29296875,-3.8359375,0.0,0.0,0.0,-175.7602842897198,-66.60491084402521,176.08354075634773,170.771484375,0.000250007629627369,0.000500015259254738
2.9515956500000016,8.0703125,-4.21875,-3.61328125,0.0,0.0,0.0,-130.80026567119006,-55.57184821877056,136.1972602672273,8.921875,-0.29296875,-3.8359375,0.0,0.0,0.0,-175.7602842897198,-66.60491084402521,176.08354075634773,170.771484375,0.000250007629627369,0.000500015259254738
2.9567931990000034,8.0703125,-4.21875,-3.61328125,0.0,0.0,0.0,-130.80026567119006,-55.57184821877056,136.1972602672273,8.953125,-0.29296875,-3.8359375,0.0,0.0,0.0,-175.7602842897198,-66.60491084402521,176.08354075634773,170.771484375,0.000250007629627369,0.00037501144444105353
2.966684818999994,8.07421875,-4.1796875,-3.61328125,0.0,0.0,0.0,-130.80026567119006,-55.57184821877056,136.1972602672273,8.953125,-0.29296875,-3.8359375,0.0,0.0,0.0,-175.76013951263675,-66.61963002856885,176.08332725834953,170.771484375,0.00037501144444105353,0.00037501144444105353
2.986600216999989,8.07421875,-4.1796875,-3.61328125,0.0,0.0,0.0,-130.80026567119006,-55.57184821877056,136.1972602672273,8.921875,-0.29296875,-3.875,0.0,0.0,0.0,-175.76013951263675,-66.61963002856885,176.08332725834953,170.771484375,0.00037501144444105353,0.0001250038148136845
3.0011273830000107,8.07421875,-4.1796875,-3.61328125,0.0,0.0,0.0,-130.80026567119006,-55.57184821877056,136.1972602672273,8.921875,-0.29296875,-3.875,0.0,0.0,0.0,-175.76013951263675,-66.61963002856885,176.08332725834953,170.771484375,0.00037501144444105353,0.0001250038148136845
3.010704546999989,8.07421875,-4.1796875,-3.61328125,0.0,0.0,0.0,-130.80026567119006,-55.57184821877056,136.1972602672273,8.921875,-0.29296875,-3.875,0.0,0.0,0.0,-175.76013951263675,-66.61963002856885,176.08332725834953,170.771484375,0.00037501144444105353,0.0001250038148136845
3.016336934000009,8.07421875,-4.1796875,-3.61328125,0.0,0.0,0.0,-130.79461810001507,-55.560237199939,136.19730693628446,8.953125,-0.29296875,-3.8359375,0.0,0.0,0.0,-175.74349126955886,-66.60980193007717,176.07182617639873,170.771484375,0.000500015259254738,0.0001250038148136845
3.0458860059999893,8.07421875,-4.1796875,-3.61328125,0.0,0.0,0.0,-130.79461810001507,-55.560237199939,136.19730693628446,8.921875,-0.29296875,-3.8359375,0.0,0.0,0.0,-175.74349126955886,-66.60980193007717,176.07182617639873,170.771484375,0.000500015259254738,0.0001250038148136845
3.060600558999994,8.07421875,-4.1796875,-3.61328125,0.0,0.0,0.0,-130.79461810001507,-55.560237199939,136.19730693628446,8.921875,-0.29296875,-3.8359375,0.0,0.0,0.0,-175.74349126955886,-66.60980193007717,176.07182617639873,170.771484375,0.0001250038148136845,0.0001250038148136845
3.0958240020000005,8.109375,-4.1796875,-3.65234375,0.0,0.0,0.0,-130.79461810001507,-55.560237199939,136.19730693628446,8.921875,-0.29296875,-3.8359375,0.0,0.0,0.0,-175.74334642416042,-66.62452294549956,176.07161150262613,170.771484375,0.000250007629627369,0.000250007629627369
3.106421783000002,8.109375,-4.1796875,-3.65234375,0.0,0.0,0.0,-130.79461810001507,-55.560237199939,136.19730693628446,8.921875,-0.29296875,-3.8359375,0.0,0.0,0.0,-175.74334642416042,-66.62452294549956,176.07161150262613,170.771484375,0.000250007629627369,0.000250007629627369
3.1118470380000076,8.109375,-4.1796875,-3.65234375,0.0,0.0,0.0,-130.79461810001507,-55.560237199939,136.19730693628446,8.921875,-0.29296875,-3.8359375,0.0,0.0,0.0,-175.74334642416042,-66.62452294549956,176.07161150262613,170.771484375,0.0001250038148136845,0.000250007629627369
3.1389462449999996,8.07421875,-4.1796875,-3.61328125,0.0,0.0,0.0,-130.79461810001507,-55.560237199939,136.19730693628446,8.921875,-0.29296875,-3.875,0.0,0.0,0.0,-175.74334642416042,-66.62452294549956,176.07161150262613,170.771484375,0.00037501144444105353,0.00037501144444105353
3.1571744489999958,8.0703125,-4.21875,-3.61328125,0.0,0.0,0.0,-130.79461810001507,-55.560237199939,136.19730693628446,8.921875,-0.29296875,-3.875,0.0,0.0,0.0,-175.74334642416042,-66.62452294549956,176.07161150262613,170.771484375,0.00037501144444105353,0.00037501144444105353
3.1673226069999885,8.0703125,-4.21875,-3.61328125,0.0,0.0,0.0,-130.79461810001507,-55.560237199939,136.19730693628446,8.953125,-0.29296875,-3.8359375,0.0,0.0,0.0,-175.74334642416042,-66.62452294549956,176.07161150262613,170.771484375,0.000250007629627369,0.00037501144444105353
3.193564041000002,8.109375,-4.1796875,-3.61328125,0.0,0.0,0.0,-130.79461810001507,-55.560237199939,136.19730693628446,8.953125,-0.29296875,-3.8359375,0.0,0.0,0.0,-175.74334642416042,-66.62452294549956,176.07161150262613,170.771484375,0.000250007629627369,0.0001250038148136845
3.202380197999986,8.109375,-4.1796875,-3.61328125,0.0,0.0,0.0,-130.79461810001507,-55.560237199939,136.19730693628446,8.953125,-0.29296875,-3.8359375,0.0,0.0,0.0,-175.74334642416042,-66.62452294549956,176.07161150262613,170.771484375,0.000250007629627369,0.0001250038148136845
3.207169883000006,8.109375,-4.1796875,-3.61328125,0.0,0.0,0.0,-130.79461810001507,-55.560237199939,136.19730693628446,8.953125,-0.29296875,-3.8359375,0.0,0.0,0.0,-175.74334642416042,-66.62452294549956,176.07161150262613,170.771484375,0.000250007629627369,0.00037501144444105353
3.21765163500001,8.0703125,-4.21875,-3.61328125,0.0,0.0,0.0,-130.79461810001507,-55.560237199939,136.19730693628446,8.953125,-0.29296875,-3.8359375,0.0,0.0,0.0,-175.74320157881647,-66.63925271672002,176.071396828964,170.771484375,0.000250007629627369,0.00037501144444105353
3.2376214960000027,8.0703125,-4.21875,-3.61328125,0.0,0.0,0.0,-130.79461810001507,-55.560237199939,136.19730693628446,8.953125,-0.29296875,-3.8359375,0.0,0.0,0.0,-175.74320157881647,-66.63925271672002,176.071396828964,170.771484375,0.000250007629627369,0.000500015259254738
3.2508806250000077,8.0703125,-4.21875,-3.61328125,0.0,0.0,0.0,-130.79461810001507,-55.560237199939,136.19730693628446,8.953125,-0.29296875,-3.8359375,0.0,0.0,0.0,-175.74320157881647,-66.63925271672002,176.071396828964,170.771484375,0.00037501144444105353,0.000500015259254738
3.2563839270000017,8.07421875,-4.1796875,-3.61328125,0.0,0.0,0.0,-130.79461810001507,-55.560237199939,136.19730693628446,8.953125,-0.29296875,-3.8359375,0.0,0.0,0.0,-175.74320157881647,-66.63925271672002,176.071396828964,170.771484375,0.00037501144444105353,0.00037501144444105353
3.266743985000005,8.07421875,-4.1796875,-3.61328125,0.00390625,0.001953125,0.0,-130.79461810001507,-55.560237199939,136.19730693628446,8.921875,-0.29296875,-3.8359375,0.0,0.0,0.0,-175.74122929522363,-66.62955995878855,176.06952316730877,170.771484375,0.00037501144444105353,0.00037501144444105353
3.297949501000005,8.07421875,-4.1796875,-3.61328125,0.00390625,0.001953125,0.0,-130.79461810001507,-55.560237199939,136.19730693628446,8.921875,-0.29296875,-3.8359375,0.0,0.0,0.0,-175.74122929522363,-66.62955995878855,176.06952316730877,170.771484375,0.00037501144444105353,0.0
3.312743893000004,8.07421875,-4.1796875,-3.61328125,0.00390625,0.001953125,0.0,-130.79461810001507,-55.560237199939,136.19730693628446,8.921875,-0.29296875,-3.8359375,0.0,0.0,0.0,-175.74122929522363,-66.62955995878855,176.06952316730877,170.771484375,0.000250007629627369,0.0
3.318249530999992,8.07421875,-4.1796875,-3.61328125,0.0,0.0,-0.001953125,-130.80026567119006,-55.57184821877056,136.1972602672273,8.921875,-0.29296875,-3.8359375,0.0,0.0,0.0,-175.74122929522363,-66.62955995878855,176.06952316730877,170.771484375,0.000250007629627369,0.00037501144444105353
3.347304438000009,8.07421875,-4.1796875,-3.61328125,0.0,0.0,-0.001953125,-130.80026567119006,-55.57184821877056,136.1972602672273,8.921875,-0.29296875,-3.8359375,0.0,0.0,0.0,-175.74122929522363,-66.62955995878855,176.06952316730877,170.771484375,0.000250007629627369,0.00037501144444105353
3.352730686000001,8.07421875,-4.1796875,-3.61328125,0.0,0.0,-0.001953125,-130.80026567119006,-55.57184821877056,136.1972602672273,8.921875,-0.29296875,-3.8359375,0.0,0.0,0.0,-175.74122929522363,-66.62955995878855,176.06952316730877,170.771484375,0.000250007629627369,0.000500015259254738
3.361875058999999,8.07421875,-4.1796875,-3.61328125,0.0,0.0,-0.001953125,-130.80026567119006,-55.57184821877056,136.1972602672273,8.921875,-0.29296875,-3.8359375,0.0,0.0,0.0,-175.74122929522363,-66.62955995878855,176.06952316730877,170.771484375,0.000250007629627369,0.000500015259254738
3.3672155799999928,8.07421875,-4.1796875,-3.61328125,0.0,-0.001953125,0.0,-130.80026567119006,-55.57184821877056,136.1972602672273,8.953125,-0.29296875,-3.8359375,0.0,0.0,0.0,-175.73143848874489,-66.6440762916517,176.05461210403183,170.771484375,0.000250007629627369,0.000500015259254738
3.389706216999997,8.0703125,-4.21875,-3.61328125,0.0,-0.001953125,0.0,-130.80026567119006,-55.57184821877056,136.1972602672273,8.921875,-0.29296875,-3.8359375,0.0,0.0,0.0,-175.73143848874489,-66.6440762916517,176.05461210403183,170.771484375,0.00037501144444105353,0.000500015259254738
3.4079547720000107,8.0703125,-4.21875,-3.61328125,0.0,-0.001953125,0.0,-130.80026567119006,-55.57184821877056,136.1972602672273,8.921875,-0.29296875,-3.8359375,0.0,0.0,0.0,-175.73143848874489,-66.6440762916517,176.05461210403183,170.771484375,0.00037501144444105353,0.00037501144444105353
3.413489016999989,8.0703125,-4.21875,-3.61328125,0.0,-0.001953125,0.0,-130.80026567119006,-55.57184821877056,136.1972602672273,8.921875,-0.29296875,-3.8359375,0.0,0.0,0.0,-175.73143848874489,-66.6440762916517,176.05461210403183,170.771484375,0.0001250038148136845,0.00037501144444105353
3.4182055210000044,8.0703125,-4.21875,-3.61328125,0.001953125,-0.001953125,0.001953125,-130.80026567119006,-55.57184821877056,136.1972602672273,8.953125,-0.29296875,-3.8359375,0.0,0.0,0.0,-175.73143848874489,-66.6440762916517,176.05461210403183,170.771484375,0.0001250038148136845,0.00037501144444105353
3.4469908979999957,8.07421875,-4.1796875,-3.61328125,0.001953125,-0.001953125,0.001953125,-130.80026567119006,-55.57184821877056,136.1972602672273,8.953125,-0.29296875,-3.8359375,0.0,0.0,0.0,-175.73143848874489,-66.6440762916517,176.05461210403183,170.771484375,0.000250007629627369,0.00037501144444105353
3.4576085500000033,8.07421875,-4.1796875,-3.61328125,0.001953125,-0.001953125,0.001953125,-130.80026567119006,-55.57184821877056,136.1972602672273,8.953125,-0.29296875,-3.8359375,0.0,0.0,0.0,-175.73143848874489,-66.6440762916517,176.05461210403183,170.771484375,0.000250007629627369,0.000250007629627369
3.4628234749999933,8.07421875,-4.1796875,-3.61328125,0.001953125,-0.001953125,0.001953125,-130.80026567119006,-55.57184821877056,136.1972602672273,8.921875,-0.29296875,-3.8359375,0.0,0.0,0.0,-175.73143848874489,-66.6440762916517,176.05461210403183,170.771484375,0.00037501144444105353,0.000250007629627369
3.4719194650000134,8.109375,-4.1796875,-3.65234375,0.001953125,0.0,0.001953125,-130.80230847952038,-55.57411948778862,136.20457117392766,8.921875,-0.29296875,-3.8359375,0.0,0.0,0.0,-175.7294593497783,-66.63438056852223,176.05273011853438,170.771484375,0.00037501144444105353,0.000500015259254738
3.502031885000008,8.109375,-4.1796875,-3.65234375,0.001953125,0.0,0.001953125,-130.80230847952038,-55.57411948778862,136.20457117392766,8.921875,-0.29296875,-3.8359375,0.0,0.0,0.0,-175.7294593497783,-66.63438056852223,176.05273011853438,170.771484375,0.00037501144444105353,0.000500015259254738
3.507372150000009,8.109375,-4.1796875,-3.65234375,0.001953125,0.0,0.001953125,-130.80230847952038,-55.57411948778862,136.20457117392766,8.921875,-0.29296875,-3.8359375,0.0,0.0,0.0,-175.7294593497783,-66.63438056852223,176.05273011853438,170.771484375,0.00037501144444105353,0.0001250038148136845
3.5128835479999907,8.07421875,-4.1796875,-3.61328125,0.0,0.0,-0.001953125,-130.80026567119006,-55.57184821877056,136.1972602672273,8.921875,-0.29296875,-3.8359375,0.0,0.0,0.0,-175.7146170755877,-66.64896758160438,176.04286779103015,170.771484375,0.000250007629627369,0.0001250038148136845
3.535969179999995,8.07421875,-4.1796875,-3.61328125,0.0,0.0,-0.001953125,-130.80026567119006,-55.57184821877056,136.1972602672273,8.921875,-0.29296875,-3.8359375,0.0,0.0,0.0,-175.7146170755877,-66.64896758160438,176.04286779103015,170.771484375,0.000250007629627369,0.00037501144444105353
3.546953255999995,8.0703125,-4.21875,-3.61328125,0.0,0.0,-0.001953125,-130.80026567119006,-55.57184821877056,136.1972602672273,8.921875,-0.29296875,-3.8359375,0.0,0.0,0.0,-175.7146170755877,-66.64896758160438,176.04286779103015,170.771484375,0.0001250038148136845,0.00037501144444105353
3.557383458000004,8.0703125,-4.21875,-3.61328125,0.0,0.0,-0.001953125,-130.80026567119006,-55.57184821877056,136.1972602672273,8.921875,-0.29296875,-3.8359375,0.0,0.0,0.0,-175.7146170755877,-66.64896758160438,176.04286779103015,170.771484375,0.0001250038148136845,0.00037501144444105353
3.5678606680000087,8.07421875,-4.1796875,-3.61328125,0.001953125,0.0,0.001953125,-130.80230847952038,-55.57411948778862,136.20457117392766,8.953125,-0.29296875,-3.8359375,0.0,0.0,0.0,-175.7146170755877,-66.64896758160438,176.04286779103015,170.771484375,0.0001250038148136845,0.00037501144444105353
3.5991596949999973,8.07421875,-4.1796875,-3.61328125,0.001953125,0.0,0.001953125,-130.80230847952038,-55.57411948778862,136.20457117392766,8.953125,-0.29296875,-3.8359375,0.0,0.0,0.0,-175.7146170755877,-66.64896758160438,176.04286779103015,170.771484375,0.0001250038148136845,0.000250007629627369
3.604436058999994,8.07421875,-4.1796875,-3.61328125,0.001953125,0.0,0.001953125,-130.80230847952038,-55.57411948778862,136.20457117392766,8.953125,-0.29296875,-3.8359375,0.0,0.0,0.0,-175.7146170755877,-66.64896758160438,176.04286779103015,170.771484375,0.00037501144444105353,0.000250007629627369
3.6091613959999904,8.0703125,-4.21875,-3.61328125,0.001953125,0.0,0.001953125,-130.80230847952038,-55.57411948778862,136.20457117392766,8.953125,-0.29296875,-3.8359375,0.0,0.0,0.0,-175.7146170755877,-66.64896758160438,176.04286779103015,170.771484375,0.00037501144444105353,0.0
3.6184325209999884,8.0703125,-4.21875,-3.61328125,0.001953125,0.001953125,0.0,-130.80230847952038,-55.57411948778862,136.20457117392766,8.953125,-0.29296875,-3.8359375,0.0,0.0,0.0,-175.714471018441,-66.66370976194808,176.04265183804776,170.771484375,0.0001250038148136845,0.0
3.645145632000009,8.0703125,-4.21875,-3.61328125,0.001953125,0.001953125,0.0,-130.80230847952038,-55.57411948778862,136.20457117392766,8.921875,-0.29296875,-3.8359375,0.0,0.0,0.0,-175.714471018441,-66.66370976194808,176.04265183804776,170.771484375,0.0001250038148136845,0.000250007629627369
3.6592303470000047,8.0703125,-4.21875,-3.61328125,0.001953125,0.001953125,0.0,-130.80230847952038,-55.57411948778862,136.20457117392766,8.921875,-0.29296875,-3.8359375,0.0,0.0,0.0,-175.714471018441,-66.66370976194808,176.04265183804776,170.771484375,0.0001250038148136845,0.000250007629627369
3.6647786100000133,8.0703125,-4.21875,-3.61328125,0.001953125,0.001953125,0.0,-130.80230847952038,-55.57411948778862,136.20457117392766,8.921875,-0.29296875,-3.8359375,0.0,0.0,0.0,-175.714471018441,-66.66370976194808,176.04265183804776,170.771484375,0.0001250038148136845,0.0001250038148136845
3.6694919470000116,8.0703125,-4.21875,-3.61328125,0.001953125,0.0,0.0,-130.80230847952038,-55.57411948778862,136.20457117392766,8.921875,-0.29296875,-3.8359375,0.0,0.0,0.0,-175.71248342375927,-66.65400418708896,176.04076292827412,170.771484375,0.000250007629627369,0.0001250038148136845
3.6955029609999883,8.0703125,-4.21875,-3.61328125,0.001953125,0.0,0.0,-130.80230847952038,-55.57411948778862,136.20457117392766,8.921875,-0.29296875,-3.8359375,0.0,0.0,0.0,-175.71248342375927,-66.65400418708896,176.04076292827412,170.771484375,0.000250007629627369,0.00037501144444105353
3.7054775910000046,8.07421875,-4.1796875,-3.61328125,0.001953125,0.0,0.0,-130.80230847952038,-55.57411948778862,136.20457117392766,8.921875,-0.29296875,-3.8359375,0.0,0.0,0.0,-175.71248342375927,-66.65400418708896,176.04076292827412,170.771484375,0.0001250038148136845,0.0001250038148136845
3.7147960110000042,8.07421875,-4.1796875,-3.61328125,0.001953125,0.0,0.0,-130.80230847952038,-55.57411948778862,136.20457117392766,8.953125,-0.29296875,-3.8359375,0.0,0.0,0.0,-175.71248342375927,-66.65400418708896,176.04076292827412,170.771484375,0.0001250038148136845,0.0001250038148136845
3.723214258000013,8.07421875,-4.1796875,-3.61328125,0.0,0.0,-0.001953125,-130.80230847952038,-55.57411948778862,136.20457117392766,8.953125,-0.29296875,-3.8359375,0.0,0.0,0.0,-175.71233729204644,-66.66874829391037,176.04054686498023,170.771484375,0.0001250038148136845,0.00037501144444105353
3.746207002999995,8.109375,-4.1796875,-3.61328125,0.0,0.0,-0.001953125,-130.80230847952038,-55.57411948778862,136.20457117392766,8.921875,-0.29296875,-3.8359375,0.0,0.0,0.0,-175.71233729204644,-66.66874829391037,176.04054686498023,170.771484375,0.000250007629627369,0.00037501144444105353
3.7604498910000075,8.109375,-4.1796875,-3.61328125,0.0,0.0,-0.001953125,-130.80230847952038,-55.57411948778862,136.20457117392766,8.921875,-0.29296875,-3.8359375,0.0,0.0,0.0,-175.71233729204644,-66.66874829391037,176.04054686498023,170.771484375,0.000250007629627369,0.0001250038148136845
3.7660429199999896,8.11328125,-4.21875,-3.61328125,-0.00390625,-0.001953125,0.001953125,-130.80026567119006,-55.57184821877056,136.1972602672273,8.921875,-0.29296875,-3.8359375,0.0,0.0,0.0,-175.71233729204644,-66.66874829391037,176.04054686498023,170.771484375,0.000250007629627369,0.0001250038148136845
3.779835706,8.11328125,-4.21875,-3.61328125,-0.00390625,-0.001953125,0.001953125,-130.80026567119006,-55.57184821877056,136.1972602672273,8.921875,-0.29296875,-3.8359375,0.0,0.0,0.0,-175.71233729204644,-66.66874829391037,176.04054686498023,170.771484375,0.000250007629627369,0.0001250038148136845
3.7986032629999897,8.07421875,-4.1796875,-3.61328125,-0.00390625,-0.001953125,0.001953125,-130.80026567119006,-55.57184821877056,136.1972602672273,8.921875,-0.29296875,-3.8359375,0.0,0.0,0.0,-175.71233729204644,-66.66874829391037,176.04054686498023,170.771484375,0.0001250038148136845,0.0001250038148136845
3.808731553000001,8.07421875,-4.1796875,-3.61328125,-0.00390625,-0.001953125,0.001953125,-130.80026567119006,-55.57184821877056,136.1972602672273,8.953125,-0.29296875,-3.8359375,0.0,0.0,0.0,-175.71233729204644,-66.66874829391037,176.04054686498023,170.771484375,0.0001250038148136845,0.00037501144444105353
3.818404173999994,8.07421875,-4.1796875,-3.61328125,-0.001953125,0.0,0.001953125,-130.80026567119006,-55.57184821877056,136.1972602672273,8.953125,-0.29296875,-3.8359375,0.0,0.0,0.0,-175.71034774159267,-66.6590396636614,176.03865605227557,170.771484375,0.0001250038148136845,0.00037501144444105353
3.837335118999988,8.07421875,-4.1796875,-3.61328125,-0.001953125,0.0,0.001953125,-130.80026567119006,-55.57184821877056,136.1972602672273,8.953125,-0.29296875,-3.8359375,0.0,0.0,0.0,-175.71034774159267,-66.6590396636614,176.03865605227557,170.771484375,0.0001250038148136845,0.00037501144444105353
3.8558568889999947,8.07421875,-4.1796875,-3.61328125,-0.001953125,0.0,0.001953125,-130.80026567119006,-55.57184821877056,136.1972602672273,8.953125,-0.29296875,-3.8359375,0.0,0.0,0.0,-175.71034774159267,-66.6590396636614,176.03865605227557,170.771484375,0.000250007629627369,0.00037501144444105353
3.865907837000009,8.07421875,-4.1796875,-3.61328125,0.001953125,0.0,0.0,-130.80026567119006,-55.57184821877056,136.1972602672273,8.921875,-0.29296875,-3.8359375,0.0,0.0,0.0,-175.71020153524339,-66.67378569718636,176.03843987856607,170.771484375,0.0001250038148136845,0.0001250038148136845
3.889153120000003,8.07421875,-4.1796875,-3.61328125,0.001953125,0.0,0.0,-130.80026567119006,-55.57184821877056,136.1972602672273,8.921875,-0.29296875,-3.8359375,0.0,0.0,0.0,-175.71020153524339,-66.67378569718636,176.03843987856607,170.771484375,0.0001250038148136845,0.000250007629627369
3.8991559730000063,8.07421875,-4.1796875,-3.61328125,0.001953125,0.0,0.0,-130.80026567119006,-55.57184821877056,136.1972602672273,8.953125,-0.29296875,-3.8359375,0.0,0.0,0.0,-175.71020153524339,-66.67378569718636,176.03843987856607,170.771484375,0.000250007629627369,0.000250007629627369
3.9128422020000073,8.07421875,-4.1796875,-3.61328125,0.001953125,0.0,0.0,-130.80026567119006,-55.57184821877056,136.1972602672273,8.953125,-0.29296875,-3.8359375,0.0,0.0,0.0,-175.71020153524339,-66.67378569718636,176.03843987856607,170.771484375,0.000250007629627369,0.000250007629627369
3.9182936020000056,8.07421875,-4.1796875,-3.61328125,0.0,0.0,0.0,-130.80026567119006,-55.57184821877056,136.1972602672273,8.953125,-0.29296875,-3.8359375,0.0,0.0,0.0,-175.71020153524339,-66.67378569718636,176.03843987856607,170.771484375,0.00037501144444105353,0.000250007629627369
3.9309123339999985,8.07421875,-4.1796875,-3.61328125,0.0,0.0,0.0,-130.80026567119006,-55.57184821877056,136.1972602672273,8.921875,-0.29296875,-3.8359375,0.0,0.0,0.0,-175.71020153524339,-66.67378569718636,176.03843987856607,170.771484375,0.00037501144444105353,0.0001250038148136845
3.9489413469999874,8.07421875,-4.1796875,-3.61328125,0.0,0.0,0.0,-130.80026567119006,-55.57184821877056,136.1972602672273,8.921875,-0.29296875,-3.8359375,0.0,0.0,0.0,-175.71020153524339,-66.67378569718636,176.03843987856607,170.771484375,0.00037501144444105353,0.0001250038148136845
3.9542027679999876,8.07421875,-4.1796875,-3.61328125,0.0,0.0,0.0,-130.80026567119006,-55.57184821877056,136.1972602672273,8.921875,-0.29296875,-3.8359375,0.0,0.0,0.0,-175.71020153524339,-66.67378569718636,176.03843987856607,170.771484375,0.00037501144444105353,0.00037501144444105353
3.9590510140000106,8.07421875,-4.1796875,-3.61328125,0.0,0.0,0.0,-130.80026567119006,-55.57184821877056,136.1972602672273,8.921875,-0.29296875,-3.875,0.0,0.0,0.0,-175.71020153524339,-66.67378569718636,176.03843987856607,170.771484375,0.000250007629627369,0.00037501144444105353
3.9730191239999897,8.07421875,-4.1796875,-3.61328125,0.0,0.0,0.001953125,-130.79364835514758,-55.57036381006655,136.19566739244678,8.921875,-0.29296875,-3.875,0.0,0.0,0.0,-175.71020153524339,-66.67378569718636,176.03843987856607,170.771484375,0.000250007629627369,0.00037501144444105353
3.9945242530000087,8.109375,-4.1796875,-3.65234375,0.0,0.0,0.001953125,-130.79364835514758,-55.57036381006655,136.19566739244678,8.953125,-0.29296875,-3.8359375,0.0,0.0,0.0,-175.71020153524339,-66.67378569718636,176.03843987856607,170.771484375,0.0001250038148136845,0.00037501144444105353
4.0082567199999914,8.109375,-4.1796875,-3.65234375,0.0,0.0,0.001953125,-130.79364835514758,-55.57036381006655,136.19566739244678,8.953125,-0.29296875,-3.8359375,0.0,0.0,0.0,-175.71020153524339,-66.67378569718636,176.03843987856607,170.771484375,0.0001250038148136845,0.000500015259254738
4.013527836999998,8.109375,-4.1796875,-3.65234375,0.0,0.0,0.001953125,-130.79364835514758,-55.57036381006655,136.19566739244678,8.953125,-0.29296875,-3.8359375,0.0,0.0,0.0,-175.71020153524339,-66.67378569718636,176.03843987856607,170.771484375,0.0001250038148136845,0.000500015259254738
4.018623660999992,8.109375,-4.1796875,-3.61328125,0.001953125,0.0,-0.001953125,-130.79364835514758,-55.57036381006655,136.19566739244678,8.921875,-0.29296875,-3.8359375,0.0,0.0,0.0,-175.71020153524339,-66.67378569718636,176.03843987856607,170.771484375,0.0001250038148136845,0.00037501144444105353
4.046766789000003,8.109375,-4.1796875,-3.61328125,0.001953125,0.0,-0.001953125,-130.79364835514758,-55.57036381006655,136.19566739244678,8.921875,-0.29296875,-3.8359375,0.0,0.0,0.0,-175.71020153524339,-66.67378569718636,176.03843987856607,170.771484375,0.0001250038148136845,0.00037501144444105353
4.052062352999997,8.109375,-4.1796875,-3.61328125,0.001953125,0.0,-0.001953125,-130.79364835514758,-55.57036381006655,136.19566739244678,8.921875,-0.29296875,-3.8359375,0.0,0.0,0.0,-175.71020153524339,-66.67378569718636,176.03843987856607,170.771484375,0.0001250038148136845,0.000500015259254738
4.057519256999996,8.109375,-4.1796875,-3.61328125,0.001953125,0.0,-0.001953125,-130.79364835514758,-55.57036381006655,136.19566739244678,8.921875,-0.29296875,-3.8359375,0.0,0.0,0.0,-175.71020153524339,-66.67378569718636,176.03843987856607,170.771484375,0.000250007629627369,0.000500015259254738
4.0717859529999885,8.109375,-4.1796875,-3.61328125,0.001953125,0.0,0.0,-130.80026567119006,-55.57184821877056,136.1972602672273,8.921875,-0.29296875,-3.8359375,0.0,0.0,0.0,-175.71005532895006,-66.6885405370993,176.03822370496954,170.771484375,0.000250007629627369,0.000500015259254738
4.090213741000014,8.07421875,-4.1796875,-3.61328125,0.001953125,0.0,0.0,-130.80026567119006,-55.57184821877056,136.1972602672273,8.953125,-0.29296875,-3.8359375,0.0,0.0,0.0,-175.71005532895006,-66.6885405370993,176.03822370496954,170.771484375,0.000250007629627369,0.000500015259254738
4.108960370999995,8.07421875,-4.1796875,-3.61328125,0.001953125,0.0,0.0,-130.80026567119006,-55.57184821877056,136.1972602672273,8.953125,-0.29296875,-3.8359375,0.0,0.0,0.0,-175.71005532895006,-66.6885405370993,176.03822370496954,170.771484375,0.000250007629627369,0.0001250038148136845
4.114370908000012,8.07421875,-4.1796875,-3.61328125,0.001953125,0.0,0.0,-130.80026567119006,-55.57184821877056,136.1972602672273,8.953125,-0.29296875,-3.8359375,0.0,0.0,0.0,-175.71005532895006,-66.6885405370993,176.03822370496954,170.771484375,0.000250007629627369,0.0001250038148136845
4.119394222000011,8.109375,-4.1796875,-3.61328125,0.0,0.0,-0.001953125,-130.80026567119006,-55.57184821877056,136.1972602672273,8.921875,-0.29296875,-3.8359375,0.0,0.0,0.0,-175.70806374514862,-66.67882197112446,176.03633087594477,170.771484375,0.000250007629627369,0.0006250190740684225
4.148843497000001,8.109375,-4.1796875,-3.61328125,0.0,0.0,-0.001953125,-130.80026567119006,-55.57184821877056,136.1972602672273,8.921875,-0.29296875,-3.8359375,0.0,0.0,0.0,-175.70806374514862,-66.67882197112446,176.03633087594477,170.771484375,0.000250007629627369,0.0006250190740684225
4.154350448999992,8.07421875,-4.1796875,-3.61328125,0.0,0.0,-0.001953125,-130.80026567119006,-55.57184821877056,136.1972602672273,8.921875,-0.29296875,-3.8359375,0.0,0.0,0.0,-175.70806374514862,-66.67882197112446,176.03633087594477,170.771484375,0.000250007629627369,0.0006250190740684225
4.168163042000003,8.07421875,-4.1796875,-3.61328125,-0.00390625,0.0,0.001953125,-130.80026567119006,-55.57184821877056,136.1972602672273,8.921875,-0.29296875,-3.8359375,0.0,0.0,0.0,-175.70806374514862,-66.67882197112446,176.03633087594477,170.771484375,0.0001250038148136845,0.0006250190740684225
4.1859197089999896,8.11328125,-4.21875,-3.61328125,-0.00390625,0.0,0.001953125,-130.80026567119006,-55.57184821877056,136.1972602672273,8.921875,-0.29296875,-3.8359375,0.0,0.0,0.0,-175.70806374514862,-66.67882197112446,176.03633087594477,170.771484375,0.0001250038148136845,0.0001250038148136845
4.204396169000006,8.11328125,-4.21875,-3.61328125,-0.00390625,0.0,0.001953125,-130.80026567119006,-55.57184821877056,136.1972602672273,8.921875,-0.29296875,-3.8359375,0.0,0.0,0.0,-175.70806374514862,-66.67882197112446,176.03633087594477,170.771484375,0.00037501144444105353,0.0001250038148136845
4.210076076000007,8.11328125,-4.21875,-3.61328125,-0.00390625,0.0,0.001953125,-130.80026567119006,-55.57184821877056,136.1972602672273,8.921875,-0.29296875,-3.8359375,0.0,0.0,0.0,-175.70806374514862,-66.67882197112446,176.03633087594477,170.771484375,0.00037501144444105353,0.0
4.215588980000007,8.11328125,-4.21875,-3.61328125,-0.00390625,0.0,0.001953125,-130.80026567119006,-55.57184821877056,136.1972602672273,8.921875,-0.29296875,-3.8359375,0.0,0.0,0.0,-175.70806374514862,-66.67882197112446,176.03633087594477,170.771484375,0.0001250038148136845,0.0
4.220088752999999,8.0703125,-4.21875,-3.61328125,0.0,-0.001953125,0.001953125,-130.8237475845469,-55.57203849291555,136.22075453181617,8.953125,-0.29296875,-3.8359375,0.0,0.0,0.0,-175.70806374514862,-66.67882197112446,176.03633087594477,170.771484375,0.0001250038148136845,0.00037501144444105353
4.249750471999988,8.07421875,-4.1796875,-3.61328125,0.0,-0.001953125,0.001953125,-130.8237475845469,-55.57203849291555,136.22075453181617,8.921875,-0.29296875,-3.8359375,0.0,0.0,0.0,-175.70806374514862,-66.67882197112446,176.03633087594477,170.771484375,0.0001250038148136845,0.00037501144444105353
4.262939463000009,8.07421875,-4.1796875,-3.61328125,0.0,-0.001953125,0.001953125,-130.8237475845469,-55.57203849291555,136.22075453181617,8.921875,-0.29296875,-3.8359375,0.0,0.0,0.0,-175.70806374514862,-66.67882197112446,176.03633087594477,170.771484375,0.0001250038148136845,0.0
4.268971746999995,8.07421875,-4.1796875,-3.61328125,0.0,0.0,0.0,-130.8237475845469,-55.57203849291555,136.22075453181617,8.953125,-0.29296875,-3.8359375,0.0,0.0,0.0,-175.70791746414855,-66.69357874239975,176.03611459182855,170.771484375,0.0001250038148136845,0.0
4.291334809000006,8.07421875,-4.1796875,-3.61328125,0.0,0.0,0.0,-130.8237475845469,-55.57203849291555,136.22075453181617,8.953125,-0.29296875,-3.8359375,0.0,0.0,0.0,-175.70791746414855,-66.69357874239975,176.03611459182855,170.771484375,0.0001250038148136845,0.0001250038148136845
4.303940772999994,8.07421875,-4.1796875,-3.61328125,0.0,0.0,0.0,-130.8237475845469,-55.57203849291555,136.22075453181617,8.953125,-0.29296875,-3.8359375,0.0,0.0,0.0,-175.70791746414855,-66.69357874239975,176.03611459182855,170.771484375,0.000250007629627369,0.0001250038148136845
4.309073524000013,8.07421875,-4.1796875,-3.61328125,0.0,0.0,0.0,-130.8237475845469,-55.57203849291555,136.22075453181617,8.953125,-0.29296875,-3.8359375,0.0,0.0,0.0,-175.70791746414855,-66.69357874239975,176.03611459182855,170.771484375,0.000250007629627369,0.0001250038148136845
4.3139490339999895,8.07421875,-4.1796875,-3.61328125,0.0,0.0,0.0,-130.83037039284397,-55.57352220983476,136.2223526152884,8.921875,-0.29296875,-3.875,0.0,0.0,0.0,-175.70791746414855,-66.69357874239975,176.03611459182855,170.771484375,0.0001250038148136845,0.0001250038148136845
4.331599974999989,8.07421875,-4.1796875,-3.61328125,0.0,0.0,0.0,-130.83037039284397,-55.57352220983476,136.2223526152884,8.921875,-0.29296875,-3.875,0.0,0.0,0.0,-175.70791746414855,-66.69357874239975,176.03611459182855,170.771484375,0.0001250038148136845,0.00037501144444105353
4.3417284889999905,8.07421875,-4.1796875,-3.61328125,0.0,0.0,0.0,-130.83037039284397,-55.57352220983476,136.2223526152884,8.921875,-0.29296875,-3.8359375,0.0,0.0,0.0,-175.70791746414855,-66.69357874239975,176.03611459182855,170.771484375,0.0001250038148136845,0.00037501144444105353
4.355198177999995,8.07421875,-4.1796875,-3.61328125,0.0,0.0,0.0,-130.83037039284397,-55.57352220983476,136.2223526152884,8.921875,-0.29296875,-3.8359375,0.0,0.0,0.0,-175.70791746414855,-66.69357874239975,176.03611459182855,170.771484375,0.0001250038148136845,0.000500015259254738
4.364060064,8.07421875,-4.1796875,-3.61328125,0.0,0.0,0.0,-130.83037039284397,-55.57352220983476,136.2223526152884,8.921875,-0.29296875,-3.8359375,0.0,0.0,0.0,-175.70791746414855,-66.69357874239975,176.03611459182855,170.771484375,0.0,0.000500015259254738
4.369179887999991,8.0703125,-4.21875,-3.61328125,0.0,0.0,0.0,-130.83037039284397,-55.57352220983476,136.2223526152884,8.953125,-0.29296875,-3.8359375,0.0,0.0,0.0,-175.70791746414855,-66.69357874239975,176.03611459182855,170.771484375,0.0,0.00037501144444105353
4.397838044999986,8.0703125,-4.21875,-3.61328125,0.0,0.0,0.0,-130.83037039284397,-55.57352220983476,136.2223526152884,8.953125,-0.29296875,-3.8359375,0.0,0.0,0.0,-175.70791746414855,-66.69357874239975,176.03611459182855,170.771484375,0.00037501144444105353,0.00037501144444105353
4.403126345000004,8.0703125,-4.21875,-3.61328125,0.0,0.0,0.0,-130.83037039284397,-55.57352220983476,136.2223526152884,8.953125,-0.29296875,-3.8359375,0.0,0.0,0.0,-175.70791746414855,-66.69357874239975,176.03611459182855,170.771484375,0.00037501144444105353,0.00037501144444105353
4.40864513599999,8.07421875,-4.1796875,-3.61328125,0.0,0.0,0.0,-130.83037039284397,-55.57352220983476,136.2223526152884,8.921875,-0.29296875,-3.8359375,0.0,0.0,0.0,-175.70791746414855,-66.69357874239975,176.03611459182855,170.771484375,0.000250007629627369,0.00037501144444105353
4.422792313999992,8.07421875,-4.1796875,-3.61328125,0.0,0.0,0.0,-130.83037039284397,-55.57352220983476,136.2223526152884,8.921875,-0.29296875,-3.8359375,0.0,0.0,0.0,-175.70791746414855,-66.69357874239975,176.03611459182855,170.771484375,0.000250007629627369,0.000250007629627369
4.4404041520000135,8.0703125,-4.21875,-3.61328125,0.0,0.0,0.0,-130.83037039284397,-55.57352220983476,136.2223526152884,8.921875,-0.29296875,-3.8359375,0.0,0.0,0.0,-175.70791746414855,-66.69357874239975,176.03611459182855,170.771484375,0.000500015259254738,0.000250007629627369
4.459117214999992,8.0703125,-4.21875,-3.61328125,0.0,0.0,0.0,-130.83037039284397,-55.57352220983476,136.2223526152884,8.921875,-0.29296875,-3.8359375,0.0,0.0,0.0,-175.70791746414855,-66.69357874239975,176.03611459182855,170.771484375,0.000500015259254738,0.0
4.464609061999994,8.0703125,-4.21875,-3.61328125,0.0,0.0,0.0,-130.83037039284397,-55.57352220983476,136.2223526152884,8.921875,-0.29296875,-3.8359375,0.0,0.0,0.0,-175.70791746414855,-66.69357874239975,176.03611459182855,170.771484375,0.000250007629627369,0.0
4.469724117999988,8.109375,-4.1796875,-3.61328125,0.0,0.0,0.0,-130.83037039284397,-55.57352220983476,136.2223526152884,8.921875,-0.25390625,-3.875,0.0,0.0,0.0,-175.70791746414855,-66.69357874239975,176.03611459182855,170.771484375,0.000250007629627369,0.000500015259254738
4.499763556999994,8.109375,-4.1796875,-3.61328125,0.0,0.0,0.0,-130.83037039284397,-55.57352220983476,136.2223526152884,8.921875,-0.25390625,-3.8359375,0.0,0.0,0.0,-175.70791746414855,-66.69357874239975,176.03611459182855,170.771484375,0.000250007629627369,0.000500015259254738
4.512105974000008,8.109375,-4.1796875,-3.61328125,0.0,0.0,0.0,-130.83037039284397,-55.57352220983476,136.2223526152884,8.921875,-0.25390625,-3.8359375,0.0,0.0,0.0,-175.70791746414855,-66.69357874239975,176.03611459182855,170.771484375,0.000250007629627369,0.00037501144444105353
4.537159537999997,8.109375,-4.1796875,-3.61328125,0.0,0.0,0.0,-130.83037039284397,-55.57352220983476,136.2223526152884,8.953125,-0.33203125,-3.8359375,0.0,0.0,0.0,-175.70791746414855,-66.69357874239975,176.03611459182855,170.771484375,0.00037501144444105353,0.00037501144444105353
4.552578527999998,8.0703125,-4.21875,-3.61328125,0.0,0.0,0.0,-130.83037039284397,-55.57352220983476,136.2223526152884,8.953125,-0.33203125,-3.8359375,0.0,0.0,0.0,-175.70791746414855,-66.69357874239975,176.03611459182855,170.771484375,0.00037501144444105353,0.000500015259254738
4.562108690000002,8.0703125,-4.21875,-3.61328125,0.0,0.0,0.0,-130.83037039284397,-55.57352220983476,136.2223526152884,8.921875,-0.25390625,-3.8359375,0.0,0.0,0.0,-175.70791746414855,-66.69357874239975,176.03611459182855,170.771484375,0.0001250038148136845,0.000500015259254738
4.572318517000014,8.07421875,-4.1796875,-3.61328125,0.0,0.0,0.0,-130.83037039284397,-55.57352220983476,136.2223526152884,8.921875,-0.25390625,-3.8359375,0.0,0.0,0.0,-175.70806374514862,-66.67882197112446,176.03633087594477,170.771484375,0.0001250038148136845,0.000500015259254738
4.591661875,8.07421875,-4.1796875,-3.61328125,0.0,0.0,0.0,-130.83037039284397,-55.57352220983476,136.2223526152884,8.953125,-0.29296875,-3.8359375,0.0,0.0,0.0,-175.70806374514862,-66.67882197112446,176.03633087594477,170.771484375,0.000250007629627369,0.000500015259254738
4.604810678999996,8.109375,-4.1796875,-3.61328125,0.0,0.0,0.0,-130.83037039284397,-55.57352220983476,136.2223526152884,8.953125,-0.29296875,-3.8359375,0.0,0.0,0.0,-175.70806374514862,-66.67882197112446,176.03633087594477,170.771484375,0.000250007629627369,0.000250007629627369
4.61442279100001,8.109375,-4.1796875,-3.61328125,0.0,0.0,0.0,-130.83037039284397,-55.57352220983476,136.2223526152884,8.953125,-0.29296875,-3.8359375,0.0,0.0,0.0,-175.70806374514862,-66.67882197112446,176.03633087594477,170.771484375,0.000250007629627369,0.000250007629627369
4.6196145190000095,8.109375,-4.1796875,-3.61328125,0.0,0.0,0.0,-130.8294001875233,-55.58365300187448,136.2207135955927,8.921875,-0.29296875,-3.8359375,0.0,0.0,0.0,-175.70806374514862,-66.67882197112446,176.03633087594477,170.771484375,0.000250007629627369,0.00037501144444105353
4.641710617000001,8.0703125,-4.21875,-3.61328125,0.0,0.0,0.0,-130.8294001875233,-55.58365300187448,136.2207135955927,8.921875,-0.29296875,-3.8359375,0.0,0.0,0.0,-175.70806374514862,-66.67882197112446,176.03633087594477,170.771484375,0.000250007629627369,0.00037501144444105353
4.655188820999996,8.0703125,-4.21875,-3.61328125,0.0,0.0,0.0,-130.8294001875233,-55.58365300187448,136.2207135955927,8.921875,-0.29296875,-3.8359375,0.0,0.0,0.0,-175.70806374514862,-66.67882197112446,176.03633087594477,170.771484375,0.000250007629627369,0.000500015259254738
4.66025492,8.0703125,-4.21875,-3.61328125,0.0,0.0,0.0,-130.8294001875233,-55.58365300187448,136.2207135955927,8.953125,-0.33203125,-3.8359375,0.0,0.0,0.0,-175.70806374514862,-66.67882197112446,176.03633087594477,170.771484375,0.000250007629627369,0.000500015259254738
4.670602344000002,8.0703125,-4.21875,-3.61328125,0.0,0.0,0.0,-130.8294001875233,-55.58365300187448,136.2207135955927,8.953125,-0.33203125,-3.8359375,0.0,0.0,0.0,-175.70806374514862,-66.67882197112446,176.03633087594477,170.771484375,0.000250007629627369,0.00037501144444105353
4.69057493599999,8.0703125,-4.21875,-3.61328125,0.0,0.0,0.0,-130.8294001875233,-55.58365300187448,136.2207135955927,8.921875,-0.25390625,-3.8359375,0.0,0.0,0.0,-175.70806374514862,-66.67882197112446,176.03633087594477,170.771484375,0.0001250038148136845,0.00037501144444105353
4.704237905000014,8.109375,-4.1796875,-3.61328125,0.0,0.0,0.0,-130.8294001875233,-55.58365300187448,136.2207135955927,8.921875,-0.25390625,-3.8359375,0.0,0.0,0.0,-175.70806374514862,-66.67882197112446,176.03633087594477,170.771484375,0.0001250038148136845,0.00037501144444105353
4.713365100000004,8.109375,-4.1796875,-3.61328125,0.0,0.0,0.0,-130.8294001875233,-55.58365300187448,136.2207135955927,8.921875,-0.25390625,-3.8359375,0.0,0.0,0.0,-175.70806374514862,-66.67882197112446,176.03633087594477,170.771484375,0.00037501144444105353,0.00037501144444105353
4.718874900999992,8.109375,-4.1796875,-3.61328125,0.0,0.0,0.0,-130.8294001875233,-55.58365300187448,136.2207135955927,8.921875,-0.25390625,-3.8359375,0.0,0.0,0.0,-175.70806374514862,-66.67882197112446,176.03633087594477,170.771484375,0.00037501144444105353,0.00037501144444105353
4.740999093999989,8.07421875,-4.1796875,-3.65234375,0.0,0.0,0.0,-130.8294001875233,-55.58365300187448,136.2207135955927,8.921875,-0.25390625,-3.8359375,0.0,0.0,0.0,-175.70806374514862,-66.67882197112446,176.03633087594477,170.771484375,0.0001250038148136845,0.00037501144444105353
4.755043750999988,8.07421875,-4.1796875,-3.65234375,0.0,0.0,0.0,-130.8294001875233,-55.58365300187448,136.2207135955927,8.921875,-0.29296875,-3.8359375,0.0,0.0,0.0,-175.70806374514862,-66.67882197112446,176.03633087594477,170.771484375,0.0001250038148136845,0.000500015259254738
4.763146328000005,8.07421875,-4.1796875,-3.61328125,0.0,0.0,0.0,-130.80892863856707,-55.575603283337095,136.20616672254133,8.921875,-0.29296875,-3.8359375,0.0,0.0,0.0,-175.70806374514862,-66.67882197112446,176.03633087594477,170.771484375,0.000250007629627369,0.000500015259254738
4.780663100999988,8.07421875,-4.1796875,-3.61328125,0.0,0.0,0.0,-130.80892863856707,-55.575603283337095,136.20616672254133,8.953125,-0.29296875,-3.8359375,0.0,0.0,0.0,-175.70806374514862,-66.67882197112446,176.03633087594477,170.771484375,0.000250007629627369,0.0001250038148136845
4.797996261999998,8.0703125,-4.21875,-3.61328125,0.0,0.0,0.0,-130.80892863856707,-55.575603283337095,136.20616672254133,8.953125,-0.29296875,-3.8359375,0.0,0.0,0.0,-175.70806374514862,-66.67882197112446,176.03633087594477,170.771484375,0.00037501144444105353,0.0001250038148136845
4.808338695000003,8.0703125,-4.21875,-3.61328125,0.0,0.0,0.0,-130.80892863856707,-55.575603283337095,136.20616672254133,8.953125,-0.29296875,-3.8359375,0.0,0.0,0.0,-175.70806374514862,-66.67882197112446,176.03633087594477,170.771484375,0.00037501144444105353,0.00037501144444105353
4.813480311000006,8.0703125,-4.21875,-3.61328125,0.0,0.0,0.0,-130.80892863856707,-55.575603283337095,136.20616672254133,8.953125,-0.29296875,-3.8359375,0.0,0.0,0.0,-175.70806374514862,-66.67882197112446,176.03633087594477,170.771484375,0.0001250038148136845,0.00037501144444105353
4.8185888410000075,8.109375,-4.1796875,-3.61328125,0.0,0.0,0.0,-130.80892863856707,-55.575603283337095,136.20616672254133,8.921875,-0.29296875,-3.8359375,0.0,0.0,0.0,-175.70806374514862,-66.67882197112446,176.03633087594477,170.771484375,0.0001250038148136845,0.00037501144444105353
4.850663636000007,8.109375,-4.1796875,-3.61328125,0.0,0.0,0.0,-130.80892863856707,-55.575603283337095,136.20616672254133,8.921875,-0.25390625,-3.8359375,0.0,0.0,0.0,-175.70806374514862,-66.67882197112446,176.03633087594477,170.771484375,0.000250007629627369,0.00037501144444105353
4.861293837999995,8.07421875,-4.1796875,-3.61328125,0.0,0.0,0.0,-130.80892863856707,-55.575603283337095,136.20616672254133,8.921875,-0.25390625,-3.8359375,0.0,0.0,0.0,-175.70806374514862,-66.67882197112446,176.03633087594477,170.771484375,0.000250007629627369,0.00037501144444105353
4.870896413999986,8.07421875,-4.1796875,-3.61328125,0.0,0.0,0.0,-130.80892863856707,-55.575603283337095,136.20616672254133,8.953125,-0.29296875,-3.8359375,0.0,0.0,0.0,-175.70791746414855,-66.69357874239975,176.03611459182855,170.771484375,0.00037501144444105353,0.00037501144444105353
4.893350008999988,8.0703125,-4.21875,-3.61328125,0.0,0.0,0.0,-130.80892863856707,-55.575603283337095,136.20616672254133,8.953125,-0.29296875,-3.8359375,0.0,0.0,0.0,-175.70791746414855,-66.69357874239975,176.03611459182855,170.771484375,0.00037501144444105353,0.0001250038148136845
4.905869161999988,8.0703125,-4.21875,-3.61328125,0.0,0.0,0.0,-130.80892863856707,-55.575603283337095,136.20616672254133,8.953125,-0.29296875,-3.8359375,0.0,0.0,0.0,-175.70791746414855,-66.69357874239975,176.03611459182855,170.771484375,0.000250007629627369,0.0001250038148136845
4.910918076999991,8.0703125,-4.21875,-3.61328125,0.0,0.0,0.0,-130.80892863856707,-55.575603283337095,136.20616672254133,8.953125,-0.29296875,-3.8359375,0.0,0.0,0.0,-175.70791746414855,-66.69357874239975,176.03611459182855,170.771484375,0.000250007629627369,0.0001250038148136845
4.9212608610000075,8.07421875,-4.1796875,-3.61328125,0.0,0.0,0.0,-130.80795874901023,-55.58573385713067,136.20452742236318,8.953125,-0.29296875,-3.8359375,0.0,0.0,0.0,-175.70791746414855,-66.69357874239975,176.03611459182855,170.771484375,0.000250007629627369,0.0001250038148136845
4.942422260000001,8.07421875,-4.1796875,-3.61328125,0.0,0.0,0.0,-130.80795874901023,-55.58573385713067,136.20452742236318,8.921875,-0.25390625,-3.8359375,0.0,0.0,0.0,-175.70791746414855,-66.69357874239975,176.03611459182855,170.771484375,0.000250007629627369,0.0001250038148136845
4.957894341000014,8.07421875,-4.1796875,-3.61328125,0.0,0.0,0.0,-130.80795874901023,-55.58573385713067,136.20452742236318,8.921875,-0.25390625,-3.8359375,0.0,0.0,0.0,-175.70791746414855,-66.69357874239975,176.03611459182855,170.771484375,0.00037501144444105353,0.0001250038148136845
4.968111047999997,8.07421875,-4.1796875,-3.61328125,0.0,0.0,0.0,-130.80795874901023,-55.58573385713067,136.20452742236318,8.921875,-0.29296875,-3.8359375,0.0,0.0,0.0,-175.7323049760347,-66.69394127391566,176.06050417266607,170.771484375,0.00037501144444105353,0.000500015259254738
4.991362834,8.07421875,-4.1796875,-3.61328125,0.0,0.0,0.0,-130.80795874901023,-55.58573385713067,136.20452742236318,8.921875,-0.29296875,-3.8359375,0.0,0.0,0.0,-175.7323049760347,-66.69394127391566,176.06050417266607,170.771484375,0.00037501144444105353,0.000500015259254738
5.00550787200001,8.07421875,-4.1796875,-3.61328125,0.0,0.0,0.0,-130.80795874901023,-55.58573385713067,136.20452742236318,8.953125,-0.29296875,-3.875,0.0,0.0,0.0,-175.7323049760347,-66.69394127391566,176.06050417266607,170.771484375,0.00037501144444105353,0.00037501144444105353
5.013724814,8.07421875,-4.1796875,-3.61328125,0.0,0.0,0.0,-130.80795874901023,-55.58573385713067,136.20452742236318,8.953125,-0.29296875,-3.875,0.0,0.0,0.0,-175.7323049760347,-66.69394127391566,176.06050417266607,170.771484375,0.0001250038148136845,0.00037501144444105353
5.019149080999995,8.0703125,-4.21875,-3.61328125,0.0,0.0,0.0,-130.80795874901023,-55.58573385713067,136.20452742236318,8.953125,-0.29296875,-3.875,0.0,0.0,0.0,-175.7323049760347,-66.69394127391566,176.06050417266607,170.771484375,0.0001250038148136845,0.00037501144444105353
5.037770182999992,8.0703125,-4.21875,-3.61328125,0.0,0.0,0.0,-130.80795874901023,-55.58573385713067,136.20452742236318,8.921875,-0.29296875,-3.8359375,0.0,0.0,0.0,-175.7323049760347,-66.69394127391566,176.06050417266607,170.771484375,0.000500015259254738,0.00037501144444105353
5.051138406000007,8.109375,-4.1796875,-3.61328125,0.0,0.0,0.0,-130.80795874901023,-55.58573385713067,136.20452742236318,8.921875,-0.29296875,-3.8359375,0.0,0.0,0.0,-175.7323049760347,-66.69394127391566,176.06050417266607,170.771484375,0.000500015259254738,0.000500015259254738
5.061281769999994,8.109375,-4.1796875,-3.61328125,0.0,0.0,0.0,-130.80795874901023,-55.58573385713067,136.20452742236318,8.921875,-0.29296875,-3.8359375,0.0,0.0,0.0,-175.7323049760347,-66.69394127391566,176.06050417266607,170.771484375,0.000250007629627369,0.000500015259254738
5.066809011000004,8.109375,-4.1796875,-3.61328125,0.0,0.0,0.0,-130.80795874901023,-55.58573385713067,136.20452742236318,8.921875,-0.25390625,-3.8359375,0.0,0.0,0.0,-175.7323049760347,-66.69394127391566,176.06050417266607,170.771484375,0.000250007629627369,0.00037501144444105353
5.075173502000013,8.109375,-4.1796875,-3.61328125,0.0,0.0,0.0,-130.80795874901023,-55.58573385713067,136.20452742236318,8.921875,-0.25390625,-3.8359375,0.001953125,-0.001953125,-0.001953125,-175.7323049760347,-66.69394127391566,176.06050417266607,170.771484375,0.000250007629627369,0.00037501144444105353
5.101001615999991,8.109375,-4.1796875,-3.61328125,0.0,0.0,0.0,-130.80795874901023,-55.58573385713067,136.20452742236318,8.953125,-0.29296875,-3.8359375,0.001953125,-0.001953125,-0.001953125,-175.7323049760347,-66.69394127391566,176.06050417266607,170.771484375,0.000250007629627369,0.000250007629627369
5.111475501000001,8.109375,-4.1796875,-3.61328125,0.0,0.0,0.0,-130.80795874901023,-55.58573385713067,136.20452742236318,8.953125,-0.29296875,-3.8359375,0.001953125,-0.001953125,-0.001953125,-175.7323049760347,-66.69394127391566,176.06050417266607,170.771484375,0.0001250038148136845,0.000250007629627369
5.116794137999989,8.07421875,-4.1796875,-3.61328125,0.0,0.0,0.0,-130.80795874901023,-55.58573385713067,136.20452742236318,8.953125,-0.29296875,-3.8359375,0.001953125,-0.001953125,-0.001953125,-175.7323049760347,-66.69394127391566,176.06050417266607,170.771484375,0.0001250038148136845,0.000250007629627369
5.136067577000006,8.07421875,-4.1796875,-3.61328125,0.0,0.0,0.0,-130.80795874901023,-55.58573385713067,136.20452742236318,8.921875,-0.29296875,-3.8359375,0.0,-0.00390625,-0.001953125,-175.73032282114985,-66.68421950386178,176.05862083233464,170.771484375,0.0001250038148136845,0.000250007629627369
5.151747814000004,8.0703125,-4.21875,-3.61328125,0.0,0.0,0.0,-130.80795874901023,-55.58573385713067,136.20452742236318,8.921875,-0.29296875,-3.8359375,0.0,-0.00390625,-0.001953125,-175.73032282114985,-66.68421950386178,176.05862083233464,170.771484375,0.0001250038148136845,0.000500015259254738
5.162028327999991,8.0703125,-4.21875,-3.61328125,0.0,0.0,0.0,-130.80795874901023,-55.58573385713067,136.20452742236318,8.921875,-0.29296875,-3.875,0.0,-0.00390625,-0.001953125,-175.73032282114985,-66.68421950386178,176.05862083233464,170.771484375,0.0,0.000500015259254738
5.172323210000002,8.109375,-4.1796875,-3.61328125,0.0,0.0,0.0,-130.80795874901023,-55.58573385713067,136.20452742236318,8.953125,-0.29296875,-3.8359375,-0.00390625,-0.001953125,0.001953125,-175.73017753150947,-66.69897842345247,176.05840549987872,170.771484375,0.0,0.00037501144444105353
5.203845376000004,8.109375,-4.1796875,-3.61328125,0.0,0.0,0.0,-130.80795874901023,-55.58573385713067,136.20452742236318,8.953125,-0.29296875,-3.8359375,-0.00390625,-0.001953125,0.001953125,-175.73017753150947,-66.69897842345247,176.05840549987872,170.771484375,0.000250007629627369,0.00037501144444105353
5.210219222000006,8.0703125,-4.21875,-3.61328125,0.0,0.0,0.0,-130.80795874901023,-55.58573385713067,136.20452742236318,8.953125,-0.29296875,-3.8359375,-0.00390625,-0.001953125,0.001953125,-175.73017753150947,-66.69897842345247,176.05840549987872,170.771484375,0.000250007629627369,0.0001250038148136845
5.221109866999996,8.0703125,-4.21875,-3.61328125,0.0,0.0,0.0,-130.80795874901023,-55.58573385713067,136.20452742236318,8.921875,-0.29296875,-3.8359375,-0.00390625,-0.001953125,0.001953125,-175.74702149100617,-66.69408693539923,176.07017270602537,170.771484375,0.00037501144444105353,0.0001250038148136845
5.24422533500001,8.0703125,-4.21875,-3.61328125,0.0,0.0,0.0,-130.80795874901023,-55.58573385713067,136.20452742236318,8.921875,-0.29296875,-3.8359375,0.0,0.0,0.0,-175.74702149100617,-66.69408693539923,176.07017270602537,170.771484375,0.00037501144444105353,0.000250007629627369
5.256394575999991,8.0703125,-4.21875,-3.61328125,0.0,0.0,0.0,-130.80795874901023,-55.58573385713067,136.20452742236318,8.921875,-0.29296875,-3.8359375,0.0,0.0,0.0,-175.74702149100617,-66.69408693539923,176.07017270602537,170.771484375,0.00037501144444105353,0.000250007629627369
5.265044533000008,8.0703125,-4.21875,-3.61328125,0.0,0.0,0.0,-130.80795874901023,-55.58573385713067,136.20452742236318,8.921875,-0.29296875,-3.8359375,0.0,0.0,0.0,-175.74702149100617,-66.69408693539923,176.07017270602537,170.771484375,0.00037501144444105353,0.000250007629627369
5.270566878000011,8.07421875,-4.1796875,-3.61328125,0.00390625,0.001953125,0.001953125,-130.80795874901023,-55.58573385713067,136.20452742236318,8.921875,-0.29296875,-3.8359375,0.0,0.0,0.0,-175.74702149100617,-66.69408693539923,176.07017270602537,170.771484375,0.00037501144444105353,0.000250007629627369
5.290978340000009,8.07421875,-4.1796875,-3.61328125,0.00390625,0.001953125,0.001953125,-130.80795874901023,-55.58573385713067,136.20452742236318,8.953125,-0.25390625,-3.8359375,-0.005859375,-0.00390625,-0.001953125,-175.74702149100617,-66.69408693539923,176.07017270602537,170.771484375,0.00037501144444105353,0.000250007629627369
5.305848354999995,8.109375,-4.1796875,-3.61328125,0.00390625,0.001953125,0.001953125,-130.80795874901023,-55.58573385713067,136.20452742236318,8.953125,-0.25390625,-3.8359375,-0.005859375,-0.00390625,-0.001953125,-175.74702149100617,-66.69408693539923,176.07017270602537,170.771484375,0.0001250038148136845,0.000250007629627369
5.314248716999998,8.109375,-4.1796875,-3.61328125,0.00390625,0.001953125,0.001953125,-130.80795874901023,-55.58573385713067,136.20452742236318,8.953125,-0.25390625,-3.8359375,-0.005859375,-0.00390625,-0.001953125,-175.74702149100617,-66.69408693539923,176.07017270602537,170.771484375,0.0001250038148136845,0.00037501144444105353
5.319546298999995,8.109375,-4.1796875,-3.61328125,0.0,0.0,-0.001953125,-130.80230847952038,-55.57411948778862,136.20457117392766,8.921875,-0.25390625,-3.8359375,-0.005859375,-0.00390625,-0.001953125,-175.76173856819352,-66.69423259774241,176.07984175664953,170.771484375,0.0001250038148136845,0.00037501144444105353
5.342494699000014,8.0703125,-4.21875,-3.61328125,0.0,0.0,-0.001953125,-130.80230847952038,-55.57411948778862,136.20457117392766,8.921875,-0.25390625,-3.8359375,0.00390625,0.0,0.0,-175.76173856819352,-66.69423259774241,176.07984175664953,170.771484375,0.0001250038148136845,0.0001250038148136845
5.355470129999986,8.0703125,-4.21875,-3.61328125,0.0,0.0,-0.001953125,-130.80230847952038,-55.57411948778862,136.20457117392766,8.953125,-0.29296875,-3.8359375,0.00390625,0.0,0.0,-175.76173856819352,-66.69423259774241,176.07984175664953,170.771484375,0.000250007629627369,0.0001250038148136845
5.364451567999993,8.0703125,-4.21875,-3.61328125,0.0,0.0,-0.001953125,-130.80230847952038,-55.57411948778862,136.20457117392766,8.953125,-0.29296875,-3.8359375,0.00390625,0.0,0.0,-175.76173856819352,-66.69423259774241,176.07984175664953,170.771484375,0.000250007629627369,0.000250007629627369
5.3699656569999945,8.0703125,-4.21875,-3.61328125,0.0,-0.001953125,0.0,-130.80133884953258,-55.584249678671455,136.20293159626019,8.921875,-0.29296875,-3.8359375,0.00390625,0.0,0.0,-175.74702149100617,-66.69408693539923,176.07017270602537,170.771484375,0.00037501144444105353,0.000250007629627369
5.394263435999989,8.0703125,-4.21875,-3.61328125,0.0,-0.001953125,0.0,-130.80133884953258,-55.584249678671455,136.20293159626019,8.921875,-0.29296875,-3.8359375,0.001953125,0.00390625,0.001953125,-175.74702149100617,-66.69408693539923,176.07017270602537,170.771484375,0.00037501144444105353,0.0001250038148136845
5.404422288000006,8.07421875,-4.1796875,-3.61328125,0.0,-0.001953125,0.0,-130.80133884953258,-55.584249678671455,136.20293159626019,8.921875,-0.29296875,-3.8359375,0.001953125,0.00390625,0.001953125,-175.74702149100617,-66.69408693539923,176.07017270602537,170.771484375,0.0001250038148136845,0.0001250038148136845
5.4127150049999955,8.07421875,-4.1796875,-3.61328125,0.0,-0.001953125,0.0,-130.80133884953258,-55.584249678671455,136.20293159626019,8.921875,-0.25390625,-3.8359375,0.001953125,0.00390625,0.001953125,-175.74702149100617,-66.69408693539923,176.07017270602537,170.771484375,0.0001250038148136845,0.000250007629627369
5.421995188000011,8.07421875,-4.1796875,-3.61328125,0.001953125,0.001953125,0.0,-130.80133884953258,-55.584249678671455,136.20293159626019,8.921875,-0.25390625,-3.8359375,0.001953125,0.00390625,0.001953125,-175.74702149100617,-66.69408693539923,176.07017270602537,170.771484375,0.000250007629627369,0.000250007629627369
5.439808787000004,8.07421875,-4.1796875,-3.61328125,0.001953125,0.001953125,0.0,-130.80133884953258,-55.584249678671455,136.20293159626019,8.921875,-0.29296875,-3.875,0.001953125,0.0,0.001953125,-175.74702149100617,-66.69408693539923,176.07017270602537,170.771484375,0.000250007629627369,0.00037501144444105353
5.457579858999992,8.07421875,-4.1796875,-3.61328125,0.001953125,0.001953125,0.0,-130.80133884953258,-55.584249678671455,136.20293159626019,8.921875,-0.29296875,-3.875,0.001953125,0.0,0.001953125,-175.74702149100617,-66.69408693539923,176.07017270602537,170.771484375,0.0001250038148136845,0.00037501144444105353
5.467965905999989,8.0703125,-4.21875,-3.61328125,0.00390625,0.0,0.0,-130.80133884953258,-55.584249678671455,136.20293159626019,8.921875,-0.29296875,-3.8359375,0.001953125,0.0,0.001953125,-175.74702149100617,-66.69408693539923,176.07017270602537,170.771484375,0.00037501144444105353,0.0
5.490317327000014,8.0703125,-4.21875,-3.61328125,0.00390625,0.0,0.0,-130.80133884953258,-55.584249678671455,136.20293159626019,8.921875,-0.29296875,-3.8359375,0.001953125,-0.001953125,0.001953125,-175.74702149100617,-66.69408693539923,176.07017270602537,170.771484375,0.00037501144444105353,0.0
5.50040370100001,8.0703125,-4.21875,-3.61328125,0.00390625,0.0,0.0,-130.80133884953258,-55.584249678671455,136.20293159626019,8.921875,-0.29296875,-3.8359375,0.001953125,-0.001953125,0.001953125,-175.74702149100617,-66.69408693539923,176.07017270602537,170.771484375,0.00037501144444105353,0.0
5.510828403999994,8.0703125,-4.21875,-3.61328125,0.00390625,0.0,0.0,-130.80133884953258,-55.584249678671455,136.20293159626019,8.953125,-0.29296875,-3.875,0.001953125,-0.001953125,0.001953125,-175.74702149100617,-66.69408693539923,176.07017270602537,170.771484375,0.00037501144444105353,0.000250007629627369
5.5216989850000004,8.07421875,-4.1796875,-3.61328125,0.001953125,0.001953125,0.0,-130.79472072168736,-55.58276555632579,136.20133725103167,8.921875,-0.25390625,-3.8359375,0.0,0.001953125,0.0,-175.74197748699896,-66.69415706901272,176.0752267146473,170.771484375,0.00037501144444105353,0.000250007629627369
5.553481210000001,8.07421875,-4.1796875,-3.61328125,0.001953125,0.001953125,0.0,-130.79472072168736,-55.58276555632579,136.20133725103167,8.921875,-0.25390625,-3.8359375,0.0,0.001953125,0.0,-175.74197748699896,-66.69415706901272,176.0752267146473,170.771484375,0.00037501144444105353,0.000500015259254738
5.559151616999998,8.07421875,-4.1796875,-3.61328125,0.001953125,0.001953125,0.0,-130.79472072168736,-55.58276555632579,136.20133725103167,8.921875,-0.25390625,-3.8359375,0.0,0.001953125,0.0,-175.74197748699896,-66.69415706901272,176.0752267146473,170.771484375,0.00037501144444105353,0.000500015259254738
5.564320914000007,8.07421875,-4.1796875,-3.61328125,0.001953125,0.001953125,0.0,-130.79472072168736,-55.58276555632579,136.20133725103167,8.921875,-0.25390625,-3.8359375,0.0,0.001953125,0.0,-175.74197748699896,-66.69415706901272,176.0752267146473,170.771484375,0.00037501144444105353,0.00037501144444105353
5.573015448999996,8.07421875,-4.1796875,-3.61328125,0.0,0.0,0.001953125,-130.79472072168736,-55.58276555632579,136.20133725103167,8.921875,-0.29296875,-3.8359375,0.001953125,0.00390625,0.0,-175.75669444644635,-66.69430165278325,176.08489569999116,170.771484375,0.00037501144444105353,0.00037501144444105353
5.6017859060000035,8.0703125,-4.21875,-3.61328125,0.0,0.0,0.001953125,-130.79472072168736,-55.58276555632579,136.20133725103167,8.921875,-0.29296875,-3.8359375,0.001953125,0.00390625,0.0,-175.75669444644635,-66.69430165278325,176.08489569999116,170.771484375,0.00037501144444105353,0.00037501144444105353
5.615100982000001,8.0703125,-4.21875,-3.61328125,0.0,0.0,0.001953125,-130.79472072168736,-55.58276555632579,136.20133725103167,8.921875,-0.29296875,-3.8359375,0.001953125,0.00390625,0.0,-175.75669444644635,-66.69430165278325,176.08489569999116,170.771484375,0.00037501144444105353,0.00037501144444105353
5.6206078730000115,8.11328125,-4.21875,-3.61328125,-0.001953125,0.0,-0.00390625,-130.80133884953258,-55.584249678671455,136.20293159626019,8.921875,-0.29296875,-3.8359375,0.001953125,0.00390625,0.0,-175.75669444644635,-66.69430165278325,176.08489569999116,170.771484375,0.00037501144444105353,0.000500015259254738
5.634731154999997,8.11328125,-4.21875,-3.61328125,-0.001953125,0.0,-0.00390625,-130.80133884953258,-55.584249678671455,136.20293159626019,8.921875,-0.29296875,-3.875,0.0,0.001953125,0.0,-175.75669444644635,-66.69430165278325,176.08489569999116,170.771484375,0.000250007629627369,0.000500015259254738
5.65329527099999,8.11328125,-4.21875,-3.61328125,-0.001953125,0.0,-0.00390625,-130.80133884953258,-55.584249678671455,136.20293159626019,8.921875,-0.29296875,-3.875,0.0,0.001953125,0.0,-175.75669444644635,-66.69430165278325,176.08489569999116,170.771484375,0.000250007629627369,0.00037501144444105353
5.658888302999998,8.11328125,-4.21875,-3.61328125,-0.001953125,0.0,-0.00390625,-130.80133884953258,-55.584249678671455,136.20293159626019,8.921875,-0.29296875,-3.875,0.0,0.001953125,0.0,-175.75669444644635,-66.69430165278325,176.08489569999116,170.771484375,0.000250007629627369,0.00037501144444105353
5.6634956290000105,8.109375,-4.1796875,-3.61328125,-0.001953125,0.0,-0.00390625,-130.80133884953258,-55.584249678671455,136.20293159626019,8.953125,-0.25390625,-3.8359375,0.0,0.001953125,0.0,-175.75669444644635,-66.69430165278325,176.08489569999116,170.771484375,0.000250007629627369,0.000250007629627369
5.676649107999992,8.109375,-4.1796875,-3.61328125,0.0,0.0,-0.001953125,-130.80133884953258,-55.584249678671455,136.20293159626019,8.953125,-0.25390625,-3.8359375,-0.001953125,-0.001953125,0.001953125,-175.76636790173922,-66.69451637203517,176.09961921181682,170.771484375,0.000250007629627369,0.000250007629627369
5.699876963999998,8.109375,-4.1796875,-3.61328125,0.0,0.0,-0.001953125,-130.80133884953258,-55.584249678671455,136.20293159626019,8.921875,-0.25390625,-3.8359375,-0.001953125,-0.001953125,0.001953125,-175.76636790173922,-66.69451637203517,176.09961921181682,170.771484375,0.000250007629627369,0.000250007629627369
5.715014945000007,8.109375,-4.1796875,-3.61328125,0.0,0.0,-0.001953125,-130.80133884953258,-55.584249678671455,136.20293159626019,8.921875,-0.25390625,-3.8359375,-0.001953125,-0.001953125,0.001953125,-175.76636790173922,-66.69451637203517,176.09961921181682,170.771484375,0.000250007629627369,0.000250007629627369
5.720425965999993,8.07421875,-4.1796875,-3.61328125,0.001953125,0.001953125,0.0,-130.79472072168736,-55.58276555632579,136.20133725103167,8.921875,-0.29296875,-3.875,-0.001953125,-0.001953125,0.001953125,-175.77155612193653,-66.67968894781245,176.09477829194248,170.771484375,0.000250007629627369,0.0006250190740684225
5.744031158000013,8.07421875,-4.1796875,-3.61328125,0.001953125,0.001953125,0.0,-130.79472072168736,-55.58276555632579,136.20133725103167,8.921875,-0.29296875,-3.875,0.00390625,-0.001953125,0.0,-175.77155612193653,-66.67968894781245,176.09477829194248,170.771484375,0.000250007629627369,0.0006250190740684225
5.754153406,8.0703125,-4.21875,-3.61328125,0.001953125,0.001953125,0.0,-130.79472072168736,-55.58276555632579,136.20133725103167,8.921875,-0.29296875,-3.875,0.00390625,-0.001953125,0.0,-175.77155612193653,-66.67968894781245,176.09477829194248,170.771484375,0.000250007629627369,0.000500015259254738
5.762947201999992,8.0703125,-4.21875,-3.61328125,0.001953125,0.001953125,0.0,-130.79472072168736,-55.58276555632579,136.20133725103167,8.921875,-0.29296875,-3.8359375,0.00390625,-0.001953125,0.0,-175.77155612193653,-66.67968894781245,176.09477829194248,170.771484375,0.0001250038148136845,0.000500015259254738
5.77301508299999,8.0703125,-4.21875,-3.61328125,-0.001953125,-0.001953125,-0.00390625,-130.78086688932714,-55.57619908266968,136.18838528239647,8.921875,-0.29296875,-3.8359375,0.00390625,-0.001953125,0.0,-175.77155612193653,-66.67968894781245,176.09477829194248,170.771484375,0.0001250038148136845,0.000250007629627369
5.791847321000006,8.109375,-4.1796875,-3.61328125,-0.001953125,-0.001953125,-0.00390625,-130.78086688932714,-55.57619908266968,136.18838528239647,8.921875,-0.29296875,-3.8359375,0.001953125,-0.001953125,0.0,-175.77155612193653,-66.67968894781245,176.09477829194248,170.771484375,0.000250007629627369,0.000250007629627369
5.809353283000007,8.109375,-4.1796875,-3.61328125,-0.001953125,-0.001953125,-0.00390625,-130.78086688932714,-55.57619908266968,136.18838528239647,8.921875,-0.29296875,-3.8359375,0.001953125,-0.001953125,0.0,-175.77155612193653,-66.67968894781245,176.09477829194248,170.771484375,0.000250007629627369,0.000500015259254738
5.819504235000011,8.07421875,-4.1796875,-3.61328125,0.0,-0.001953125,0.0,-130.80133884953258,-55.584249678671455,136.20293159626019,8.921875,-0.29296875,-3.8359375,0.001953125,-0.001953125,0.0,-175.77351849595016,-66.68940785506355,176.09664341352527,170.771484375,0.0001250038148136845,0.0006250190740684225
5.84123202699999,8.07421875,-4.1796875,-3.61328125,0.0,-0.001953125,0.0,-130.80133884953258,-55.584249678671455,136.20293159626019,8.921875,-0.29296875,-3.8359375,0.001953125,0.0,0.001953125,-175.77351849595016,-66.68940785506355,176.09664341352527,170.771484375,0.000250007629627369,0.0006250190740684225
5.851360195000012,8.07421875,-4.1796875,-3.61328125,0.0,-0.001953125,0.0,-130.80133884953258,-55.584249678671455,136.20293159626019,8.953125,-0.29296875,-3.8359375,0.001953125,0.0,0.001953125,-175.77351849595016,-66.68940785506355,176.09664341352527,170.771484375,0.000250007629627369,0.000500015259254738
5.8647164219999866,8.07421875,-4.1796875,-3.61328125,0.0,-0.001953125,0.0,-130.80133884953258,-55.584249678671455,136.20293159626019,8.953125,-0.29296875,-3.8359375,0.001953125,0.0,0.001953125,-175.77351849595016,-66.68940785506355,176.09664341352527,170.771484375,0.000250007629627369,0.000500015259254738
5.870622120000007,8.07421875,-4.1796875,-3.61328125,0.001953125,0.0,0.001953125,-130.7992957048018,-55.58197782359516,136.19562109074707,8.953125,-0.29296875,-3.8359375,0.001953125,0.0,0.001953125,-175.77351849595016,-66.68940785506355,176.09664341352527,170.771484375,0.000250007629627369,0.00037501144444105353
5.885204912000006,8.07421875,-4.1796875,-3.61328125,0.001953125,0.0,0.001953125,-130.7992957048018,-55.58197782359516,136.19562109074707,8.921875,-0.29296875,-3.8359375,0.001953125,-0.001953125,0.0,-175.7736625773812,-66.67465249713646,176.0968563953111,170.771484375,0.00037501144444105353,0.00037501144444105353
5.903527752999992,8.07421875,-4.1796875,-3.61328125,0.001953125,0.0,0.001953125,-130.7992957048018,-55.58197782359516,136.19562109074707,8.921875,-0.29296875,-3.8359375,0.001953125,-0.001953125,0.0,-175.7736625773812,-66.67465249713646,176.0968563953111,170.771484375,0.00037501144444105353,0.00037501144444105353
5.909064051000001,8.07421875,-4.1796875,-3.61328125,0.001953125,0.0,0.001953125,-130.7992957048018,-55.58197782359516,136.19562109074707,8.921875,-0.29296875,-3.8359375,0.001953125,-0.001953125,0.0,-175.7736625773812,-66.67465249713646,176.0968563953111,170.771484375,0.00037501144444105353,0.00037501144444105353
5.913603474000013,8.07421875,-4.1796875,-3.61328125,0.001953125,0.0,0.001953125,-130.7992957048018,-55.58197782359516,136.19562109074707,8.921875,-0.29296875,-3.8359375,0.001953125,-0.001953125,0.0,-175.7736625773812,-66.67465249713646,176.0968563953111,170.771484375,0.00037501144444105353,0.000250007629627369
5.939564264000012,8.07421875,-4.1796875,-3.61328125,-0.00390625,0.0,0.0,-130.7992957048018,-55.58197782359516,136.19562109074707,8.921875,-0.25390625,-3.8359375,0.001953125,-0.001953125,0.0,-175.7736625773812,-66.67465249713646,176.0968563953111,170.771484375,0.00037501144444105353,0.000250007629627369
5.958090747999989,8.07421875,-4.1796875,-3.61328125,-0.00390625,0.0,0.0,-130.7992957048018,-55.58197782359516,136.19562109074707,8.953125,-0.29296875,-3.8359375,-0.001953125,-0.001953125,0.0,-175.7736625773812,-66.67465249713646,176.0968563953111,170.771484375,0.000250007629627369,0.00037501144444105353
5.966563815000001,8.07421875,-4.1796875,-3.61328125,-0.00390625,0.0,0.0,-130.7992957048018,-55.58197782359516,136.19562109074707,8.953125,-0.29296875,-3.8359375,-0.001953125,-0.001953125,0.0,-175.7736625773812,-66.67465249713646,176.0968563953111,170.771484375,0.000500015259254738,0.00037501144444105353
5.971593595999991,8.07421875,-4.1796875,-3.61328125,0.0,-0.001953125,0.0,-130.80591453247325,-55.58346267143705,136.1972157234121,8.953125,-0.29296875,-3.8359375,-0.001953125,-0.001953125,0.0,-175.7736625773812,-66.67465249713646,176.0968563953111,170.771484375,0.000500015259254738,0.00037501144444105353
5.984517767999989,8.0703125,-4.21875,-3.61328125,0.0,-0.001953125,0.0,-130.80591453247325,-55.58346267143705,136.1972157234121,8.921875,-0.29296875,-3.8359375,-0.001953125,-0.001953125,0.0,-175.7687608780264,-66.65997598321869,176.10212509345587,170.771484375,0.00037501144444105353,0.00037501144444105353
6.003184185999999,8.0703125,-4.21875,-3.61328125,0.0,-0.001953125,0.0,-130.80591453247325,-55.58346267143705,136.1972157234121,8.921875,-0.29296875,-3.8359375,-0.001953125,-0.001953125,0.0,-175.7687608780264,-66.65997598321869,176.10212509345587,170.771484375,0.00037501144444105353,0.000500015259254738
6.008607525999992,8.0703125,-4.21875,-3.61328125,0.0,-0.001953125,0.0,-130.80591453247325,-55.58346267143705,136.1972157234121,8.921875,-0.29296875,-3.8359375,-0.001953125,-0.001953125,0.0,-175.7687608780264,-66.65997598321869,176.10212509345587,170.771484375,0.000250007629627369,0.000500015259254738
6.013677817999991,8.07421875,-4.1796875,-3.61328125,0.0,-0.001953125,0.0,-130.80591453247325,-55.58346267143705,136.1972157234121,8.921875,-0.29296875,-3.8359375,-0.001953125,-0.001953125,0.0,-175.7687608780264,-66.65997598321869,176.10212509345587,170.771484375,0.000250007629627369,0.00037501144444105353
6.027172986000011,8.07421875,-4.1796875,-3.61328125,0.0,0.001953125,0.001953125,-130.80591453247325,-55.58346267143705,136.1972157234121,8.921875,-0.29296875,-3.8359375,-0.001953125,-0.001953125,0.0,-175.7687608780264,-66.65997598321869,176.10212509345587,170.771484375,0.000500015259254738,0.00037501144444105353
6.04561102400001,8.0703125,-4.21875,-3.61328125,0.0,0.001953125,0.001953125,-130.80591453247325,-55.58346267143705,136.1972157234121,8.953125,-0.29296875,-3.8359375,0.001953125,0.0,0.0,-175.7687608780264,-66.65997598321869,176.10212509345587,170.771484375,0.000500015259254738,0.0001250038148136845
6.062181998,8.0703125,-4.21875,-3.61328125,0.0,0.001953125,0.001953125,-130.80591453247325,-55.58346267143705,136.1972157234121,8.953125,-0.29296875,-3.8359375,0.001953125,0.0,0.0,-175.7687608780264,-66.65997598321869,176.10212509345587,170.771484375,0.000250007629627369,0.0001250038148136845
6.067726488000005,8.0703125,-4.21875,-3.61328125,0.0,0.001953125,0.001953125,-130.80591453247325,-55.58346267143705,136.1972157234121,8.953125,-0.29296875,-3.8359375,0.001953125,0.0,0.0,-175.7687608780264,-66.65997598321869,176.10212509345587,170.771484375,0.000250007629627369,0.000250007629627369
6.072672141999988,8.07421875,-4.1796875,-3.61328125,0.001953125,0.0,0.0,-130.8125351318657,-55.58494757544571,136.19881183710805,8.921875,-0.29296875,-3.8359375,0.001953125,0.0,0.0,-175.7687608780264,-66.65997598321869,176.10212509345587,170.771484375,0.000250007629627369,0.000250007629627369
6.094884371999996,8.07421875,-4.1796875,-3.61328125,0.001953125,0.0,0.0,-130.8125351318657,-55.58494757544571,136.19881183710805,8.921875,-0.29296875,-3.8359375,0.0,-0.001953125,0.0,-175.7687608780264,-66.65997598321869,176.10212509345587,170.771484375,0.000250007629627369,0.0001250038148136845
6.104912414000012,8.07421875,-4.1796875,-3.61328125,0.001953125,0.0,0.0,-130.8125351318657,-55.58494757544571,136.19881183710805,8.921875,-0.29296875,-3.8359375,0.0,-0.001953125,0.0,-175.7687608780264,-66.65997598321869,176.10212509345587,170.771484375,0.00037501144444105353,0.0001250038148136845
6.110268684000005,8.07421875,-4.1796875,-3.61328125,0.001953125,0.0,0.0,-130.8125351318657,-55.58494757544571,136.19881183710805,8.921875,-0.25390625,-3.875,0.0,-0.001953125,0.0,-175.7687608780264,-66.65997598321869,176.10212509345587,170.771484375,0.00037501144444105353,0.000250007629627369
6.125562948999999,8.07421875,-4.1796875,-3.61328125,0.001953125,0.0,0.0,-130.8125351318657,-55.58494757544571,136.19881183710805,8.921875,-0.25390625,-3.8359375,0.001953125,0.0,0.001953125,-175.7707227618344,-66.66968498131463,176.10398670338128,170.771484375,0.000250007629627369,0.000250007629627369
6.152276650999994,8.07421875,-4.1796875,-3.61328125,0.001953125,0.0,0.0,-130.8125351318657,-55.58494757544571,136.19881183710805,8.921875,-0.25390625,-3.8359375,0.001953125,0.0,0.001953125,-175.7707227618344,-66.66968498131463,176.10398670338128,170.771484375,0.000250007629627369,0.000250007629627369
6.162231415000008,8.07421875,-4.1796875,-3.61328125,0.001953125,0.0,0.0,-130.8125351318657,-55.58494757544571,136.19881183710805,8.921875,-0.25390625,-3.8359375,0.001953125,0.0,0.001953125,-175.7707227618344,-66.66968498131463,176.10398670338128,170.771484375,0.00037501144444105353,0.000250007629627369
6.167870270000009,8.07421875,-4.1796875,-3.61328125,0.001953125,0.0,0.0,-130.8125351318657,-55.58494757544571,136.19881183710805,8.921875,-0.25390625,-3.8359375,0.001953125,0.0,0.001953125,-175.7707227618344,-66.66968498131463,176.10398670338128,170.771484375,0.00037501144444105353,0.000500015259254738
6.200816607000007,8.07421875,-4.1796875,-3.61328125,0.0,0.001953125,-0.001953125,-130.79206059760222,-55.57689608119551,136.18426122131197,8.921875,-0.29296875,-3.875,0.0,-0.001953125,0.0,-175.7707227618344,-66.66968498131463,176.10398670338128,170.771484375,0.00037501144444105353,0.00037501144444105353
6.206255755000001,8.0703125,-4.21875,-3.61328125,0.0,0.001953125,-0.001953125,-130.79206059760222,-55.57689608119551,136.18426122131197,8.953125,-0.29296875,-3.8359375,0.0,-0.001953125,0.0,-175.7707227618344,-66.66968498131463,176.10398670338128,170.771484375,0.000500015259254738,0.00037501144444105353
6.218704992999989,8.0703125,-4.21875,-3.61328125,0.0,0.001953125,-0.001953125,-130.79206059760222,-55.57689608119551,136.18426122131197,8.953125,-0.29296875,-3.8359375,0.0,-0.001953125,0.0,-175.7707227618344,-66.66968498131463,176.10398670338128,170.771484375,0.000500015259254738,0.0006250190740684225
6.223855955000005,8.0703125,-4.21875,-3.61328125,0.0,0.0,0.0,-130.79206059760222,-55.57689608119551,136.18426122131197,8.921875,-0.29296875,-3.8359375,0.0,-0.001953125,0.0,-175.7707227618344,-66.66968498131463,176.10398670338128,170.771484375,0.0001250038148136845,0.0006250190740684225
6.245489604999989,8.0703125,-4.21875,-3.61328125,0.0,0.0,0.0,-130.79206059760222,-55.57689608119551,136.18426122131197,8.921875,-0.29296875,-3.8359375,-0.005859375,0.001953125,-0.001953125,-175.7707227618344,-66.66968498131463,176.10398670338128,170.771484375,0.0001250038148136845,0.0001250038148136845
6.258324178999999,8.0703125,-4.21875,-3.61328125,0.0,0.0,0.0,-130.79206059760222,-55.57689608119551,136.18426122131197,8.921875,-0.29296875,-3.8359375,-0.005859375,0.001953125,-0.001953125,-175.7707227618344,-66.66968498131463,176.10398670338128,170.771484375,0.000250007629627369,0.0001250038148136845
6.263468261000014,8.0703125,-4.21875,-3.61328125,0.0,0.0,0.0,-130.79206059760222,-55.57689608119551,136.18426122131197,8.921875,-0.25390625,-3.8359375,-0.005859375,0.001953125,-0.001953125,-175.7707227618344,-66.66968498131463,176.10398670338128,170.771484375,0.000250007629627369,0.0001250038148136845
6.273944005999994,8.07421875,-4.1796875,-3.61328125,-0.005859375,0.0,0.0,-130.80387195204113,-55.58119161713855,136.18990581376002,8.921875,-0.25390625,-3.8359375,-0.005859375,0.001953125,-0.001953125,-175.7707227618344,-66.66968498131463,176.10398670338128,170.771484375,0.000250007629627369,0.0001250038148136845
6.29389951600001,8.07421875,-4.1796875,-3.61328125,-0.005859375,0.0,0.0,-130.80387195204113,-55.58119161713855,136.18990581376002,8.921875,-0.25390625,-3.8359375,0.0,0.0,0.0,-175.7707227618344,-66.66968498131463,176.10398670338128,170.771484375,0.000250007629627369,0.00037501144444105353
6.307923727999992,8.109375,-4.1796875,-3.61328125,-0.005859375,0.0,0.0,-130.80387195204113,-55.58119161713855,136.18990581376002,8.921875,-0.25390625,-3.8359375,0.0,0.0,0.0,-175.7707227618344,-66.66968498131463,176.10398670338128,170.771484375,0.0001250038148136845,0.00037501144444105353
6.316615958999989,8.109375,-4.1796875,-3.61328125,-0.005859375,0.0,0.0,-130.80387195204113,-55.58119161713855,136.18990581376002,8.921875,-0.25390625,-3.8359375,0.0,0.0,0.0,-175.7707227618344,-66.66968498131463,176.10398670338128,170.771484375,0.0001250038148136845,0.000250007629627369
6.322187264000007,8.109375,-4.1796875,-3.61328125,0.00390625,0.0,-0.00390625,-130.80387195204113,-55.58119161713855,136.18990581376002,8.953125,-0.25390625,-3.875,0.0,0.0,0.0,-175.78038363664183,-66.66989948664863,176.11869784291974,170.771484375,0.000250007629627369,0.000250007629627369
6.343753268,8.07421875,-4.1796875,-3.61328125,0.00390625,0.0,-0.00390625,-130.80387195204113,-55.58119161713855,136.18990581376002,8.953125,-0.25390625,-3.875,0.0,0.0,0.0,-175.78038363664183,-66.66989948664863,176.11869784291974,170.771484375,0.000250007629627369,0.0001250038148136845
6.356763230000013,8.07421875,-4.1796875,-3.61328125,0.00390625,0.0,-0.00390625,-130.80387195204113,-55.58119161713855,136.18990581376002,8.953125,-0.25390625,-3.875,0.0,0.0,0.0,-175.78038363664183,-66.66989948664863,176.11869784291974,170.771484375,0.000250007629627369,0.0001250038148136845
6.3623893820000035,8.07421875,-4.1796875,-3.61328125,0.00390625,0.0,-0.00390625,-130.80387195204113,-55.58119161713855,136.18990581376002,8.921875,-0.29296875,-3.8359375,0.0,0.0,0.0,-175.78038363664183,-66.66989948664863,176.11869784291974,170.771484375,0.000250007629627369,0.000250007629627369
6.371943033999997,8.07421875,-4.1796875,-3.61328125,0.0,0.0,0.0,-130.80591453247325,-55.58346267143705,136.1972157234121,8.921875,-0.29296875,-3.8359375,0.0,0.0,0.0,-175.79508916148419,-66.67004177262098,176.12835517107186,170.771484375,0.00037501144444105353,0.000250007629627369
6.3909820830000115,8.07421875,-4.1796875,-3.61328125,0.0,0.0,0.0,-130.80591453247325,-55.58346267143705,136.1972157234121,8.921875,-0.29296875,-3.8359375,0.0,0.0,0.0,-175.79508916148419,-66.67004177262098,176.12835517107186,170.771484375,0.00037501144444105353,0.00037501144444105353
6.404700031000004,8.07421875,-4.1796875,-3.61328125,0.0,0.0,0.0,-130.80591453247325,-55.58346267143705,136.1972157234121,8.921875,-0.29296875,-3.8359375,0.0,0.0,0.0,-175.79508916148419,-66.67004177262098,176.12835517107186,170.771484375,0.000500015259254738,0.00037501144444105353
6.4145336770000085,8.07421875,-4.1796875,-3.61328125,0.0,0.0,0.0,-130.80591453247325,-55.58346267143705,136.1972157234121,8.921875,-0.29296875,-3.8359375,0.0,0.0,0.0,-175.79508916148419,-66.67004177262098,176.12835517107186,170.771484375,0.000500015259254738,0.000250007629627369
6.420079509999994,8.109375,-4.1796875,-3.61328125,0.0,-0.001953125,0.0,-130.80591453247325,-55.58346267143705,136.1972157234121,8.921875,-0.29296875,-3.8359375,0.0,0.0,0.0,-175.79508916148419,-66.67004177262098,176.12835517107186,170.771484375,0.000250007629627369,0.000250007629627369
6.447240018000002,8.109375,-4.1796875,-3.61328125,0.0,-0.001953125,0.0,-130.80591453247325,-55.58346267143705,136.1972157234121,8.921875,-0.29296875,-3.8359375,0.0,0.0,0.0,-175.79508916148419,-66.67004177262098,176.12835517107186,170.771484375,0.000250007629627369,0.0001250038148136845
6.4570240660000024,8.109375,-4.1796875,-3.61328125,0.0,-0.001953125,0.0,-130.80591453247325,-55.58346267143705,136.1972157234121,8.921875,-0.29296875,-3.8359375,0.0,0.0,0.0,-175.79508916148419,-66.67004177262098,176.12835517107186,170.771484375,0.00037501144444105353,0.0001250038148136845
6.4667667699999924,8.07421875,-4.1796875,-3.61328125,-0.001953125,0.001953125,0.0,-130.80591453247325,-55.58346267143705,136.1972157234121,8.921875,-0.29296875,-3.8359375,0.0,0.0,0.0,-175.79508916148419,-66.67004177262098,176.12835517107186,170.771484375,0.00037501144444105353,0.000500015259254738
6.48134645799999,8.07421875,-4.1796875,-3.61328125,-0.001953125,0.001953125,0.0,-130.80591453247325,-55.58346267143705,136.1972157234121,8.921875,-0.29296875,-3.8359375,0.0,0.0,0.0,-175.79508916148419,-66.67004177262098,176.12835517107186,170.771484375,0.00037501144444105353,0.000500015259254738
6.504260977000001,8.07421875,-4.1796875,-3.61328125,-0.001953125,0.001953125,0.0,-130.80591453247325,-55.58346267143705,136.1972157234121,8.921875,-0.29296875,-3.8359375,0.0,0.0,0.0,-175.79508916148419,-66.67004177262098,176.12835517107186,170.771484375,0.000250007629627369,0.00037501144444105353
6.514372441000006,8.07421875,-4.1796875,-3.61328125,-0.001953125,0.001953125,0.0,-130.80591453247325,-55.58346267143705,136.1972157234121,8.921875,-0.29296875,-3.8359375,0.0,0.0,0.0,-175.79508916148419,-66.67004177262098,176.12835517107186,170.771484375,0.000250007629627369,0.0001250038148136845
6.519720806999999,8.07421875,-4.1796875,-3.61328125,-0.001953125,0.001953125,0.0,-130.80591453247325,-55.58346267143705,136.1972157234121,8.921875,-0.29296875,-3.8359375,0.0,0.0,0.0,-175.79508916148419,-66.67004177262098,176.12835517107186,170.771484375,0.000250007629627369,0.0001250038148136845
6.528946050000002,8.07421875,-4.1796875,-3.61328125,0.001953125,0.0,0.0,-130.8125351318657,-55.58494757544571,136.19881183710805,8.921875,-0.29296875,-3.8359375,0.0,0.0,0.0,-175.79523102849473,-66.65529689453663,176.1285680589988,170.771484375,0.000250007629627369,0.000250007629627369
6.551571295000002,8.07421875,-4.1796875,-3.61328125,0.001953125,0.0,0.0,-130.8125351318657,-55.58494757544571,136.19881183710805,8.921875,-0.29296875,-3.8359375,0.0,0.0,0.0,-175.79523102849473,-66.65529689453663,176.1285680589988,170.771484375,0.00037501144444105353,0.000250007629627369
6.560322821999989,8.109375,-4.1796875,-3.61328125,0.001953125,0.0,0.0,-130.8125351318657,-55.58494757544571,136.19881183710805,8.921875,-0.29296875,-3.8359375,0.0,0.0,0.0,-175.79523102849473,-66.65529689453663,176.1285680589988,170.771484375,0.00037501144444105353,0.000250007629627369
6.569842141999999,8.109375,-4.1796875,-3.61328125,0.001953125,0.0,0.0,-130.8125351318657,-55.58494757544571,136.19881183710805,8.921875,-0.29296875,-3.8359375,0.0,0.0,0.0,-175.79523102849473,-66.65529689453663,176.1285680589988,170.771484375,0.0001250038148136845,0.000250007629627369
6.574932913999987,8.109375,-4.1796875,-3.61328125,0.0,-0.001953125,0.0,-130.81458042065486,-55.5872180917108,136.2061247298538,8.921875,-0.29296875,-3.8359375,0.0,0.0,0.0,-175.79523102849473,-66.65529689453663,176.1285680589988,170.771484375,0.0001250038148136845,0.000250007629627369
6.601520098000009,8.0703125,-4.21875,-3.61328125,0.0,-0.001953125,0.0,-130.81458042065486,-55.5872180917108,136.2061247298538,8.921875,-0.29296875,-3.8359375,0.0,0.0,0.0,-175.79523102849473,-66.65529689453663,176.1285680589988,170.771484375,0.000250007629627369,0.000250007629627369
6.612060963999994,8.0703125,-4.21875,-3.61328125,0.0,-0.001953125,0.0,-130.81458042065486,-55.5872180917108,136.2061247298538,8.953125,-0.29296875,-3.8359375,0.0,0.0,0.0,-175.79523102849473,-66.65529689453663,176.1285680589988,170.771484375,0.000250007629627369,0.0001250038148136845
6.621284833000004,8.07421875,-4.1796875,-3.61328125,0.00390625,0.0,0.001953125,-130.81458042065486,-55.5872180917108,136.2061247298538,8.953125,-0.29296875,-3.8359375,0.0,0.0,0.0,-175.79523102849473,-66.65529689453663,176.1285680589988,170.771484375,0.0001250038148136845,0.0001250038148136845
6.635051647000012,8.07421875,-4.1796875,-3.61328125,0.00390625,0.0,0.001953125,-130.81458042065486,-55.5872180917108,136.2061247298538,8.953125,-0.29296875,-3.8359375,0.0,0.0,0.0,-175.79523102849473,-66.65529689453663,176.1285680589988,170.771484375,0.0001250038148136845,0.000250007629627369
6.645136586000007,8.07421875,-4.1796875,-3.61328125,0.00390625,0.0,0.001953125,-130.81458042065486,-55.5872180917108,136.2061247298538,8.921875,-0.29296875,-3.8359375,0.0,0.0,0.0,-175.79523102849473,-66.65529689453663,176.1285680589988,170.771484375,0.000250007629627369,0.000250007629627369
6.658705996000009,8.07421875,-4.1796875,-3.61328125,0.00390625,0.0,0.001953125,-130.81458042065486,-55.5872180917108,136.2061247298538,8.921875,-0.29296875,-3.8359375,0.0,0.0,0.0,-175.79523102849473,-66.65529689453663,176.1285680589988,170.771484375,0.000250007629627369,0.0
6.667177465000009,8.07421875,-4.1796875,-3.61328125,0.00390625,0.0,0.001953125,-130.81458042065486,-55.5872180917108,136.2061247298538,8.921875,-0.29296875,-3.8359375,0.0,0.0,0.0,-175.79523102849473,-66.65529689453663,176.1285680589988,170.771484375,0.000250007629627369,0.0
6.67250455300001,8.07421875,-4.1796875,-3.61328125,0.001953125,0.001953125,0.0,-130.81458042065486,-55.5872180917108,136.2061247298538,8.953125,-0.29296875,-3.8359375,0.0,0.0,0.0,-175.79508916148419,-66.67004177262098,176.12835517107186,170.771484375,0.000250007629627369,0.00037501144444105353
6.695267625000014,8.07421875,-4.1796875,-3.61328125,0.001953125,0.001953125,0.0,-130.81458042065486,-55.5872180917108,136.2061247298538,8.953125,-0.29296875,-3.8359375,0.0,0.0,0.0,-175.79508916148419,-66.67004177262098,176.12835517107186,170.771484375,0.0,0.00037501144444105353
6.709423902999987,8.07421875,-4.1796875,-3.61328125,0.001953125,0.001953125,0.0,-130.81458042065486,-55.5872180917108,136.2061247298538,8.921875,-0.29296875,-3.875,0.0,0.0,0.0,-175.79508916148419,-66.67004177262098,176.12835517107186,170.771484375,0.0,0.0001250038148136845
6.717409909999986,8.07421875,-4.1796875,-3.61328125,0.0,-0.001953125,0.001953125,-130.81915750351374,-55.58643253562851,136.20040943234807,8.921875,-0.29296875,-3.875,0.0,0.0,0.0,-175.79508916148419,-66.67004177262098,176.12835517107186,170.771484375,0.0001250038148136845,0.0001250038148136845
6.731794951000012,8.07421875,-4.1796875,-3.61328125,0.0,-0.001953125,0.001953125,-130.81915750351374,-55.58643253562851,136.20040943234807,8.921875,-0.29296875,-3.875,0.0,0.0,0.0,-175.79508916148419,-66.67004177262098,176.12835517107186,170.771484375,0.0001250038148136845,0.00037501144444105353
6.7547487070000045,8.07421875,-4.1796875,-3.61328125,0.0,-0.001953125,0.001953125,-130.81915750351374,-55.58643253562851,136.20040943234807,8.921875,-0.29296875,-3.875,0.0,0.0,0.0,-175.79508916148419,-66.67004177262098,176.12835517107186,170.771484375,0.000250007629627369,0.000500015259254738
6.764550579999991,8.07421875,-4.1796875,-3.61328125,0.0,-0.001953125,0.001953125,-130.81915750351374,-55.58643253562851,136.20040943234807,8.921875,-0.29296875,-3.875,0.0,0.0,0.0,-175.79508916148419,-66.67004177262098,176.12835517107186,170.771484375,0.0001250038148136845,0.000500015259254738
6.769826660999996,8.07421875,-4.1796875,-3.61328125,0.0,-0.001953125,0.001953125,-130.81915750351374,-55.58643253562851,136.20040943234807,8.953125,-0.29296875,-3.8359375,0.0,0.0,0.0,-175.79508916148419,-66.67004177262098,176.12835517107186,170.771484375,0.0001250038148136845,0.000250007629627369
6.779135873000001,8.07421875,-4.1796875,-3.61328125,0.0,0.0,0.0,-130.82120386500134,-55.58870238241919,136.20772351924535,8.953125,-0.29296875,-3.8359375,0.0,0.0,0.0,-175.79508916148419,-66.67004177262098,176.12835517107186,170.771484375,0.0,0.000250007629627369
6.802045373999988,8.07421875,-4.1796875,-3.61328125,0.0,0.0,0.0,-130.82120386500134,-55.58870238241919,136.20772351924535,8.953125,-0.29296875,-3.8359375,0.0,0.0,0.0,-175.79508916148419,-66.67004177262098,176.12835517107186,170.771484375,0.0,0.00037501144444105353
6.810758501999999,8.07421875,-4.1796875,-3.61328125,0.0,0.0,0.0,-130.82120386500134,-55.58870238241919,136.20772351924535,8.953125,-0.29296875,-3.8359375,0.0,0.0,0.0,-175.79508916148419,-66.67004177262098,176.12835517107186,170.771484375,0.00037501144444105353,0.00037501144444105353
6.815532802000007,8.11328125,-4.21875,-3.61328125,0.0,0.0,0.0,-130.82120386500134,-55.58870238241919,136.20772351924535,8.953125,-0.29296875,-3.8359375,0.0,0.0,0.0,-175.79508916148419,-66.67004177262098,176.12835517107186,170.771484375,0.00037501144444105353,0.000250007629627369
6.824709888000001,8.11328125,-4.21875,-3.61328125,0.0,0.0,0.0,-130.82120386500134,-55.58870238241919,136.20772351924535,8.921875,-0.29296875,-3.8359375,0.0,0.0,0.0,-175.79508916148419,-66.67004177262098,176.12835517107186,170.771484375,0.0001250038148136845,0.000250007629627369
6.846443606000008,8.07421875,-4.1796875,-3.61328125,0.0,0.0,0.0,-130.82120386500134,-55.58870238241919,136.20772351924535,8.921875,-0.29296875,-3.8359375,0.0,0.0,0.0,-175.79508916148419,-66.67004177262098,176.12835517107186,170.771484375,0.0001250038148136845,0.0001250038148136845
6.859649182999988,8.07421875,-4.1796875,-3.61328125,0.0,0.0,0.0,-130.82120386500134,-55.58870238241919,136.20772351924535,8.921875,-0.29296875,-3.8359375,0.0,0.0,0.0,-175.79508916148419,-66.67004177262098,176.12835517107186,170.771484375,0.0001250038148136845,0.0001250038148136845
6.8751577840000095,8.109375,-4.1796875,-3.61328125,0.0,0.0,0.0,-130.82782908258446,-55.59018672926322,136.2093237910511,8.953125,-0.29296875,-3.8359375,0.0,0.0,0.0,-175.78038363664183,-66.66989948664863,176.11869784291974,170.771484375,0.000250007629627369,0.0001250038148136845
6.893247515000013,8.109375,-4.1796875,-3.61328125,0.0,0.0,0.0,-130.82782908258446,-55.59018672926322,136.2093237910511,8.921875,-0.25390625,-3.8359375,0.0,0.0,0.0,-175.78038363664183,-66.66989948664863,176.11869784291974,170.771484375,0.000250007629627369,0.00037501144444105353
6.907207349000004,8.109375,-4.1796875,-3.61328125,0.0,0.0,0.0,-130.82782908258446,-55.59018672926322,136.2093237910511,8.921875,-0.25390625,-3.8359375,0.0,0.0,0.0,-175.78038363664183,-66.66989948664863,176.11869784291974,170.771484375,0.000500015259254738,0.00037501144444105353
6.912547748000009,8.07421875,-4.1796875,-3.61328125,0.0,0.0,0.0,-130.82782908258446,-55.59018672926322,136.2093237910511,8.921875,-0.25390625,-3.8359375,0.0,0.0,0.0,-175.78038363664183,-66.66989948664863,176.11869784291974,170.771484375,0.000500015259254738,0.0001250038148136845
6.922933577000009,8.07421875,-4.1796875,-3.61328125,0.0,0.0,0.0,-130.82782908258446,-55.59018672926322,136.2093237910511,8.921875,-0.29296875,-3.8359375,0.0,0.0,0.0,-175.7707227618344,-66.66968498131463,176.10398670338128,170.771484375,0.000250007629627369,0.0001250038148136845
6.945566412000005,8.0703125,-4.21875,-3.61328125,0.0,0.0,0.0,-130.82782908258446,-55.59018672926322,136.2093237910511,8.921875,-0.29296875,-3.8359375,0.0,0.0,0.0,-175.7707227618344,-66.66968498131463,176.10398670338128,170.771484375,0.000250007629627369,0.0001250038148136845
6.959595108000002,8.0703125,-4.21875,-3.61328125,0.0,0.0,0.0,-130.82782908258446,-55.59018672926322,136.2093237910511,8.953125,-0.29296875,-3.8359375,0.0,0.0,0.0,-175.7707227618344,-66.66968498131463,176.10398670338128,170.771484375,0.00037501144444105353,0.0001250038148136845
6.968242637999992,8.0703125,-4.21875,-3.61328125,0.0,0.0,0.0,-130.82782908258446,-55.59018672926322,136.2093237910511,8.953125,-0.29296875,-3.8359375,0.0,0.0,0.0,-175.7707227618344,-66.66968498131463,176.10398670338128,170.771484375,0.00037501144444105353,0.00037501144444105353
6.973401633000009,8.0703125,-4.21875,-3.61328125,0.0,0.0,0.0,-130.82782908258446,-55.59018672926322,136.2093237910511,8.953125,-0.29296875,-3.8359375,0.0,0.0,0.0,-175.7707227618344,-66.66968498131463,176.10398670338128,170.771484375,0.0,0.00037501144444105353
6.987626389000013,8.0703125,-4.21875,-3.61328125,0.0,0.0,0.0,-130.82782908258446,-55.59018672926322,136.2093237910511,8.921875,-0.29296875,-3.8359375,0.0,0.0,0.0,-175.7707227618344,-66.66968498131463,176.10398670338128,170.771484375,0.0,0.00037501144444105353
7.005734775000008,8.07421875,-4.1796875,-3.61328125,0.0,0.0,0.0,-130.82782908258446,-55.59018672926322,136.2093237910511,8.921875,-0.29296875,-3.8359375,0.0,0.0,0.0,-175.7707227618344,-66.66968498131463,176.10398670338128,170.771484375,0.000250007629627369,0.00037501144444105353
7.016346007999999,8.07421875,-4.1796875,-3.61328125,0.0,0.0,0.0,-130.82782908258446,-55.59018672926322,136.2093237910511,8.921875,-0.29296875,-3.8359375,0.0,0.0,0.0,-175.7707227618344,-66.66968498131463,176.10398670338128,170.771484375,0.000250007629627369,0.00037501144444105353
7.021811683999999,8.07421875,-4.1796875,-3.61328125,0.0,0.0,0.0,-130.82782908258446,-55.59018672926322,136.2093237910511,8.953125,-0.29296875,-3.8359375,0.0,0.0,0.0,-175.7707227618344,-66.66968498131463,176.10398670338128,170.771484375,0.00037501144444105353,0.00037501144444105353
7.044124654000001,8.07421875,-4.1796875,-3.61328125,0.0,0.0,0.0,-130.82782908258446,-55.59018672926322,136.2093237910511,8.921875,-0.25390625,-3.8359375,0.0,0.0,0.0,-175.7707227618344,-66.66968498131463,176.10398670338128,170.771484375,0.00037501144444105353,0.00037501144444105353
7.061477983999993,8.07421875,-4.1796875,-3.61328125,0.0,0.0,0.0,-130.82782908258446,-55.59018672926322,136.2093237910511,8.921875,-0.25390625,-3.8359375,0.0,0.0,0.0,-175.7707227618344,-66.66968498131463,176.10398670338128,170.771484375,0.0001250038148136845,0.00037501144444105353
7.066722161000001,8.07421875,-4.1796875,-3.61328125,0.0,0.0,0.0,-130.82782908258446,-55.59018672926322,136.2093237910511,8.921875,-0.25390625,-3.8359375,0.0,0.0,0.0,-175.7707227618344,-66.66968498131463,176.10398670338128,170.771484375,0.0001250038148136845,0.00037501144444105353
7.0720260180000025,8.07421875,-4.1796875,-3.61328125,0.0,0.0,0.0,-130.82120386500134,-55.58870238241919,136.20772351924535,8.921875,-0.25390625,-3.8359375,0.0,0.0,0.0,-175.7707227618344,-66.66968498131463,176.10398670338128,170.771484375,0.00037501144444105353,0.00037501144444105353
7.086539343999988,8.07421875,-4.1796875,-3.61328125,0.0,0.0,0.0,-130.82120386500134,-55.58870238241919,136.20772351924535,8.921875,-0.29296875,-3.8359375,0.0,0.0,0.0,-175.7707227618344,-66.66968498131463,176.10398670338128,170.771484375,0.00037501144444105353,0.00037501144444105353
7.10524992500001,8.07421875,-4.1796875,-3.61328125,0.0,0.0,0.0,-130.82120386500134,-55.58870238241919,136.20772351924535,8.921875,-0.29296875,-3.8359375,0.0,0.0,0.0,-175.7707227618344,-66.66968498131463,176.10398670338128,170.771484375,0.00037501144444105353,0.00037501144444105353
7.115168627999992,8.07421875,-4.1796875,-3.61328125,0.0,0.0,0.0,-130.82120386500134,-55.58870238241919,136.20772351924535,8.921875,-0.29296875,-3.8359375,0.0,0.0,0.0,-175.7707227618344,-66.66968498131463,176.10398670338128,170.771484375,0.00037501144444105353,0.000250007629627369
7.12570174999999,8.07421875,-4.1796875,-3.61328125,0.0,0.0,0.0,-130.82120386500134,-55.58870238241919,136.20772351924535,8.921875,-0.29296875,-3.8359375,0.0,0.0,0.0,-175.7687608780264,-66.65997598321869,176.10212509345587,170.771484375,0.0,0.000250007629627369
7.148377143999994,8.07421875,-4.1796875,-3.61328125,0.0,0.0,0.0,-130.82120386500134,-55.58870238241919,136.20772351924535,8.921875,-0.29296875,-3.8359375,0.0,0.0,0.0,-175.7687608780264,-66.65997598321869,176.10212509345587,170.771484375,0.0,0.000500015259254738
7.161892507000005,8.07421875,-4.1796875,-3.61328125,0.0,0.0,0.0,-130.82120386500134,-55.58870238241919,136.20772351924535,8.921875,-0.29296875,-3.8359375,0.0,0.0,0.0,-175.7687608780264,-66.65997598321869,176.10212509345587,170.771484375,0.000250007629627369,0.000500015259254738
7.188245775000013,8.07421875,-4.1796875,-3.61328125,0.0,0.0,0.0,-130.82120386500134,-55.58870238241919,136.20772351924535,8.953125,-0.29296875,-3.8359375,0.0,0.0,0.0,-175.76861787291847,-66.67472257557557,176.10191103492326,170.771484375,0.000250007629627369,0.000250007629627369
7.198484054999994,8.07421875,-4.1796875,-3.61328125,0.0,0.0,0.0,-130.82120386500134,-55.58870238241919,136.20772351924535,8.953125,-0.29296875,-3.8359375,0.0,0.0,0.0,-175.76861787291847,-66.67472257557557,176.10191103492326,170.771484375,0.000250007629627369,0.0001250038148136845
7.211083854000009,8.07421875,-4.1796875,-3.61328125,0.0,0.0,0.0,-130.82120386500134,-55.58870238241919,136.20772351924535,8.921875,-0.29296875,-3.8359375,0.0,0.0,0.0,-175.76861787291847,-66.67472257557557,176.10191103492326,170.771484375,0.0001250038148136845,0.0001250038148136845
7.220288172000011,8.07421875,-4.1796875,-3.61328125,0.0,0.0,0.0,-130.82120386500134,-55.58870238241919,136.20772351924535,8.921875,-0.29296875,-3.8359375,0.0,0.0,0.0,-175.76861787291847,-66.67472257557557,176.10191103492326,170.771484375,0.0001250038148136845,0.000500015259254738
7.225168357000001,8.0703125,-4.21875,-3.61328125,0.0,0.0,0.0,-130.82120386500134,-55.58870238241919,136.20772351924535,8.921875,-0.29296875,-3.8359375,0.0,0.0,0.0,-175.76861787291847,-66.67472257557557,176.10191103492326,170.771484375,0.00037501144444105353,0.000500015259254738
7.243947929000001,8.0703125,-4.21875,-3.61328125,0.0,0.0,0.0,-130.82120386500134,-55.58870238241919,136.20772351924535,8.921875,-0.25390625,-3.8359375,0.0,0.0,0.0,-175.76861787291847,-66.67472257557557,176.10191103492326,170.771484375,0.00037501144444105353,0.00037501144444105353
7.258119405999992,8.0703125,-4.21875,-3.61328125,0.0,0.0,0.0,-130.82120386500134,-55.58870238241919,136.20772351924535,8.921875,-0.25390625,-3.8359375,0.0,0.0,0.0,-175.76861787291847,-66.67472257557557,176.10191103492326,170.771484375,0.0001250038148136845,0.00037501144444105353
7.2634096630000045,8.07421875,-4.1796875,-3.61328125,0.0,0.0,0.0,-130.82120386500134,-55.58870238241919,136.20772351924535,8.921875,-0.25390625,-3.8359375,0.0,0.0,0.0,-175.76861787291847,-66.67472257557557,176.10191103492326,170.771484375,0.0001250038148136845,0.00037501144444105353
7.274180187000013,8.07421875,-4.1796875,-3.61328125,0.0,0.0,0.0,-130.82120386500134,-55.58870238241919,136.20772351924535,8.921875,-0.29296875,-3.875,0.0,0.0,0.0,-175.76861787291847,-66.67472257557557,176.10191103492326,170.771484375,0.000250007629627369,0.00037501144444105353
7.296764574999997,8.07421875,-4.1796875,-3.61328125,0.0,0.0,0.0,-130.82120386500134,-55.58870238241919,136.20772351924535,8.921875,-0.29296875,-3.875,0.0,0.0,0.0,-175.76861787291847,-66.67472257557557,176.10191103492326,170.771484375,0.000250007629627369,0.0001250038148136845
7.309003324999992,8.07421875,-4.1796875,-3.61328125,0.0,0.0,0.0,-130.82120386500134,-55.58870238241919,136.20772351924535,8.921875,-0.29296875,-3.8359375,0.0,0.0,0.0,-175.76861787291847,-66.67472257557557,176.10191103492326,170.771484375,0.000250007629627369,0.0001250038148136845
7.318374008000006,8.07421875,-4.1796875,-3.61328125,0.0,0.0,0.0,-130.82120386500134,-55.58870238241919,136.20772351924535,8.921875,-0.29296875,-3.8359375,0.0,0.0,0.0,-175.76861787291847,-66.67472257557557,176.10191103492326,170.771484375,0.000250007629627369,0.00037501144444105353
7.323635881000001,8.109375,-4.1796875,-3.61328125,0.0,0.0,0.0,-130.82120386500134,-55.58870238241919,136.20772351924535,8.921875,-0.29296875,-3.8359375,0.0,0.0,0.0,-175.76861787291847,-66.67472257557557,176.10191103492326,170.771484375,0.000250007629627369,0.00037501144444105353
7.338233172999992,8.109375,-4.1796875,-3.61328125,0.0,0.0,0.0,-130.82120386500134,-55.58870238241919,136.20772351924535,8.953125,-0.29296875,-3.8359375,0.0,0.0,0.0,-175.76861787291847,-66.67472257557557,176.10191103492326,170.771484375,0.000250007629627369,0.00037501144444105353
7.356448085000011,8.109375,-4.1796875,-3.61328125,0.0,0.0,0.0,-130.82120386500134,-55.58870238241919,136.20772351924535,8.953125,-0.29296875,-3.8359375,0.0,0.0,0.0,-175.76861787291847,-66.67472257557557,176.10191103492326,170.771484375,0.00037501144444105353,0.00037501144444105353
7.361452202999999,8.07421875,-4.1796875,-3.61328125,0.0,0.0,0.0,-130.82120386500134,-55.58870238241919,136.20772351924535,8.953125,-0.29296875,-3.8359375,0.0,0.0,0.0,-175.76861787291847,-66.67472257557557,176.10191103492326,170.771484375,0.00037501144444105353,0.0001250038148136845
7.371000994000013,8.07421875,-4.1796875,-3.61328125,0.0,0.0,0.0,-130.82120386500134,-55.58870238241919,136.20772351924535,8.921875,-0.29296875,-3.8359375,0.0,0.0,0.0,-175.76861787291847,-66.67472257557557,176.10191103492326,170.771484375,0.00037501144444105353,0.0001250038148136845
7.380302397999998,8.07421875,-4.1796875,-3.61328125,0.0,0.0,0.0,-130.8221742739314,-55.57857104265345,136.20936226415077,8.921875,-0.29296875,-3.875,0.0,0.0,0.0,-175.77828474845887,-66.67493712464814,176.11662861932018,170.771484375,0.00037501144444105353,0.000250007629627369
7.409269754999997,8.07421875,-4.1796875,-3.61328125,0.0,0.0,0.0,-130.8221742739314,-55.57857104265345,136.20936226415077,8.921875,-0.29296875,-3.875,0.0,0.0,0.0,-175.77828474845887,-66.67493712464814,176.11662861932018,170.771484375,0.0001250038148136845,0.000250007629627369
7.414365456000013,8.07421875,-4.1796875,-3.61328125,0.0,0.0,0.0,-130.8221742739314,-55.57857104265345,136.20936226415077,8.921875,-0.29296875,-3.875,0.0,0.0,0.0,-175.77828474845887,-66.67493712464814,176.11662861932018,170.771484375,0.0001250038148136845,0.0001250038148136845
7.4240569309999955,8.07421875,-4.1796875,-3.61328125,0.0,0.0,0.0,-130.8221742739314,-55.57857104265345,136.20936226415077,8.953125,-0.29296875,-3.8359375,0.0,0.0,0.0,-175.77828474845887,-66.67493712464814,176.11662861932018,170.771484375,0.000250007629627369,0.00037501144444105353
7.446962656000011,8.07421875,-4.1796875,-3.61328125,0.0,0.0,0.0,-130.8221742739314,-55.57857104265345,136.20936226415077,8.953125,-0.29296875,-3.8359375,0.0,0.0,0.0,-175.77828474845887,-66.67493712464814,176.11662861932018,170.771484375,0.0001250038148136845,0.00037501144444105353
7.4567444660000035,8.07421875,-4.1796875,-3.61328125,0.0,0.0,0.0,-130.8221742739314,-55.57857104265345,136.20936226415077,8.953125,-0.29296875,-3.8359375,0.0,0.0,0.0,-175.77828474845887,-66.67493712464814,176.11662861932018,170.771484375,0.0001250038148136845,0.00037501144444105353
7.465702837000009,8.07421875,-4.1796875,-3.61328125,0.0,0.0,0.0,-130.8221742739314,-55.57857104265345,136.20936226415077,8.921875,-0.29296875,-3.8359375,0.0,0.0,0.0,-175.77828474845887,-66.67493712464814,176.11662861932018,170.771484375,0.0001250038148136845,0.00037501144444105353
7.476121274000008,8.07421875,-4.1796875,-3.61328125,0.0,0.0,0.0,-130.8221742739314,-55.57857104265345,136.20936226415077,8.921875,-0.29296875,-3.8359375,0.0,0.0,0.0,-175.77828474845887,-66.67493712464814,176.11662861932018,170.771484375,0.0001250038148136845,0.0001250038148136845
7.489051528999994,8.07421875,-4.1796875,-3.61328125,0.0,0.0,0.0,-130.8221742739314,-55.57857104265345,136.20936226415077,8.953125,-0.29296875,-3.8359375,0.0,0.0,0.0,-175.77828474845887,-66.67493712464814,176.11662861932018,170.771484375,0.000250007629627369,0.0001250038148136845
7.507269129000008,8.07421875,-4.1796875,-3.61328125,0.0,0.0,0.0,-130.8221742739314,-55.57857104265345,136.20936226415077,8.953125,-0.29296875,-3.8359375,0.0,0.0,0.0,-175.77828474845887,-66.67493712464814,176.11662861932018,170.771484375,0.000250007629627369,0.000250007629627369
7.512543066000006,8.07421875,-4.1796875,-3.61328125,0.0,0.0,0.0,-130.8221742739314,-55.57857104265345,136.20936226415077,8.953125,-0.29296875,-3.8359375,0.0,0.0,0.0,-175.77828474845887,-66.67493712464814,176.11662861932018,170.771484375,0.0001250038148136845,0.000250007629627369
7.517419859,8.07421875,-4.1796875,-3.61328125,0.0,0.0,0.0,-130.8221742739314,-55.57857104265345,136.20936226415077,8.953125,-0.29296875,-3.8359375,0.0,0.0,0.0,-175.77828474845887,-66.67493712464814,176.11662861932018,170.771484375,0.0001250038148136845,0.00037501144444105353
7.538971661000005,8.07421875,-4.1796875,-3.61328125,0.0,0.0,0.0,-130.8221742739314,-55.57857104265345,136.20936226415077,8.953125,-0.29296875,-3.8359375,0.0,0.0,0.0,-175.76861787291847,-66.67472257557557,176.10191103492326,170.771484375,0.000500015259254738,0.00037501144444105353
7.548742847,8.07421875,-4.1796875,-3.61328125,0.0,0.0,0.0,-130.8221742739314,-55.57857104265345,136.20936226415077,8.953125,-0.29296875,-3.8359375,0.0,0.0,0.0,-175.76861787291847,-66.67472257557557,176.10191103492326,170.771484375,0.000500015259254738,0.000500015259254738
7.558263095000001,8.07421875,-4.1796875,-3.61328125,0.0,0.0,0.0,-130.8221742739314,-55.57857104265345,136.20936226415077,8.921875,-0.29296875,-3.8359375,0.0,0.0,0.0,-175.76861787291847,-66.67472257557557,176.10191103492326,170.771484375,0.0001250038148136845,0.000500015259254738
7.571500003000011,8.07421875,-4.1796875,-3.61328125,0.0,0.0,0.0,-130.8221742739314,-55.57857104265345,136.20936226415077,8.921875,-0.29296875,-3.8359375,0.0,0.0,0.0,-175.76861787291847,-66.67472257557557,176.10191103492326,170.771484375,0.0001250038148136845,0.000250007629627369
7.576658264000002,8.07421875,-4.1796875,-3.61328125,0.0,0.0,0.0,-130.83602450850364,-55.58513715777316,136.22231343822156,8.921875,-0.29296875,-3.8359375,0.0,0.0,0.0,-175.76861787291847,-66.67472257557557,176.10191103492326,170.771484375,0.000250007629627369,0.000250007629627369
7.604502036000014,8.07421875,-4.1796875,-3.61328125,0.0,0.0,0.0,-130.83602450850364,-55.58513715777316,136.22231343822156,8.921875,-0.29296875,-3.8359375,0.0,0.0,0.0,-175.76861787291847,-66.67472257557557,176.10191103492326,170.771484375,0.000250007629627369,0.00037501144444105353
7.614334694999997,8.07421875,-4.1796875,-3.61328125,0.0,0.0,0.0,-130.83602450850364,-55.58513715777316,136.22231343822156,8.921875,-0.29296875,-3.8359375,0.0,0.0,0.0,-175.76861787291847,-66.67472257557557,176.10191103492326,170.771484375,0.000250007629627369,0.000250007629627369
7.628681852,8.07421875,-4.1796875,-3.61328125,0.0,0.0,0.0,-130.83602450850364,-55.58513715777316,136.22231343822156,8.921875,-0.29296875,-3.8359375,0.0,0.0,0.0,-175.76861787291847,-66.67472257557557,176.10191103492326,170.771484375,0.0001250038148136845,0.000250007629627369
7.648548895000005,8.0703125,-4.21875,-3.61328125,0.0,0.0,0.0,-130.83602450850364,-55.58513715777316,136.22231343822156,8.953125,-0.29296875,-3.8359375,0.0,0.0,0.0,-175.76861787291847,-66.67472257557557,176.10191103492326,170.771484375,0.0001250038148136845,0.00037501144444105353
7.666858912999999,8.0703125,-4.21875,-3.61328125,0.0,0.0,0.0,-130.83602450850364,-55.58513715777316,136.22231343822156,8.953125,-0.29296875,-3.8359375,0.0,0.0,0.0,-175.76861787291847,-66.67472257557557,176.10191103492326,170.771484375,0.0001250038148136845,0.00037501144444105353
7.6721371069999975,8.07421875,-4.1796875,-3.61328125,0.0,0.0,0.0,-130.83602450850364,-55.58513715777316,136.22231343822156,8.921875,-0.29296875,-3.8359375,0.0,0.0,0.0,-175.76861787291847,-66.67472257557557,176.10191103492326,170.771484375,0.0001250038148136845,0.00037501144444105353
7.696829201000014,8.07421875,-4.1796875,-3.61328125,0.0,0.0,0.0,-130.83602450850364,-55.58513715777316,136.22231343822156,8.921875,-0.29296875,-3.8359375,0.0,0.0,0.0,-175.76861787291847,-66.67472257557557,176.10191103492326,170.771484375,0.0001250038148136845,0.00037501144444105353
7.707219447999989,8.07421875,-4.1796875,-3.61328125,0.0,0.0,0.0,-130.83602450850364,-55.58513715777316,136.22231343822156,8.921875,-0.29296875,-3.8359375,0.0,0.0,0.0,-175.76861787291847,-66.67472257557557,176.10191103492326,170.771484375,0.0001250038148136845,0.000250007629627369
7.7125948249999965,8.07421875,-4.1796875,-3.61328125,0.0,0.0,0.0,-130.83602450850364,-55.58513715777316,136.22231343822156,8.921875,-0.29296875,-3.875,0.0,0.0,0.0,-175.76861787291847,-66.67472257557557,176.10191103492326,170.771484375,0.0001250038148136845,0.000250007629627369
7.727690029999991,8.07421875,-4.1796875,-3.61328125,0.0,0.0,0.0,-130.83602450850364,-55.58513715777316,136.22231343822156,8.921875,-0.29296875,-3.875,0.0,0.0,0.0,-175.7539069081485,-66.6745791845206,176.09224867039381,170.771484375,0.0001250038148136845,0.0001250038148136845
7.746254187000005,8.07421875,-4.1796875,-3.61328125,0.0,0.0,0.0,-130.83602450850364,-55.58513715777316,136.22231343822156,8.921875,-0.29296875,-3.875,0.0,0.0,0.0,-175.7539069081485,-66.6745791845206,176.09224867039381,170.771484375,0.000250007629627369,0.0001250038148136845
7.764123606999988,8.07421875,-4.1796875,-3.61328125,0.0,0.0,0.0,-130.83602450850364,-55.58513715777316,136.22231343822156,8.921875,-0.29296875,-3.875,0.0,0.0,0.0,-175.7539069081485,-66.6745791845206,176.09224867039381,170.771484375,0.000250007629627369,0.000500015259254738
7.769145742999996,8.07421875,-4.1796875,-3.61328125,0.0,0.0,0.0,-130.83602450850364,-55.58513715777316,136.22231343822156,8.921875,-0.29296875,-3.875,0.0,0.0,0.0,-175.7539069081485,-66.6745791845206,176.09224867039381,170.771484375,0.00037501144444105353,0.000500015259254738
7.774766553999996,8.07421875,-4.1796875,-3.61328125,0.0,0.0,0.0,-130.83602450850364,-55.58513715777316,136.22231343822156,8.921875,-0.29296875,-3.8359375,0.0,0.0,0.0,-175.7539069081485,-66.6745791845206,176.09224867039381,170.771484375,0.00037501144444105353,0.0001250038148136845
7.797352611000008,8.07421875,-4.1796875,-3.61328125,0.0,0.0,0.0,-130.83602450850364,-55.58513715777316,136.22231343822156,8.921875,-0.29296875,-3.8359375,0.0,0.0,0.0,-175.7539069081485,-66.6745791845206,176.09224867039381,170.771484375,0.000250007629627369,0.0001250038148136845
7.807930247000002,8.07421875,-4.1796875,-3.61328125,0.0,0.0,0.0,-130.83602450850364,-55.58513715777316,136.22231343822156,8.921875,-0.29296875,-3.8359375,0.0,0.0,0.0,-175.7539069081485,-66.6745791845206,176.09224867039381,170.771484375,0.000250007629627369,0.000250007629627369
7.82137031900001,8.07421875,-4.1796875,-3.61328125,0.0,0.0,0.0,-130.83602450850364,-55.58513715777316,136.22231343822156,8.921875,-0.29296875,-3.8359375,0.0,0.0,0.0,-175.7539069081485,-66.6745791845206,176.09224867039381,170.771484375,0.000500015259254738,0.000250007629627369
7.826439109000006,8.07421875,-4.1796875,-3.61328125,0.0,0.0,0.0,-130.83397734788042,-55.5828675171347,136.21499881882838,8.921875,-0.29296875,-3.8359375,0.0,0.0,0.0,-175.7539069081485,-66.6745791845206,176.09224867039381,170.771484375,0.000500015259254738,0.000250007629627369
7.839723697000011,8.07421875,-4.1796875,-3.61328125,0.0,0.0,0.0,-130.83397734788042,-55.5828675171347,136.21499881882838,8.953125,-0.25390625,-3.8359375,0.0,0.0,0.0,-175.7539069081485,-66.6745791845206,176.09224867039381,170.771484375,0.00037501144444105353,0.000250007629627369
7.8576998339999875,8.07421875,-4.1796875,-3.61328125,0.0,0.0,0.0,-130.83397734788042,-55.5828675171347,136.21499881882838,8.953125,-0.25390625,-3.8359375,0.0,0.0,0.0,-175.7539069081485,-66.6745791845206,176.09224867039381,170.771484375,0.00037501144444105353,0.000250007629627369
7.8631038499999875,8.07421875,-4.1796875,-3.61328125,0.0,0.0,0.0,-130.83397734788042,-55.5828675171347,136.21499881882838,8.953125,-0.25390625,-3.8359375,0.0,0.0,0.0,-175.7539069081485,-66.6745791845206,176.09224867039381,170.771484375,0.0,0.000250007629627369
7.868269629999986,8.07421875,-4.1796875,-3.61328125,0.0,0.0,0.0,-130.83397734788042,-55.5828675171347,136.21499881882838,8.953125,-0.25390625,-3.8359375,0.0,0.0,0.0,-175.7539069081485,-66.6745791845206,176.09224867039381,170.771484375,0.0,0.00037501144444105353
7.873635597999993,8.07421875,-4.1796875,-3.61328125,0.0,0.0,0.0,-130.83602450850364,-55.58513715777316,136.22231343822156,8.953125,-0.29296875,-3.8359375,0.0,0.0,0.0,-175.7539069081485,-66.6745791845206,176.09224867039381,170.771484375,0.000250007629627369,0.00037501144444105353
7.896999848000007,8.07421875,-4.1796875,-3.61328125,0.0,0.0,0.0,-130.83602450850364,-55.58513715777316,136.22231343822156,8.953125,-0.29296875,-3.8359375,0.0,0.0,0.0,-175.7539069081485,-66.6745791845206,176.09224867039381,170.771484375,0.000250007629627369,0.0
7.906859865999991,8.07421875,-4.1796875,-3.61328125,0.0,0.0,0.0,-130.83602450850364,-55.58513715777316,136.22231343822156,8.921875,-0.29296875,-3.8359375,0.0,0.0,0.0,-175.7539069081485,-66.6745791845206,176.09224867039381,170.771484375,0.000250007629627369,0.0
7.920416192000005,8.07421875,-4.1796875,-3.61328125,0.0,0.0,0.0,-130.83602450850364,-55.58513715777316,136.22231343822156,8.921875,-0.29296875,-3.8359375,0.0,0.0,0.0,-175.7539069081485,-66.6745791845206,176.09224867039381,170.771484375,0.000250007629627369,0.00037501144444105353
7.92554552499999,8.109375,-4.1796875,-3.61328125,0.0,0.0,0.0,-130.83602450850364,-55.58513715777316,136.22231343822156,8.953125,-0.29296875,-3.8359375,0.0,0.0,0.0,-175.74424097248698,-66.67436356044071,176.0775320512147,170.771484375,0.000250007629627369,0.00037501144444105353
7.9573211189999995,8.109375,-4.1796875,-3.61328125,0.0,0.0,0.0,-130.83602450850364,-55.58513715777316,136.22231343822156,8.953125,-0.29296875,-3.8359375,0.0,0.0,0.0,-175.74424097248698,-66.67436356044071,176.0775320512147,170.771484375,0.000250007629627369,0.000250007629627369
7.962823404999995,8.109375,-4.1796875,-3.61328125,0.0,0.0,0.0,-130.83602450850364,-55.58513715777316,136.22231343822156,8.953125,-0.29296875,-3.8359375,0.0,0.0,0.0,-175.74424097248698,-66.67436356044071,176.0775320512147,170.771484375,0.0001250038148136845,0.000250007629627369
7.967935938000011,8.07421875,-4.1796875,-3.61328125,0.0,0.0,0.0,-130.83602450850364,-55.58513715777316,136.22231343822156,8.953125,-0.25390625,-3.8359375,0.0,0.0,0.0,-175.74424097248698,-66.67436356044071,176.0775320512147,170.771484375,0.0001250038148136845,0.00037501144444105353
7.980907636000012,8.07421875,-4.1796875,-3.61328125,0.0,0.0,0.0,-130.83602450850364,-55.58513715777316,136.22231343822156,8.953125,-0.25390625,-3.8359375,0.0,0.0,0.0,-175.74424097248698,-66.67436356044071,176.0775320512147,170.771484375,0.0001250038148136845,0.00037501144444105353
7.999583758999989,8.07421875,-4.1796875,-3.61328125,0.0,0.0,0.0,-130.83602450850364,-55.58513715777316,136.22231343822156,8.921875,-0.29296875,-3.8359375,0.0,0.0,0.0,-175.74424097248698,-66.67436356044071,176.0775320512147,170.771484375,0.0001250038148136845,0.0001250038148136845
8.01796964799999,8.07421875,-4.1796875,-3.61328125,0.0,0.0,0.0,-130.83602450850364,-55.58513715777316,136.22231343822156,8.921875,-0.29296875,-3.8359375,0.0,0.0,0.0,-175.74424097248698,-66.67436356044071,176.0775320512147,170.771484375,0.0001250038148136845,0.0001250038148136845
8.023525979999988,8.0703125,-4.21875,-3.61328125,0.0,0.0,0.0,-130.84265060226272,-55.586621369789796,136.22391476285807,8.921875,-0.29296875,-3.8359375,0.0,0.0,0.0,-175.74424097248698,-66.67436356044071,176.0775320512147,170.771484375,0.0001250038148136845,0.000250007629627369
8.049081223999991,8.0703125,-4.21875,-3.61328125,0.0,0.0,0.0,-130.84265060226272,-55.586621369789796,136.22391476285807,8.921875,-0.29296875,-3.8359375,0.0,0.0,0.0,-175.74424097248698,-66.67436356044071,176.0775320512147,170.771484375,0.00037501144444105353,0.000250007629627369
8.059318002999987,8.0703125,-4.21875,-3.61328125,0.0,0.0,0.0,-130.84265060226272,-55.586621369789796,136.22391476285807,8.921875,-0.29296875,-3.8359375,0.0,0.0,0.0,-175.74424097248698,-66.67436356044071,176.0775320512147,170.771484375,0.00037501144444105353,0.000250007629627369
8.064375145000014,8.07421875,-4.1796875,-3.61328125,0.0,0.0,0.0,-130.84265060226272,-55.586621369789796,136.22391476285807,8.921875,-0.25390625,-3.875,0.0,0.0,0.0,-175.74424097248698,-66.67436356044071,176.0775320512147,170.771484375,0.0001250038148136845,0.000250007629627369
8.07941748799999,8.07421875,-4.1796875,-3.61328125,0.0,0.0,0.0,-130.84265060226272,-55.586621369789796,136.22391476285807,8.921875,-0.29296875,-3.8359375,0.0,0.0,0.0,-175.7539069081485,-66.6745791845206,176.09224867039381,170.771484375,0.0001250038148136845,0.000250007629627369
8.10693912299999,8.07421875,-4.1796875,-3.65234375,0.0,0.0,0.0,-130.84265060226272,-55.586621369789796,136.22391476285807,8.921875,-0.29296875,-3.8359375,0.0,0.0,0.0,-175.7539069081485,-66.6745791845206,176.09224867039381,170.771484375,0.0001250038148136845,0.000250007629627369
8.116932579000007,8.07421875,-4.1796875,-3.65234375,0.0,0.0,0.0,-130.84265060226272,-55.586621369789796,136.22391476285807,8.921875,-0.29296875,-3.8359375,0.0,0.0,0.0,-175.7539069081485,-66.6745791845206,176.09224867039381,170.771484375,0.0001250038148136845,0.000500015259254738
8.122494190999987,8.109375,-4.1796875,-3.61328125,0.0,0.0,0.0,-130.84265060226272,-55.586621369789796,136.22391476285807,8.953125,-0.29296875,-3.8359375,0.0,0.0,0.0,-175.7539069081485,-66.6745791845206,176.09224867039381,170.771484375,0.000250007629627369,0.000500015259254738
8.147777663999989,8.109375,-4.1796875,-3.61328125,0.0,0.0,0.0,-130.84265060226272,-55.586621369789796,136.22391476285807,8.953125,-0.29296875,-3.8359375,0.0,0.0,0.0,-175.7539069081485,-66.6745791845206,176.09224867039381,170.771484375,0.000250007629627369,0.00037501144444105353
8.158428065999999,8.11328125,-4.21875,-3.61328125,0.0,0.0,0.0,-130.84265060226272,-55.586621369789796,136.22391476285807,8.921875,-0.29296875,-3.8359375,0.0,0.0,0.0,-175.7539069081485,-66.6745791845206,176.09224867039381,170.771484375,0.0001250038148136845,0.00037501144444105353
8.170952125000014,8.11328125,-4.21875,-3.61328125,0.0,0.0,0.0,-130.84265060226272,-55.586621369789796,136.22391476285807,8.921875,-0.29296875,-3.8359375,0.0,0.0,0.0,-175.7539069081485,-66.6745791845206,176.09224867039381,170.771484375,0.0001250038148136845,0.00037501144444105353
8.17615473699999,8.11328125,-4.21875,-3.61328125,0.0,0.0,0.0,-130.84265060226272,-55.586621369789796,136.22391476285807,8.921875,-0.29296875,-3.8359375,0.0,0.0,0.0,-175.7539069081485,-66.6745791845206,176.09224867039381,170.771484375,0.00037501144444105353,0.00037501144444105353
8.18982651600001,8.11328125,-4.21875,-3.61328125,0.0,0.0,0.0,-130.84265060226272,-55.586621369789796,136.22391476285807,8.953125,-0.29296875,-3.8359375,0.0,0.0,0.0,-175.7539069081485,-66.6745791845206,176.09224867039381,170.771484375,0.00037501144444105353,0.000250007629627369
8.208376466000004,8.07421875,-4.1796875,-3.61328125,0.0,0.0,0.0,-130.84265060226272,-55.586621369789796,136.22391476285807,8.953125,-0.29296875,-3.8359375,0.0,0.0,0.0,-175.7539069081485,-66.6745791845206,176.09224867039381,170.771484375,0.0001250038148136845,0.000250007629627369
8.217755630999989,8.07421875,-4.1796875,-3.61328125,0.0,0.0,0.0,-130.84265060226272,-55.586621369789796,136.22391476285807,8.953125,-0.25390625,-3.8359375,0.0,0.0,0.0,-175.7539069081485,-66.6745791845206,176.09224867039381,170.771484375,0.0001250038148136845,0.0001250038148136845
8.228264308000007,8.07421875,-4.1796875,-3.61328125,0.0,0.0,0.0,-130.83602450850364,-55.58513715777316,136.22231343822156,8.953125,-0.25390625,-3.8359375,0.0,0.0,0.0,-175.7539069081485,-66.6745791845206,176.09224867039381,170.771484375,0.0,0.0001250038148136845
8.248417711999991,8.07421875,-4.1796875,-3.61328125,0.0,0.0,0.0,-130.83602450850364,-55.58513715777316,136.22231343822156,8.953125,-0.29296875,-3.8359375,0.0,0.0,0.0,-175.7539069081485,-66.6745791845206,176.09224867039381,170.771484375,0.0,0.000250007629627369
8.262546025999995,8.07421875,-4.1796875,-3.61328125,0.0,0.0,0.0,-130.83602450850364,-55.58513715777316,136.22231343822156,8.953125,-0.29296875,-3.8359375,0.0,0.0,0.0,-175.7539069081485,-66.6745791845206,176.09224867039381,170.771484375,0.0001250038148136845,0.000250007629627369
8.27088306799999,8.07421875,-4.1796875,-3.61328125,0.0,0.0,0.0,-130.83602450850364,-55.58513715777316,136.22231343822156,8.953125,-0.29296875,-3.8359375,0.0,0.0,0.0,-175.7539069081485,-66.6745791845206,176.09224867039381,170.771484375,0.0001250038148136845,0.00037501144444105353
8.27603835299999,8.07421875,-4.1796875,-3.61328125,0.0,0.0,0.0,-130.83602450850364,-55.58513715777316,136.22231343822156,8.953125,-0.29296875,-3.8359375,0.0,0.0,0.0,-175.76861787291847,-66.67472257557557,176.10191103492326,170.771484375,0.0001250038148136845,0.00037501144444105353
8.298144707999995,8.07421875,-4.1796875,-3.61328125,0.0,0.0,0.0,-130.83602450850364,-55.58513715777316,136.22231343822156,8.953125,-0.29296875,-3.8359375,0.0,0.0,0.0,-175.76861787291847,-66.67472257557557,176.10191103492326,170.771484375,0.0001250038148136845,0.00037501144444105353
8.31113851699999,8.07421875,-4.1796875,-3.61328125,0.0,0.0,0.0,-130.83602450850364,-55.58513715777316,136.22231343822156,8.953125,-0.29296875,-3.8359375,0.0,0.0,0.0,-175.76861787291847,-66.67472257557557,176.10191103492326,170.771484375,0.000250007629627369,0.00037501144444105353
8.316166124999995,8.07421875,-4.1796875,-3.61328125,0.0,0.0,0.0,-130.83602450850364,-55.58513715777316,136.22231343822156,8.953125,-0.29296875,-3.875,0.0,0.0,0.0,-175.76861787291847,-66.67472257557557,176.10191103492326,170.771484375,0.000250007629627369,0.0001250038148136845
8.325407883999986,8.07421875,-4.1796875,-3.61328125,0.0,0.0,0.0,-130.83602450850364,-55.58513715777316,136.22231343822156,8.953125,-0.29296875,-3.875,0.0,0.0,0.0,-175.76861787291847,-66.67472257557557,176.10191103492326,170.771484375,0.000250007629627369,0.0001250038148136845
8.339765185000005,8.07421875,-4.1796875,-3.61328125,0.0,0.0,0.0,-130.83602450850364,-55.58513715777316,136.22231343822156,8.953125,-0.29296875,-3.8359375,0.0,0.0,0.0,-175.76861787291847,-66.67472257557557,176.10191103492326,170.771484375,0.000250007629627369,0.000500015259254738
8.358603673000005,8.07421875,-4.1796875,-3.61328125,0.0,0.0,0.0,-130.83602450850364,-55.58513715777316,136.22231343822156,8.953125,-0.29296875,-3.8359375,0.0,0.0,0.0,-175.76861787291847,-66.67472257557557,176.10191103492326,170.771484375,0.0001250038148136845,0.000500015259254738
8.367877176000007,8.07421875,-4.1796875,-3.61328125,0.0,0.0,0.0,-130.83602450850364,-55.58513715777316,136.22231343822156,8.953125,-0.29296875,-3.8359375,0.0,0.0,0.0,-175.76861787291847,-66.67472257557557,176.10191103492326,170.771484375,0.0001250038148136845,0.00037501144444105353
8.373287046999991,8.07421875,-4.1796875,-3.61328125,0.0,0.0,0.0,-130.83602450850364,-55.58513715777316,136.22231343822156,8.921875,-0.29296875,-3.8359375,0.0,0.0,0.0,-175.76861787291847,-66.67472257557557,176.10191103492326,170.771484375,0.0001250038148136845,0.00037501144444105353
8.39110104400001,8.07421875,-4.1796875,-3.61328125,0.0,0.0,0.0,-130.83602450850364,-55.58513715777316,136.22231343822156,8.921875,-0.29296875,-3.8359375,0.0,0.0,0.0,-175.76861787291847,-66.67472257557557,176.10191103492326,170.771484375,0.0001250038148136845,0.000250007629627369
8.408851169999991,8.07421875,-4.1796875,-3.61328125,0.0,0.0,0.0,-130.83602450850364,-55.58513715777316,136.22231343822156,8.921875,-0.29296875,-3.8359375,0.0,0.0,0.0,-175.76861787291847,-66.67472257557557,176.10191103492326,170.771484375,0.00037501144444105353,0.000250007629627369
8.41923015399999,8.07421875,-4.1796875,-3.61328125,0.0,0.0,0.0,-130.83602450850364,-55.58513715777316,136.22231343822156,8.921875,-0.29296875,-3.8359375,0.0,0.0,0.0,-175.76861787291847,-66.67472257557557,176.10191103492326,170.771484375,0.00037501144444105353,0.00037501144444105353
8.434651304999988,8.07421875,-4.1796875,-3.61328125,0.0,0.0,0.0,-130.83602450850364,-55.58513715777316,136.22231343822156,8.921875,-0.29296875,-3.8359375,0.0,0.0,0.0,-175.76861787291847,-66.67472257557557,176.10191103492326,170.771484375,0.000250007629627369,0.00037501144444105353
8.43994249100001,8.07421875,-4.1796875,-3.61328125,0.0,0.0,0.0,-130.83602450850364,-55.58513715777316,136.22231343822156,8.921875,-0.29296875,-3.8359375,0.0,0.0,0.0,-175.76861787291847,-66.67472257557557,176.10191103492326,170.771484375,0.000250007629627369,0.00037501144444105353
8.459087436000004,8.0703125,-4.21875,-3.61328125,0.0,0.0,0.0,-130.83602450850364,-55.58513715777316,136.22231343822156,8.921875,-0.29296875,-3.8359375,0.0,0.0,0.0,-175.76861787291847,-66.67472257557557,176.10191103492326,170.771484375,0.00037501144444105353,0.00037501144444105353
8.468034544999995,8.0703125,-4.21875,-3.61328125,0.0,0.0,0.0,-130.83602450850364,-55.58513715777316,136.22231343822156,8.921875,-0.29296875,-3.8359375,0.0,0.0,0.0,-175.76861787291847,-66.67472257557557,176.10191103492326,170.771484375,0.00037501144444105353,0.000500015259254738
8.473360387000014,8.0703125,-4.21875,-3.61328125,0.0,0.0,0.0,-130.83602450850364,-55.58513715777316,136.22231343822156,8.921875,-0.29296875,-3.8359375,0.0,0.0,0.0,-175.76861787291847,-66.67472257557557,176.10191103492326,170.771484375,0.000250007629627369,0.000500015259254738
8.481580119,8.07421875,-4.1796875,-3.65234375,0.0,0.0,0.0,-130.83602450850364,-55.58513715777316,136.22231343822156,8.921875,-0.29296875,-3.8359375,0.0,0.0,0.0,-175.76861787291847,-66.67472257557557,176.10191103492326,170.771484375,0.000250007629627369,0.000250007629627369
8.500628075000009,8.07421875,-4.1796875,-3.65234375,0.0,0.0,0.0,-130.83602450850364,-55.58513715777316,136.22231343822156,8.953125,-0.17578125,-3.94921875,-0.033203125,0.01171875,0.009765625,-175.76861787291847,-66.67472257557557,176.10191103492326,170.771484375,0.000250007629627369,0.000250007629627369
8.513261891000013,8.07421875,-4.1796875,-3.61328125,0.0,0.0,0.0,-130.83602450850364,-55.58513715777316,136.22231343822156,8.953125,-0.17578125,-3.94921875,-0.033203125,0.01171875,0.009765625,-175.76861787291847,-66.67472257557557,176.10191103492326,170.771484375,0.000250007629627369,0.000250007629627369
8.523417168000009,8.07421875,-4.1796875,-3.61328125,0.00390625,0.015625,-0.005859375,-130.81818679606386,-55.59656590511982,136.19877117839965,8.953125,-0.17578125,-3.94921875,-0.033203125,0.01171875,0.009765625,-175.76861787291847,-66.67472257557557,176.10191103492326,170.771484375,0.00037501144444105353,0.000250007629627369
8.536883383000003,8.07421875,-4.1796875,-3.61328125,0.00390625,0.015625,-0.005859375,-130.81818679606386,-55.59656590511982,136.19877117839965,9.109375,-0.67578125,-5.75,-0.033203125,0.01171875,0.009765625,-175.8428955245358,-66.79443624011559,176.11047161255217,170.771484375,0.00037501144444105353,0.00037501144444105353
8.550216258000006,8.03515625,-4.1796875,-4.07421875,0.00390625,0.015625,-0.005859375,-130.81818679606386,-55.59656590511982,136.19877117839965,9.109375,-0.67578125,-5.75,-0.017578125,0.3828125,-0.013671875,-175.8428955245358,-66.79443624011559,176.11047161255217,170.771484375,0.000250007629627369,0.00037501144444105353
8.563229460999992,8.03515625,-4.1796875,-4.07421875,0.00390625,0.015625,-0.005859375,-130.81818679606386,-55.59656590511982,136.19877117839965,9.109375,-0.67578125,-5.75,-0.017578125,0.3828125,-0.013671875,-175.8428955245358,-66.79443624011559,176.11047161255217,170.771484375,0.000250007629627369,0.0001250038148136845
8.580389395999987,8.26171875,-4.1796875,-3.69140625,0.25,0.357421875,0.033203125,-129.63771131300533,-56.06175603594722,135.16207655846964,9.03515625,0.43359375,-5.67578125,-0.017578125,0.3828125,-0.013671875,-175.4922259510167,-67.95480539198275,175.6786512142709,170.771484375,0.00037501144444105353,0.0001250038148136845
8.600617011999987,8.26171875,-4.1796875,-3.69140625,0.25,0.357421875,0.033203125,-129.63771131300533,-56.06175603594722,135.16207655846964,9.3359375,1.23828125,-4.9453125,-0.015625,0.583984375,0.16015625,-175.4922259510167,-67.95480539198275,175.6786512142709,170.771484375,0.000250007629627369,0.0001250038148136845
8.614649394999986,8.64453125,-4.140625,-3.53515625,0.25,0.357421875,0.033203125,-129.63771131300533,-56.06175603594722,135.16207655846964,9.3359375,1.23828125,-4.9453125,-0.015625,0.583984375,0.16015625,-175.4922259510167,-67.95480539198275,175.6786512142709,170.771484375,0.000250007629627369,0.000250007629627369
8.624953247000008,8.64453125,-4.140625,-3.53515625,0.31640625,0.7578125,0.345703125,-126.66904970682789,-56.59084623142767,132.50105287174543,9.375,2.04296875,-6.5546875,-0.015625,0.583984375,0.16015625,-173.05263853289878,-69.92375659842264,172.9873541995802,170.771484375,0.000250007629627369,0.000250007629627369
8.647078582999995,8.68359375,-4.140625,-3.4609375,0.31640625,0.7578125,0.345703125,-126.66904970682789,-56.59084623142767,132.50105287174543,9.375,2.04296875,-6.5546875,-0.330078125,1.0390625,0.46484375,-173.05263853289878,-69.92375659842264,172.9873541995802,170.771484375,0.000250007629627369,0.0001250038148136845
8.661451470999992,8.68359375,-4.140625,-3.4609375,0.31640625,0.7578125,0.345703125,-126.66904970682789,-56.59084623142767,132.50105287174543,9.609375,0.85546875,-5.7109375,-0.330078125,1.0390625,0.46484375,-173.05263853289878,-69.92375659842264,172.9873541995802,170.68359375,0.0001250038148136845,0.0001250038148136845
8.670994315000002,8.68359375,-4.140625,-3.4609375,0.31640625,0.7578125,0.345703125,-126.66904970682789,-56.59084623142767,132.50105287174543,9.609375,0.85546875,-5.7109375,-0.330078125,1.0390625,0.46484375,-173.05263853289878,-69.92375659842264,172.9873541995802,170.68359375,0.0001250038148136845,0.000500015259254738
8.67615635300001,8.9140625,-4.5625,-2.1953125,-0.068359375,1.421875,0.501953125,-121.21911302126838,-57.23293676209738,126.47410486042837,9.609375,0.85546875,-5.7109375,-0.330078125,1.0390625,0.46484375,-173.05263853289878,-69.92375659842264,172.9873541995802,170.68359375,0.00037501144444105353,0.000500015259254738
8.690704533000002,8.9140625,-4.5625,-2.1953125,-0.068359375,1.421875,0.501953125,-121.21911302126838,-57.23293676209738,126.47410486042837,9.41796875,-0.29296875,-4.5234375,-0.765625,1.416015625,0.515625,-168.79017585417304,-72.96883361391671,166.94475999993236,170.68359375,0.00037501144444105353,0.0
8.709641392000009,8.640625,-4.6015625,-2.234375,-0.068359375,1.421875,0.501953125,-121.21911302126838,-57.23293676209738,126.47410486042837,9.41796875,-0.29296875,-4.5234375,-0.765625,1.416015625,0.515625,-168.79017585417304,-72.96883361391671,166.94475999993236,170.68359375,0.000250007629627369,0.0
8.71877889999999,8.640625,-4.6015625,-2.234375,-0.068359375,1.421875,0.501953125,-121.21911302126838,-57.23293676209738,126.47410486042837,9.41796875,-0.29296875,-4.5234375,-0.765625,1.416015625,0.515625,-168.79017585417304,-72.96883361391671,166.94475999993236,170.68359375,0.000250007629627369,0.000500015259254738
8.724376511999992,8.640625,-4.6015625,-2.234375,-0.1796875,1.845703125,0.541015625,-113.84468187694146,-58.0978374720202,117.36849895258266,9.23046875,-0.40625,-4.296875,-0.765625,1.416015625,0.515625,-168.79017585417304,-72.96883361391671,166.94475999993236,170.68359375,0.000250007629627369,0.000500015259254738
8.742101875999992,8.53515625,-4.71484375,-1.9296875,-0.1796875,1.845703125,0.541015625,-113.84468187694146,-58.0978374720202,117.36849895258266,8.8828125,-2.0546875,-2.5703125,-1.013671875,1.650390625,0.4765625,-161.86157956317805,-76.75896245769664,157.17137380181143,170.68359375,0.000250007629627369,0.000500015259254738
8.763690102999988,8.53515625,-4.71484375,-1.9296875,-0.1796875,1.845703125,0.541015625,-113.84468187694146,-58.0978374720202,117.36849895258266,8.8828125,-2.0546875,-2.5703125,-1.013671875,1.650390625,0.4765625,-161.86157956317805,-76.75896245769664,157.17137380181143,170.68359375,0.00037501144444105353,0.000500015259254738
8.768837837000007,8.11328125,-4.828125,-1.62109375,-0.1796875,1.845703125,0.541015625,-113.84468187694146,-58.0978374720202,117.36849895258266,8.8828125,-2.0546875,-2.5703125,-1.013671875,1.650390625,0.4765625,-161.86157956317805,-76.75896245769664,157.17137380181143,170.68359375,0.00037501144444105353,0.00037501144444105353
8.777959186000004,8.11328125,-4.828125,-1.62109375,-0.099609375,1.845703125,0.345703125,-105.33346616408521,-58.67056050836767,106.73063195219497,8.6875,-3.08984375,-0.50390625,-1.013671875,1.650390625,0.4765625,-150.0266755452099,-80.53410450838264,142.42135894429848,170.68359375,0.000250007629627369,0.00037501144444105353
8.798678951,8.11328125,-4.828125,-1.62109375,-0.099609375,1.845703125,0.345703125,-105.33346616408521,-58.67056050836767,106.73063195219497,8.6875,-3.08984375,-0.50390625,-0.7265625,1.486328125,0.189453125,-150.0266755452099,-80.53410450838264,142.42135894429848,170.68359375,0.000250007629627369,0.000250007629627369
8.809116751999994,8.0703125,-4.984375,-1.27734375,-0.099609375,1.845703125,0.345703125,-105.33346616408521,-58.67056050836767,106.73063195219497,8.6875,-3.08984375,-0.50390625,-0.7265625,1.486328125,0.189453125,-150.0266755452099,-80.53410450838264,142.42135894429848,170.68359375,0.0,0.000250007629627369
8.818135095000002,8.0703125,-4.984375,-1.27734375,-0.099609375,1.845703125,0.345703125,-105.33346616408521,-58.67056050836767,106.73063195219497,8.6875,-3.08984375,-0.50390625,-0.7265625,1.486328125,0.189453125,-150.0266755452099,-80.53410450838264,142.42135894429848,170.68359375,0.0,0.000500015259254738
8.823080624999989,8.0703125,-4.984375,-1.27734375,-0.099609375,1.845703125,0.345703125,-105.33346616408521,-58.67056050836767,106.73063195219497,8.8828125,-2.8984375,1.22265625,-0.7265625,1.486328125,0.189453125,-150.0266755452099,-80.53410450838264,142.42135894429848,170.595703125,0.0001250038148136845,0.000500015259254738
8.831854523999993,7.796875,-4.9453125,-0.1640625,-0.154296875,1.455078125,0.015625,-97.65514647323569,-59.11893709694923,97.54226777409981,8.8828125,-2.8984375,1.22265625,-0.7265625,1.486328125,0.189453125,-133.48520730502716,-83.40367181472647,123.48901677198533,170.5078125,0.0001250038148136845,0.000250007629627369
8.85137322700001,7.796875,-4.9453125,-0.1640625,-0.154296875,1.455078125,0.015625,-97.65514647323569,-59.11893709694923,97.54226777409981,8.84765625,-1.7109375,1.22265625,-0.87109375,1.107421875,-0.03515625,-133.48520730502716,-83.40367181472647,123.48901677198533,170.5078125,0.000250007629627369,0.000250007629627369
8.864888051999998,8.37890625,-4.67578125,0.37109375,-0.154296875,1.455078125,0.015625,-97.65514647323569,-59.11893709694923,97.54226777409981,8.84765625,-1.7109375,1.22265625,-0.87109375,1.107421875,-0.03515625,-133.48520730502716,-83.40367181472647,123.48901677198533,170.5078125,0.000250007629627369,0.000250007629627369
8.874864422999991,8.37890625,-4.67578125,0.37109375,-0.48046875,1.396484375,-0.109375,-91.81767746817381,-59.67989719750406,89.68598509155017,9.53125,-0.828125,0.37890625,-0.87109375,1.107421875,-0.03515625,-133.48520730502716,-83.40367181472647,123.48901677198533,170.419921875,0.00037501144444105353,0.000250007629627369
8.892761175000004,8.37890625,-4.67578125,0.37109375,-0.48046875,1.396484375,-0.109375,-91.81767746817381,-59.67989719750406,89.68598509155017,9.53125,-0.828125,0.37890625,-0.87109375,1.107421875,-0.03515625,-111.0998736499537,-85.21362238478585,98.25741908836069,170.419921875,0.00037501144444105353,0.0001250038148136845
8.900549237999996,8.68359375,-4.71484375,-0.203125,-0.48046875,1.396484375,-0.109375,-91.81767746817381,-59.67989719750406,89.68598509155017,9.53125,-0.828125,0.37890625,-0.94921875,0.94140625,-0.091796875,-111.0998736499537,-85.21362238478585,98.25741908836069,170.419921875,0.0001250038148136845,0.0001250038148136845
8.91403555299999,8.68359375,-4.71484375,-0.203125,-0.48046875,1.396484375,-0.109375,-91.81767746817381,-59.67989719750406,89.68598509155017,9.1484375,-0.98046875,0.953125,-0.94921875,0.94140625,-0.091796875,-111.0998736499537,-85.21362238478585,98.25741908836069,170.419921875,0.0001250038148136845,0.0006250190740684225
8.92280276400001,8.68359375,-4.71484375,-0.203125,-0.48046875,1.396484375,-0.109375,-91.81767746817381,-59.67989719750406,89.68598509155017,9.1484375,-0.98046875,0.953125,-0.94921875,0.94140625,-0.091796875,-111.0998736499537,-85.21362238478585,98.25741908836069,170.419921875,0.000500015259254738,0.0006250190740684225
8.927934115,8.2578125,-5.09765625,-0.55078125,-0.380859375,1.01171875,-0.103515625,-87.02503537866693,-59.961124839033346,82.60491927491438,9.1484375,-0.98046875,0.953125,-0.94921875,0.94140625,-0.091796875,-111.0998736499537,-85.21362238478585,98.25741908836069,170.33203125,0.000500015259254738,0.0001250038148136845
8.94252591,8.2578125,-5.09765625,-0.55078125,-0.380859375,1.01171875,-0.103515625,-87.02503537866693,-59.961124839033346,82.60491927491438,9.1875,-1.36328125,2.0625,-0.525390625,0.552734375,-0.048828125,-84.29355985171424,-85.76582360658453,68.9821749458829,170.33203125,0.0001250038148136845,0.0001250038148136845
8.960691329000014,8.0703125,-5.2109375,0.0625,-0.380859375,1.01171875,-0.103515625,-87.02503537866693,-59.961124839033346,82.60491927491438,9.1875,-1.36328125,2.0625,-0.525390625,0.552734375,-0.048828125,-84.29355985171424,-85.76582360658453,68.9821749458829,170.33203125,0.0001250038148136845,0.000250007629627369
8.970144190000013,8.0703125,-5.2109375,0.0625,-0.380859375,1.01171875,-0.103515625,-87.02503537866693,-59.961124839033346,82.60491927491438,9.1875,-1.36328125,2.0625,-0.525390625,0.552734375,-0.048828125,-84.29355985171424,-85.76582360658453,68.9821749458829,170.33203125,0.000500015259254738,0.000250007629627369
8.975415408999993,8.0703125,-5.2109375,0.0625,-0.12109375,0.390625,-0.04296875,-84.21789842812306,-60.01007257388036,78.54782969307487,8.95703125,-1.2109375,2.9453125,-0.525390625,0.552734375,-0.048828125,-84.29355985171424,-85.76582360658453,68.9821749458829,170.33203125,0.000500015259254738,0.00037501144444105353
8.991367337000014,8.0703125,-5.2109375,0.0625,-0.12109375,0.390625,-0.04296875,-84.21789842812306,-60.01007257388036,78.54782969307487,8.95703125,-1.2109375,2.9453125,-0.525390625,0.552734375,-0.048828125,-70.82243617175467,-85.61936675634676,54.331481392942095,170.244140625,0.000250007629627369,0.00037501144444105353
9.001396891000013,8.19140625,-5.09765625,0.41015625,-0.12109375,0.390625,-0.04296875,-84.21789842812306,-60.01007257388036,78.54782969307487,9.49609375,-0.0625,1.796875,-0.177734375,0.1171875,0.037109375,-70.82243617175467,-85.61936675634676,54.331481392942095,170.244140625,0.000250007629627369,0.0006250190740684225
9.019699906,8.19140625,-5.09765625,0.41015625,-0.12109375,0.390625,-0.04296875,-84.21789842812306,-60.01007257388036,78.54782969307487,9.49609375,-0.0625,1.796875,-0.177734375,0.1171875,0.037109375,-70.82243617175467,-85.61936675634676,54.331481392942095,170.244140625,0.000250007629627369,0.0006250190740684225
9.025592073000013,8.875,-4.79296875,0.79296875,-0.12890625,0.12890625,0.125,-83.46254119114707,-59.884688668821966,77.34978209740005,9.49609375,-0.0625,1.796875,-0.177734375,0.1171875,0.037109375,-70.82243617175467,-85.61936675634676,54.331481392942095,170.244140625,0.000250007629627369,0.0001250038148136845
9.040919212999995,8.875,-4.79296875,0.79296875,-0.12890625,0.12890625,0.125,-83.46254119114707,-59.884688668821966,77.34978209740005,9.7578125,0.2421875,0.68359375,-0.181640625,0.03125,0.181640625,-70.32080329508301,-85.35754675457481,53.30125619723928,170.244140625,0.0,0.0001250038148136845
9.060411772000009,8.53515625,-4.9453125,0.5234375,-0.12890625,0.12890625,0.125,-83.46254119114707,-59.884688668821966,77.34978209740005,9.7578125,0.2421875,0.68359375,-0.181640625,0.03125,0.181640625,-70.32080329508301,-85.35754675457481,53.30125619723928,170.15625,0.0,0.000500015259254738
9.069431938000008,8.53515625,-4.9453125,0.5234375,-0.12890625,0.12890625,0.125,-83.46254119114707,-59.884688668821966,77.34978209740005,9.6875,-1.09765625,0.1875,-0.181640625,0.03125,0.181640625,-70.32080329508301,-85.35754675457481,53.30125619723928,170.15625,0.00037501144444105353,0.000500015259254738
9.080322338000002,8.53515625,-5.01953125,0.5625,-0.05078125,0.08203125,0.14453125,-83.31314425173618,-59.430395390626686,76.80354514798036,9.796875,-0.5625,0.37890625,-0.119140625,0.05078125,0.20703125,-71.88016653006714,-84.76437063987117,54.49495016939289,170.068359375,0.00037501144444105353,0.00037501144444105353
9.110646034000013,8.53515625,-5.01953125,0.5625,-0.05078125,0.08203125,0.14453125,-83.31314425173618,-59.430395390626686,76.80354514798036,9.796875,-0.5625,0.37890625,-0.119140625,0.05078125,0.20703125,-71.88016653006714,-84.76437063987117,54.49495016939289,170.068359375,0.0,0.00037501144444105353
9.116218078999992,8.53515625,-5.01953125,0.5625,-0.05078125,0.08203125,0.14453125,-83.31314425173618,-59.430395390626686,76.80354514798036,9.796875,-0.5625,0.37890625,-0.119140625,0.05078125,0.20703125,-71.88016653006714,-84.76437063987117,54.49495016939289,170.068359375,0.0,0.000250007629627369
9.121224024000014,8.76171875,-4.8671875,0.9453125,-0.16015625,0.1484375,0.1796875,-83.16212310817913,-58.928650988244016,76.33103739189292,9.796875,-0.5625,0.37890625,-0.119140625,0.05078125,0.20703125,-71.88016653006714,-84.76437063987117,54.49495016939289,170.068359375,0.0001250038148136845,0.000250007629627369
9.135623568,8.76171875,-4.8671875,0.9453125,-0.16015625,0.1484375,0.1796875,-83.16212310817913,-58.928650988244016,76.33103739189292,9.796875,-0.59765625,0.41796875,-0.119140625,0.05078125,0.20703125,-72.96901817133276,-84.22636677881405,55.10467074951981,170.068359375,0.0001250038148136845,0.00037501144444105353
9.148890142999988,8.76171875,-4.8671875,0.9453125,-0.16015625,0.1484375,0.1796875,-83.16212310817913,-58.928650988244016,76.33103739189292,9.796875,-0.59765625,0.41796875,-0.220703125,0.06640625,0.236328125,-72.96901817133276,-84.22636677881405,55.10467074951981,169.98046875,0.000500015259254738,0.00037501144444105353
9.159641569999991,8.5703125,-4.984375,0.79296875,-0.16015625,0.1484375,0.1796875,-83.16212310817913,-58.928650988244016,76.33103739189292,9.6875,-0.67578125,0.6484375,-0.220703125,0.06640625,0.236328125,-72.96901817133276,-84.22636677881405,55.10467074951981,169.98046875,0.000500015259254738,0.00037501144444105353
9.172714036999992,8.5703125,-4.984375,0.79296875,-0.16015625,0.1484375,0.1796875,-83.16212310817913,-58.928650988244016,76.33103739189292,9.6875,-0.67578125,0.6484375,-0.220703125,0.06640625,0.236328125,-72.96901817133276,-84.22636677881405,55.10467074951981,169.98046875,0.00037501144444105353,0.00037501144444105353
9.17792000899999,8.53125,-5.09765625,0.71484375,-0.2109375,0.15234375,0.216796875,-83.09747772611222,-58.312054588496714,75.6172789662077,9.69140625,-0.98046875,0.68359375,-0.228515625,0.017578125,0.267578125,-74.3566876715093,-83.47763465405066,55.831392542992376,169.892578125,0.00037501144444105353,0.0001250038148136845
9.21016344200001,8.53125,-5.09765625,0.71484375,-0.2109375,0.15234375,0.216796875,-83.09747772611222,-58.312054588496714,75.6172789662077,9.69140625,-0.98046875,0.68359375,-0.228515625,0.017578125,0.267578125,-74.3566876715093,-83.47763465405066,55.831392542992376,169.892578125,0.0001250038148136845,0.0001250038148136845
9.215482019999996,8.53125,-5.09765625,0.71484375,-0.2109375,0.15234375,0.216796875,-83.09747772611222,-58.312054588496714,75.6172789662077,9.69140625,-0.98046875,0.68359375,-0.228515625,0.017578125,0.267578125,-74.3566876715093,-83.47763465405066,55.831392542992376,169.892578125,0.0001250038148136845,0.00037501144444105353
9.22066895399999,8.41796875,-5.25,0.63671875,-0.17578125,0.072265625,0.24609375,-83.26002573231656,-57.608579870827455,75.13688780615219,9.61328125,-1.09765625,0.72265625,-0.228515625,0.017578125,0.267578125,-74.3566876715093,-83.47763465405066,55.831392542992376,169.8046875,0.000250007629627369,0.00037501144444105353
9.242700788000008,8.41796875,-5.25,0.63671875,-0.17578125,0.072265625,0.24609375,-83.26002573231656,-57.608579870827455,75.13688780615219,9.61328125,-1.09765625,0.72265625,-0.228515625,0.017578125,0.267578125,-76.78959832332895,-82.70192026425772,57.705496865419136,169.8046875,0.000250007629627369,0.000250007629627369
9.252205137000004,8.37890625,-5.25,0.71484375,-0.17578125,0.072265625,0.24609375,-83.26002573231656,-57.608579870827455,75.13688780615219,9.61328125,-1.09765625,0.72265625,-0.171875,-0.033203125,0.302734375,-76.78959832332895,-82.70192026425772,57.705496865419136,169.8046875,0.00037501144444105353,0.000250007629627369
9.264566513999995,8.37890625,-5.25,0.71484375,-0.17578125,0.072265625,0.24609375,-83.26002573231656,-57.608579870827455,75.13688780615219,9.609375,-1.2109375,0.72265625,-0.171875,-0.033203125,0.302734375,-76.78959832332895,-82.70192026425772,57.705496865419136,169.8046875,0.00037501144444105353,0.0007500228888821071
9.273250174999987,8.37890625,-5.25,0.71484375,-0.17578125,0.072265625,0.24609375,-83.26002573231656,-57.608579870827455,75.13688780615219,9.609375,-1.2109375,0.72265625,-0.171875,-0.033203125,0.302734375,-76.78959832332895,-82.70192026425772,57.705496865419136,169.716796875,0.000250007629627369,0.0007500228888821071
9.278183162000005,8.4140625,-5.17578125,0.90625,-0.22265625,0.048828125,0.26171875,-83.7016760559168,-56.866449853779926,75.03014186318325,9.609375,-1.2109375,0.72265625,-0.171875,-0.033203125,0.302734375,-76.78959832332895,-82.70192026425772,57.705496865419136,169.716796875,0.000250007629627369,0.0
9.291973181999992,8.4140625,-5.17578125,0.90625,-0.22265625,0.048828125,0.26171875,-83.7016760559168,-56.866449853779926,75.03014186318325,9.69140625,-1.171875,0.53125,-0.28125,-0.044921875,0.2890625,-79.81017210153867,-81.92801212354792,60.16031455906013,169.716796875,0.00037501144444105353,0.0
9.31076281099999,8.4140625,-5.17578125,0.90625,-0.22265625,0.048828125,0.26171875,-83.7016760559168,-56.866449853779926,75.03014186318325,9.69140625,-1.171875,0.53125,-0.28125,-0.044921875,0.2890625,-79.81017210153867,-81.92801212354792,60.16031455906013,169.716796875,0.00037501144444105353,0.000250007629627369
9.316120396999992,8.296875,-5.328125,0.79296875,-0.22265625,0.048828125,0.26171875,-83.7016760559168,-56.866449853779926,75.03014186318325,9.6484375,-1.86328125,0.33984375,-0.28125,-0.044921875,0.2890625,-79.81017210153867,-81.92801212354792,60.16031455906013,169.62890625,0.0001250038148136845,0.000250007629627369
9.330845533999991,8.296875,-5.328125,0.79296875,-0.30078125,0.1015625,0.205078125,-84.23965084099078,-56.15401928381991,74.75325599406379,9.6484375,-1.86328125,0.33984375,-0.28125,-0.044921875,0.2890625,-82.32440636369252,-81.2111486599744,61.8463870294116,169.62890625,0.0001250038148136845,0.00037501144444105353
9.347365386000007,8.15234375,-5.48046875,0.67578125,-0.30078125,0.1015625,0.205078125,-84.23965084099078,-56.15401928381991,74.75325599406379,9.65234375,-1.94140625,0.26171875,-0.318359375,-0.033203125,0.1953125,-82.32440636369252,-81.2111486599744,61.8463870294116,169.62890625,0.000250007629627369,0.00037501144444105353
9.36624413300001,8.15234375,-5.48046875,0.67578125,-0.30078125,0.1015625,0.205078125,-84.23965084099078,-56.15401928381991,74.75325599406379,9.65234375,-1.94140625,0.26171875,-0.318359375,-0.033203125,0.1953125,-82.32440636369252,-81.2111486599744,61.8463870294116,169.541015625,0.000250007629627369,0.0006250190740684225
9.376556721000014,8.15234375,-5.59765625,0.484375,-0.30078125,0.1328125,0.119140625,-84.74590584696705,-55.66011513639322,74.28043158584065,9.6875,-1.86328125,-0.12109375,-0.318359375,-0.033203125,0.1953125,-84.08950393372378,-80.68363889332352,62.70918482936771,169.365234375,0.00037501144444105353,0.000250007629627369
9.399400923000002,8.15234375,-5.59765625,0.484375,-0.30078125,0.1328125,0.119140625,-84.74590584696705,-55.66011513639322,74.28043158584065,9.6875,-1.86328125,-0.12109375,-0.212890625,0.0078125,0.21875,-84.08950393372378,-80.68363889332352,62.70918482936771,169.27734375,0.0001250038148136845,0.000250007629627369
9.410070622999996,8.03515625,-5.7890625,-0.05078125,-0.30078125,0.1328125,0.119140625,-84.74590584696705,-55.66011513639322,74.28043158584065,9.6875,-1.86328125,-0.12109375,-0.212890625,0.0078125,0.21875,-84.08950393372378,-80.68363889332352,62.70918482936771,169.189453125,0.0001250038148136845,0.000250007629627369
9.419114949000004,8.03515625,-5.7890625,-0.05078125,-0.30078125,0.1328125,0.119140625,-84.74590584696705,-55.66011513639322,74.28043158584065,9.609375,-1.9765625,-0.2734375,-0.212890625,0.0078125,0.21875,-84.08950393372378,-80.68363889332352,62.70918482936771,169.1015625,0.00037501144444105353,0.000250007629627369
9.42927714000001,8.03515625,-5.7890625,-0.05078125,-0.04296875,0.064453125,0.06640625,-84.90466513770733,-55.38383411248231,73.82780803719722,9.609375,-1.9765625,-0.2734375,-0.212890625,0.0078125,0.21875,-84.08950393372378,-80.68363889332352,62.70918482936771,168.92578125,0.00037501144444105353,0.0001250038148136845
9.442510083999991,8.22265625,-5.75,0.0625,-0.04296875,0.064453125,0.06640625,-84.90466513770733,-55.38383411248231,73.82780803719722,9.76171875,-1.75,-0.46484375,0.046875,0.08984375,0.298828125,-84.48912927822667,-79.99236695945241,62.74841585506867,168.57421875,0.000250007629627369,0.0001250038148136845
9.46277878699999,8.22265625,-5.75,0.0625,-0.04296875,0.064453125,0.06640625,-84.90466513770733,-55.38383411248231,73.82780803719722,9.76171875,-1.75,-0.46484375,0.046875,0.08984375,0.298828125,-84.48912927822667,-79.99236695945241,62.74841585506867,168.486328125,0.000250007629627369,0.000500015259254738
9.46907600099999,8.22265625,-5.75,0.0625,-0.04296875,0.064453125,0.06640625,-84.90466513770733,-55.38383411248231,73.82780803719722,9.76171875,-1.75,-0.46484375,0.046875,0.08984375,0.298828125,-84.48912927822667,-79.99236695945241,62.74841585506867,168.3984375,0.000250007629627369,0.000500015259254738
9.474380916000001,8.26171875,-5.6328125,0.5625,0.080078125,0.08203125,0.052734375,-84.50324264818455,-55.20523685860412,73.51468683333364,9.6484375,-1.86328125,0.2265625,0.046875,0.08984375,0.298828125,-84.48912927822667,-79.99236695945241,62.74841585506867,168.134765625,0.000250007629627369,0.0001250038148136845
9.493199151999988,8.26171875,-5.6328125,0.5625,0.080078125,0.08203125,0.052734375,-84.50324264818455,-55.20523685860412,73.51468683333364,9.6484375,-1.86328125,0.2265625,0.046875,0.08984375,0.298828125,-83.37367209866375,-79.1404353839187,61.73772205178314,167.958984375,0.0001250038148136845,0.0001250038148136845
9.50279457100001,8.26171875,-5.6328125,0.5625,0.080078125,0.08203125,0.052734375,-84.50324264818455,-55.20523685860412,73.51468683333364,9.6484375,-1.86328125,0.2265625,0.041015625,0.103515625,0.30859375,-83.37367209866375,-79.1404353839187,61.73772205178314,167.783203125,0.0001250038148136845,0.000250007629627369
9.512500834999997,8.07421875,-5.59765625,0.6015625,0.080078125,0.08203125,0.052734375,-84.50324264818455,-55.20523685860412,73.51468683333364,9.49609375,-2.20703125,0.4921875,0.041015625,0.103515625,0.30859375,-83.37367209866375,-79.1404353839187,61.73772205178314,167.51953125,0.000250007629627369,0.000250007629627369
9.525609876999994,8.07421875,-5.59765625,0.6015625,0.103515625,0.072265625,-0.029296875,-83.93965380038271,-55.15436208707253,73.12661730982848,9.49609375,-2.20703125,0.4921875,0.041015625,0.103515625,0.30859375,-83.37367209866375,-79.1404353839187,61.73772205178314,167.255859375,0.000250007629627369,0.000500015259254738
9.539602677000005,8.11328125,-5.55859375,0.71484375,0.103515625,0.072265625,-0.029296875,-83.93965380038271,-55.15436208707253,73.12661730982848,9.57421875,-2.20703125,0.41796875,0.025390625,0.12109375,0.283203125,-82.26511780254744,-78.21174603961865,60.761511894454244,166.81640625,0.000250007629627369,0.000500015259254738
9.561511700000011,8.11328125,-5.55859375,0.71484375,0.103515625,0.072265625,-0.029296875,-83.93965380038271,-55.15436208707253,73.12661730982848,9.57421875,-2.20703125,0.41796875,0.025390625,0.12109375,0.283203125,-82.26511780254744,-78.21174603961865,60.761511894454244,166.728515625,0.000250007629627369,0.0001250038148136845
9.567080962999995,8.11328125,-5.55859375,0.71484375,0.103515625,0.072265625,-0.029296875,-83.93965380038271,-55.15436208707253,73.12661730982848,9.57421875,-2.20703125,0.41796875,0.025390625,0.12109375,0.283203125,-82.26511780254744,-78.21174603961865,60.761511894454244,166.552734375,0.00037501144444105353,0.0001250038148136845
9.572062718000012,8.22265625,-5.55859375,0.79296875,0.052734375,0.087890625,-0.060546875,-83.36975548301038,-55.28153249193189,72.67495661271985,9.49609375,-1.9765625,0.6484375,0.025390625,0.12109375,0.283203125,-82.26511780254744,-78.21174603961865,60.761511894454244,166.201171875,0.00037501144444105353,0.00037501144444105353
9.59151803399999,8.22265625,-5.55859375,0.79296875,0.052734375,0.087890625,-0.060546875,-83.36975548301038,-55.28153249193189,72.67495661271985,9.49609375,-1.9765625,0.6484375,0.025390625,0.12109375,0.283203125,-81.28136962291495,-77.35767833805534,59.82513000335746,165.9375,0.0006250190740684225,0.00037501144444105353
9.601556262000003,8.1484375,-5.51953125,0.828125,0.052734375,0.087890625,-0.060546875,-83.36975548301038,-55.28153249193189,72.67495661271985,9.37890625,-2.24609375,1.03125,-0.00390625,0.07421875,0.294921875,-81.28136962291495,-77.35767833805534,59.82513000335746,165.5859375,0.0006250190740684225,0.0007500228888821071
9.618218259000002,8.1484375,-5.51953125,0.828125,0.052734375,0.087890625,-0.060546875,-83.36975548301038,-55.28153249193189,72.67495661271985,9.37890625,-2.24609375,1.03125,-0.00390625,0.07421875,0.294921875,-81.28136962291495,-77.35767833805534,59.82513000335746,165.498046875,0.00037501144444105353,0.0007500228888821071
9.623368937999999,8.1484375,-5.51953125,0.828125,0.052734375,0.087890625,-0.060546875,-83.36975548301038,-55.28153249193189,72.67495661271985,9.37890625,-2.24609375,1.03125,-0.00390625,0.07421875,0.294921875,-81.28136962291495,-77.35767833805534,59.82513000335746,165.41015625,0.00037501144444105353,0.000250007629627369
9.628373347999997,8.26171875,-5.48046875,0.8671875,-0.021484375,0.033203125,-0.072265625,-83.03214265764123,-55.47237418024127,72.31691091238858,9.41796875,-1.9765625,1.03125,-0.00390625,0.07421875,0.294921875,-81.35891134690316,-76.49112941515082,59.838142913195455,164.8828125,0.0001250038148136845,0.000250007629627369
9.65097525600001,8.26171875,-5.48046875,0.8671875,-0.021484375,0.033203125,-0.072265625,-83.03214265764123,-55.47237418024127,72.31691091238858,9.41796875,-1.9765625,1.03125,-0.046875,-0.013671875,0.32421875,-81.35891134690316,-76.49112941515082,59.838142913195455,164.70703125,0.0001250038148136845,0.000500015259254738
9.661496418000013,8.26171875,-5.48046875,0.8671875,-0.021484375,0.033203125,-0.072265625,-83.03214265764123,-55.47237418024127,72.31691091238858,9.41796875,-1.9765625,1.03125,-0.046875,-0.013671875,0.32421875,-81.35891134690316,-76.49112941515082,59.838142913195455,164.53125,0.00037501144444105353,0.000500015259254738
9.667405674000008,8.21875,-5.48046875,0.79296875,-0.021484375,0.033203125,-0.072265625,-83.03214265764123,-55.47237418024127,72.31691091238858,9.375,-2.28515625,1.06640625,-0.046875,-0.013671875,0.32421875,-81.35891134690316,-76.49112941515082,59.838142913195455,164.267578125,0.00037501144444105353,0.0006250190740684225
9.682415192999997,8.21875,-5.48046875,0.79296875,-0.056640625,-0.041015625,-0.0390625,-83.1399797299053,-55.62454257486801,72.29914061485954,9.375,-2.28515625,1.06640625,-0.046875,-0.013671875,0.32421875,-82.52332801000838,-75.59706969720773,60.90482242010495,163.828125,0.000250007629627369,0.0006250190740684225
9.701842446,8.26171875,-5.51953125,0.71484375,-0.056640625,-0.041015625,-0.0390625,-83.1399797299053,-55.62454257486801,72.29914061485954,9.4140625,-2.359375,0.80078125,-0.029296875,-0.095703125,0.34375,-82.52332801000838,-75.59706969720773,60.90482242010495,163.4765625,0.000250007629627369,0.000500015259254738
9.718484346999986,8.26171875,-5.51953125,0.71484375,-0.056640625,-0.041015625,-0.0390625,-83.1399797299053,-55.62454257486801,72.29914061485954,9.4140625,-2.359375,0.80078125,-0.029296875,-0.095703125,0.34375,-82.52332801000838,-75.59706969720773,60.90482242010495,163.388671875,0.000500015259254738,0.000500015259254738
9.723628434000005,8.26171875,-5.51953125,0.71484375,-0.056640625,-0.041015625,-0.0390625,-83.1399797299053,-55.62454257486801,72.29914061485954,9.4140625,-2.359375,0.80078125,-0.029296875,-0.095703125,0.34375,-82.52332801000838,-75.59706969720773,60.90482242010495,163.30078125,0.000500015259254738,0.000500015259254738
9.728740810000005,8.21875,-5.48046875,0.75390625,-0.0625,-0.083984375,-0.01953125,-83.57231030710626,-55.712278283879854,72.63012440230213,9.4140625,-2.66796875,0.5703125,-0.029296875,-0.095703125,0.34375,-84.14724727701645,-74.65614166747108,62.48554856307284,162.861328125,0.0,0.000500015259254738
9.751942065999998,8.21875,-5.48046875,0.75390625,-0.0625,-0.083984375,-0.01953125,-83.57231030710626,-55.712278283879854,72.63012440230213,9.4140625,-2.66796875,0.5703125,-0.041015625,-0.091796875,0.322265625,-84.14724727701645,-74.65614166747108,62.48554856307284,162.685546875,0.0,0.0006250190740684225
9.761818602000005,8.375,-5.48046875,0.75390625,-0.0625,-0.083984375,-0.01953125,-83.57231030710626,-55.712278283879854,72.63012440230213,9.4921875,-2.62890625,0.26171875,-0.041015625,-0.091796875,0.322265625,-84.14724727701645,-74.65614166747108,62.48554856307284,162.421875,0.000250007629627369,0.0006250190740684225
9.77389790800001,8.375,-5.48046875,0.75390625,-0.0625,-0.083984375,-0.01953125,-83.57231030710626,-55.712278283879854,72.63012440230213,9.4921875,-2.62890625,0.26171875,-0.041015625,-0.091796875,0.322265625,-84.14724727701645,-74.65614166747108,62.48554856307284,162.333984375,0.000250007629627369,0.0001250038148136845
9.778968109000004,8.375,-5.48046875,0.75390625,-0.091796875,-0.0390625,-0.00390625,-84.05843458124602,-55.77834772527809,72.96745903108089,9.4921875,-2.62890625,0.26171875,-0.041015625,-0.091796875,0.322265625,-84.14724727701645,-74.65614166747108,62.48554856307284,162.158203125,0.0001250038148136845,0.0001250038148136845
9.792436347000006,8.375,-5.48046875,0.75390625,-0.091796875,-0.0390625,-0.00390625,-84.05843458124602,-55.77834772527809,72.96745903108089,9.37890625,-3.203125,0.2265625,-0.0703125,-0.048828125,0.26171875,-85.37359381466885,-73.78597831787081,63.582948437952716,161.806640625,0.0001250038148136845,0.000500015259254738
9.81119270100001,8.21875,-5.51953125,0.67578125,-0.091796875,-0.0390625,-0.00390625,-84.05843458124602,-55.77834772527809,72.96745903108089,9.37890625,-3.203125,0.2265625,-0.0703125,-0.048828125,0.26171875,-85.37359381466885,-73.78597831787081,63.582948437952716,161.630859375,0.000250007629627369,0.000500015259254738
9.820493440000007,8.21875,-5.51953125,0.67578125,-0.091796875,-0.0390625,-0.00390625,-84.05843458124602,-55.77834772527809,72.96745903108089,9.37890625,-3.203125,0.2265625,-0.0703125,-0.048828125,0.26171875,-85.37359381466885,-73.78597831787081,63.582948437952716,161.54296875,0.000250007629627369,0.0006250190740684225
9.825762164999986,8.30078125,-5.48046875,0.63671875,-0.076171875,-0.0078125,-0.04296875,-84.3820449230903,-55.89671932367958,73.0710727479578,9.41796875,-3.12890625,0.1484375,-0.0703125,-0.048828125,0.26171875,-85.37359381466885,-73.78597831787081,63.582948437952716,161.279296875,0.000250007629627369,0.0006250190740684225
9.844366266000009,8.30078125,-5.48046875,0.63671875,-0.076171875,-0.0078125,-0.04296875,-84.3820449230903,-55.89671932367958,73.0710727479578,9.41796875,-3.12890625,0.1484375,-0.0703125,-0.048828125,0.26171875,-86.08037441447983,-73.12977460899022,64.10133324353671,161.19140625,0.000250007629627369,0.0
9.854160691000004,8.30078125,-5.48046875,0.63671875,-0.076171875,-0.0078125,-0.04296875,-84.3820449230903,-55.89671932367958,73.0710727479578,9.4140625,-3.01171875,0.26171875,-0.111328125,0.00390625,0.201171875,-86.08037441447983,-73.12977460899022,64.10133324353671,161.015625,0.000500015259254738,0.0
9.866987918000007,8.37890625,-5.40625,0.71484375,-0.076171875,-0.0078125,-0.04296875,-84.3820449230903,-55.89671932367958,73.0710727479578,9.4140625,-3.01171875,0.26171875,-0.111328125,0.00390625,0.201171875,-86.08037441447983,-73.12977460899022,64.10133324353671,160.83984375,0.000500015259254738,0.0007500228888821071
9.877666965000003,8.37890625,-5.40625,0.71484375,-0.1015625,0.025390625,-0.046875,-84.55686257765242,-56.00279992902092,72.92687228536438,9.4140625,-3.01171875,0.26171875,-0.111328125,0.00390625,0.201171875,-86.08037441447983,-73.12977460899022,64.10133324353671,160.6640625,0.00037501144444105353,0.0007500228888821071
9.892210733000013,8.22265625,-5.48046875,0.484375,-0.1015625,0.025390625,-0.046875,-84.55686257765242,-56.00279992902092,72.92687228536438,9.26953125,-3.2421875,0.45703125,-0.0703125,-0.00390625,0.154296875,-86.4368907977705,-72.60683218551942,64.16817329824156,160.48828125,0.00037501144444105353,0.0001250038148136845
9.912301203999988,8.22265625,-5.48046875,0.484375,-0.1015625,0.025390625,-0.046875,-84.55686257765242,-56.00279992902092,72.92687228536438,9.26953125,-3.2421875,0.45703125,-0.0703125,-0.00390625,0.154296875,-86.4368907977705,-72.60683218551942,64.16817329824156,160.400390625,0.000250007629627369,0.0001250038148136845
9.917691463000011,8.22265625,-5.48046875,0.484375,-0.1015625,0.025390625,-0.046875,-84.55686257765242,-56.00279992902092,72.92687228536438,9.26953125,-3.2421875,0.45703125,-0.0703125,-0.00390625,0.154296875,-86.4368907977705,-72.60683218551942,64.16817329824156,160.3125,0.000250007629627369,0.00037501144444105353
9.922556195999988,8.296875,-5.51953125,0.4453125,-0.0234375,0.009765625,-0.048828125,-84.66422913544957,-56.14352410920059,72.82556135915348,9.33984375,-3.203125,0.26171875,-0.0703125,-0.00390625,0.154296875,-86.4368907977705,-72.60683218551942,64.16817329824156,160.13671875,0.00037501144444105353,0.00037501144444105353
9.942083894000007,8.296875,-5.51953125,0.4453125,-0.0234375,0.009765625,-0.048828125,-84.66422913544957,-56.14352410920059,72.82556135915348,9.33984375,-3.203125,0.26171875,-0.0703125,-0.00390625,0.154296875,-86.64912031041085,-72.17939462020638,64.25548052964086,160.048828125,0.00037501144444105353,0.000250007629627369
9.952804348,8.296875,-5.51953125,0.4453125,-0.0234375,0.009765625,-0.048828125,-84.66422913544957,-56.14352410920059,72.82556135915348,9.37890625,-3.01171875,0.30078125,-0.02734375,0.0078125,0.13671875,-86.64912031041085,-72.17939462020638,64.25548052964086,159.9609375,0.000500015259254738,0.000250007629627369
9.966125164999994,8.375,-5.44140625,0.63671875,-0.0234375,0.009765625,-0.048828125,-84.66422913544957,-56.14352410920059,72.82556135915348,9.37890625,-3.01171875,0.30078125,-0.02734375,0.0078125,0.13671875,-86.64912031041085,-72.17939462020638,64.25548052964086,159.78515625,0.000500015259254738,0.00037501144444105353
9.97665208699999,8.375,-5.44140625,0.63671875,-0.025390625,0.021484375,-0.013671875,-84.64378540331963,-56.24186663272272,72.71467809139136,9.3359375,-3.01171875,0.41796875,-0.02734375,0.0078125,0.13671875,-86.64912031041085,-72.17939462020638,64.25548052964086,159.697265625,0.00037501144444105353,0.00037501144444105353
9.994561835000013,8.375,-5.44140625,0.6015625,-0.025390625,0.021484375,-0.013671875,-84.64378540331963,-56.24186663272272,72.71467809139136,9.3359375,-3.01171875,0.41796875,-0.021484375,0.015625,0.150390625,-86.7210647469252,-71.78904120075732,64.2429171968959,159.521484375,0.00037501144444105353,0.0001250038148136845
10.012539389000011,8.375,-5.44140625,0.6015625,-0.025390625,0.021484375,-0.013671875,-84.64378540331963,-56.24186663272272,72.71467809139136,9.3359375,-3.01171875,0.41796875,-0.021484375,0.015625,0.150390625,-86.7210647469252,-71.78904120075732,64.2429171968959,159.521484375,0.00037501144444105353,0.0001250038148136845
10.017945198999996,8.37890625,-5.44140625,0.67578125,-0.025390625,0.021484375,-0.013671875,-84.64378540331963,-56.24186663272272,72.71467809139136,9.3359375,-2.97265625,0.37890625,-0.021484375,0.015625,0.150390625,-86.7210647469252,-71.78904120075732,64.2429171968959,159.43359375,0.00037501144444105353,0.000500015259254738
10.033266456000007,8.37890625,-5.44140625,0.67578125,-0.04296875,0.03125,0.025390625,-84.60362929301917,-56.22178620550731,72.5803312585838,9.2265625,-3.1640625,0.5703125,-0.068359375,0.0078125,0.154296875,-86.74227063121288,-71.34645151005321,64.162985873798,159.169921875,0.00037501144444105353,0.000500015259254738
10.06033729699999,8.296875,-5.40625,0.71484375,-0.04296875,0.03125,0.025390625,-84.60362929301917,-56.22178620550731,72.5803312585838,9.2265625,-3.1640625,0.5703125,-0.068359375,0.0078125,0.154296875,-86.74227063121288,-71.34645151005321,64.162985873798,159.08203125,0.00037501144444105353,0.0
10.07000013999999,8.296875,-5.40625,0.71484375,-0.04296875,0.03125,0.025390625,-84.60362929301917,-56.22178620550731,72.5803312585838,9.2265625,-3.1640625,0.5703125,-0.068359375,0.0078125,0.154296875,-86.74227063121288,-71.34645151005321,64.162985873798,159.08203125,0.00037501144444105353,0.0
10.075118307999986,8.296875,-5.40625,0.71484375,-0.04296875,0.03125,0.025390625,-84.60362929301917,-56.22178620550731,72.5803312585838,9.2265625,-3.1640625,0.5703125,-0.068359375,0.0078125,0.154296875,-86.74227063121288,-71.34645151005321,64.162985873798,158.994140625,0.00037501144444105353,0.0001250038148136845
10.080726865999992,8.30078125,-5.48046875,0.5625,-0.05859375,0.021484375,0.02734375,-84.62805189890767,-56.16049637866086,72.42079387413118,9.26953125,-3.203125,0.45703125,-0.068359375,0.0078125,0.154296875,-86.92517996592545,-70.88167099331497,64.17752179809096,158.818359375,0.00037501144444105353,0.0001250038148136845
10.102662675999994,8.30078125,-5.48046875,0.5625,-0.05859375,0.021484375,0.02734375,-84.62805189890767,-56.16049637866086,72.42079387413118,9.26953125,-3.203125,0.45703125,-0.037109375,-0.009765625,0.15234375,-86.92517996592545,-70.88167099331497,64.17752179809096,158.818359375,0.00037501144444105353,0.000500015259254738
10.112744007000003,8.30078125,-5.48046875,0.5625,-0.05859375,0.021484375,0.02734375,-84.62805189890767,-56.16049637866086,72.42079387413118,9.2265625,-3.546875,0.4921875,-0.037109375,-0.009765625,0.15234375,-86.92517996592545,-70.88167099331497,64.17752179809096,158.73046875,0.0001250038148136845,0.000500015259254738
10.122535935999991,8.2578125,-5.44140625,0.6015625,-0.046875,-0.009765625,0.001953125,-84.67335129150172,-56.119873533003634,72.34519850786904,9.2265625,-3.546875,0.4921875,-0.037109375,-0.009765625,0.15234375,-86.92517996592545,-70.88167099331497,64.17752179809096,158.642578125,0.0001250038148136845,0.000250007629627369
10.13950272599999,8.2578125,-5.44140625,0.6015625,-0.046875,-0.009765625,0.001953125,-84.67335129150172,-56.119873533003634,72.34519850786904,9.2265625,-3.546875,0.4921875,-0.037109375,-0.009765625,0.15234375,-86.92517996592545,-70.88167099331497,64.17752179809096,158.5546875,0.0001250038148136845,0.000250007629627369
10.152281794000004,8.1875,-5.48046875,0.484375,-0.046875,-0.009765625,0.001953125,-84.67335129150172,-56.119873533003634,72.34519850786904,9.1484375,-3.77734375,0.4921875,-0.009765625,-0.033203125,0.0703125,-87.19400164360052,-70.52045230289195,64.34162907744876,158.466796875,0.00037501144444105353,0.0001250038148136845
10.169627329999997,8.1875,-5.48046875,0.484375,-0.046875,-0.009765625,0.001953125,-84.67335129150172,-56.119873533003634,72.34519850786904,9.1484375,-3.77734375,0.4921875,-0.009765625,-0.033203125,0.0703125,-87.19400164360052,-70.52045230289195,64.34162907744876,158.466796875,0.00037501144444105353,0.0008750267036957916
10.183894366999994,8.1484375,-5.48046875,0.6015625,-0.02734375,-0.05078125,-0.078125,-84.78288911455168,-56.24978772574468,72.417384727636,9.11328125,-4.125,0.5703125,-0.009765625,-0.033203125,0.0703125,-87.52650051868011,-70.46708208351818,64.6468945159877,158.37890625,0.0001250038148136845,0.0007500228888821071
10.202782654999993,8.1484375,-5.48046875,0.6015625,-0.02734375,-0.05078125,-0.078125,-84.78288911455168,-56.24978772574468,72.417384727636,9.11328125,-4.4296875,0.30078125,-0.03515625,-0.0390625,-0.1171875,-87.52650051868011,-70.46708208351818,64.6468945159877,158.37890625,0.000250007629627369,0.0007500228888821071
10.216551175000006,8.109375,-5.44140625,0.5625,-0.02734375,-0.05078125,-0.078125,-84.78288911455168,-56.24978772574468,72.417384727636,9.11328125,-4.4296875,0.30078125,-0.03515625,-0.0390625,-0.1171875,-87.52650051868011,-70.46708208351818,64.6468945159877,158.37890625,0.000250007629627369,0.0007500228888821071
10.226793974999993,8.109375,-5.44140625,0.5625,-0.021484375,-0.041015625,-0.208984375,-84.97669942068589,-56.67239263676524,72.54711999204336,9.109375,-4.390625,0.26171875,-0.03515625,-0.0390625,-0.1171875,-87.52650051868011,-70.46708208351818,64.6468945159877,158.37890625,0.000250007629627369,0.0007500228888821071
10.245485177999996,8.0703125,-5.44140625,0.484375,-0.021484375,-0.041015625,-0.208984375,-84.97669942068589,-56.67239263676524,72.54711999204336,9.109375,-4.390625,0.26171875,-0.009765625,-0.03125,-0.32421875,-87.75830831877494,-71.00965414906231,64.84563960890912,158.466796875,0.000250007629627369,0.0001250038148136845
10.263110036,8.0703125,-5.44140625,0.484375,-0.021484375,-0.041015625,-0.208984375,-84.97669942068589,-56.67239263676524,72.54711999204336,9.109375,-4.390625,0.26171875,-0.009765625,-0.03125,-0.32421875,-87.75830831877494,-71.00965414906231,64.84563960890912,158.466796875,0.000250007629627369,0.0001250038148136845
10.268611748000012,8.0703125,-5.44140625,0.484375,-0.021484375,-0.041015625,-0.208984375,-84.97669942068589,-56.67239263676524,72.54711999204336,9.15234375,-4.0859375,0.45703125,-0.009765625,-0.03125,-0.32421875,-87.75830831877494,-71.00965414906231,64.84563960890912,158.466796875,0.000250007629627369,0.000500015259254738
10.277626477000013,8.109375,-5.328125,0.5234375,-0.033203125,-0.0703125,-0.357421875,-85.1094105942683,-57.5138081786469,72.64471028515017,9.15234375,-4.0859375,0.45703125,-0.009765625,-0.03125,-0.32421875,-87.75830831877494,-71.00965414906231,64.84563960890912,158.466796875,0.00037501144444105353,0.000500015259254738
10.293085522000013,8.109375,-5.328125,0.5234375,-0.033203125,-0.0703125,-0.357421875,-85.1094105942683,-57.5138081786469,72.64471028515017,9.07421875,-3.47265625,0.5703125,-0.015625,-0.06640625,-0.423828125,-87.98420968092618,-72.03357314594443,65.04484504598942,158.466796875,0.00037501144444105353,0.0001250038148136845
10.311185217999991,8.19140625,-5.17578125,0.484375,-0.033203125,-0.0703125,-0.357421875,-85.1094105942683,-57.5138081786469,72.64471028515017,9.07421875,-3.47265625,0.5703125,-0.015625,-0.06640625,-0.423828125,-87.98420968092618,-72.03357314594443,65.04484504598942,158.466796875,0.000250007629627369,0.0001250038148136845
10.321346258999995,8.19140625,-5.17578125,0.484375,-0.033203125,-0.0703125,-0.357421875,-85.1094105942683,-57.5138081786469,72.64471028515017,9.07421875,-3.47265625,0.5703125,-0.015625,-0.06640625,-0.423828125,-87.98420968092618,-72.03357314594443,65.04484504598942,158.466796875,0.000250007629627369,0.000500015259254738
10.326942433,8.19140625,-5.17578125,0.484375,0.025390625,-0.1171875,-0.400390625,-85.38553386319207,-58.66957203550132,72.91548267378029,9.1875,-3.05078125,0.45703125,-0.015625,-0.06640625,-0.423828125,-87.98420968092618,-72.03357314594443,65.04484504598942,158.5546875,0.0001250038148136845,0.000500015259254738
10.344878324000007,8.296875,-5.17578125,0.25390625,0.025390625,-0.1171875,-0.400390625,-85.38553386319207,-58.66957203550132,72.91548267378029,9.1875,-3.05078125,0.45703125,0.099609375,-0.111328125,-0.412109375,-88.49553050454338,-73.23725356800799,65.65448274498921,158.5546875,0.0001250038148136845,0.000250007629627369
10.36277591199999,8.296875,-5.17578125,0.25390625,0.025390625,-0.1171875,-0.400390625,-85.38553386319207,-58.66957203550132,72.91548267378029,9.265625,-2.859375,0.4921875,0.099609375,-0.111328125,-0.412109375,-88.49553050454338,-73.23725356800799,65.65448274498921,158.5546875,0.00037501144444105353,0.000250007629627369
10.373648043000003,8.37890625,-4.9453125,0.5234375,0.048828125,-0.154296875,-0.40234375,-85.70821526697088,-59.83065852807704,73.50491457687667,9.265625,-2.859375,0.4921875,0.099609375,-0.111328125,-0.412109375,-88.49553050454338,-73.23725356800799,65.65448274498921,158.5546875,0.00037501144444105353,0.0001250038148136845
10.387886506000001,8.37890625,-4.9453125,0.5234375,0.048828125,-0.154296875,-0.40234375,-85.70821526697088,-59.83065852807704,73.50491457687667,9.265625,-2.859375,0.4921875,0.099609375,-0.111328125,-0.412109375,-88.49553050454338,-73.23725356800799,65.65448274498921,158.5546875,0.000250007629627369,0.0001250038148136845
10.393160318000014,8.37890625,-4.9453125,0.5234375,0.048828125,-0.154296875,-0.40234375,-85.70821526697088,-59.83065852807704,73.50491457687667,9.33984375,-2.8203125,0.4921875,0.021484375,-0.140625,-0.4375,-89.31834949720773,-74.44419365394585,66.76098957021836,158.642578125,0.000250007629627369,0.0001250038148136845
10.412239129999989,8.375,-4.79296875,0.6015625,0.048828125,-0.154296875,-0.40234375,-85.70821526697088,-59.83065852807704,73.50491457687667,9.33984375,-2.8203125,0.4921875,0.021484375,-0.140625,-0.4375,-89.31834949720773,-74.44419365394585,66.76098957021836,158.642578125,0.0001250038148136845,0.0001250038148136845
10.421494397999993,8.375,-4.79296875,0.6015625,0.048828125,-0.154296875,-0.40234375,-85.70821526697088,-59.83065852807704,73.50491457687667,9.33984375,-2.8203125,0.4921875,0.021484375,-0.140625,-0.4375,-89.31834949720773,-74.44419365394585,66.76098957021836,158.642578125,0.0001250038148136845,0.000500015259254738
10.426356250999987,8.375,-4.79296875,0.6015625,-0.0625,-0.1484375,-0.451171875,-86.31235434041352,-61.086254522912874,74.18546733742754,9.375,-2.70703125,0.33984375,0.021484375,-0.140625,-0.4375,-89.31834949720773,-74.44419365394585,66.76098957021836,158.642578125,0.0001250038148136845,0.000500015259254738
10.44263620800001,8.45703125,-4.67578125,0.41015625,-0.0625,-0.1484375,-0.451171875,-86.31235434041352,-61.086254522912874,74.18546733742754,9.1875,-2.62890625,0.109375,0.03515625,-0.126953125,-0.46484375,-90.75225490632407,-75.72135508719055,68.2485096282964,158.642578125,0.0001250038148136845,0.0
10.464590576999996,8.45703125,-4.67578125,0.41015625,-0.0625,-0.1484375,-0.451171875,-86.31235434041352,-61.086254522912874,74.18546733742754,9.1875,-2.62890625,0.109375,0.03515625,-0.126953125,-0.46484375,-90.75225490632407,-75.72135508719055,68.2485096282964,158.642578125,0.000250007629627369,0.0
10.479258503000011,8.375,-4.71484375,0.02734375,0.048828125,-0.189453125,-0.48828125,-87.04217849381426,-62.44373642552828,75.00261449720927,9.875,-2.58984375,0.1875,0.03515625,-0.126953125,-0.46484375,-92.40159296347156,-77.07351515223013,70.10740460221137,158.642578125,0.0001250038148136845,0.0008750267036957916
10.500098111,9.21875,-4.5234375,0.484375,0.048828125,-0.189453125,-0.48828125,-87.04217849381426,-62.44373642552828,75.00261449720927,9.875,-2.58984375,0.1875,-0.0859375,-0.1484375,-0.498046875,-92.40159296347156,-77.07351515223013,70.10740460221137,158.73046875,0.0001250038148136845,0.0006250190740684225
10.514859922999989,9.21875,-4.5234375,0.484375,0.048828125,-0.189453125,-0.48828125,-87.04217849381426,-62.44373642552828,75.00261449720927,9.875,-2.58984375,0.1875,-0.0859375,-0.1484375,-0.498046875,-92.40159296347156,-77.07351515223013,70.10740460221137,158.73046875,0.0001250038148136845,0.0006250190740684225
10.519878699999992,9.21875,-4.5234375,0.484375,0.048828125,-0.189453125,-0.48828125,-87.04217849381426,-62.44373642552828,75.00261449720927,9.91796875,-1.59375,-0.34765625,-0.0859375,-0.1484375,-0.498046875,-92.40159296347156,-77.07351515223013,70.10740460221137,158.818359375,0.0001250038148136845,0.000500015259254738
10.52843116599999,9.1796875,-4.5234375,0.02734375,-0.0859375,-0.078125,-0.388671875,-87.78048759026125,-63.72814943707109,75.6405228660041,9.91796875,-1.59375,-0.34765625,-0.0859375,-0.1484375,-0.498046875,-92.40159296347156,-77.07351515223013,70.10740460221137,158.90625,0.000250007629627369,0.000500015259254738
10.543658217,9.1796875,-4.5234375,0.02734375,-0.0859375,-0.078125,-0.388671875,-87.78048759026125,-63.72814943707109,75.6405228660041,9.91796875,-1.59375,-0.34765625,-0.0859375,-0.1484375,-0.498046875,-94.53082630391694,-78.42205647731718,72.11286024737075,158.994140625,0.000250007629627369,0.000250007629627369
10.553809402000013,9.1796875,-4.5234375,0.02734375,-0.0859375,-0.078125,-0.388671875,-87.78048759026125,-63.72814943707109,75.6405228660041,10.140625,-1.5546875,-0.65625,-0.015625,-0.052734375,-0.408203125,-94.53082630391694,-78.42205647731718,72.11286024737075,158.994140625,0.0007500228888821071,0.000250007629627369
10.567423977000004,9.10546875,-4.484375,0.1015625,-0.0859375,-0.078125,-0.388671875,-87.78048759026125,-63.72814943707109,75.6405228660041,10.140625,-1.5546875,-0.65625,-0.015625,-0.052734375,-0.408203125,-94.53082630391694,-78.42205647731718,72.11286024737075,159.08203125,0.0007500228888821071,0.000500015259254738
10.578031347000007,9.10546875,-4.484375,0.1015625,0.23828125,0.0078125,-0.3203125,-87.77070596067418,-64.66830280296706,75.70469173027948,9.91796875,-2.3984375,-0.65625,-0.015625,-0.052734375,-0.408203125,-94.53082630391694,-78.42205647731718,72.11286024737075,159.08203125,0.0001250038148136845,0.000500015259254738
10.595876972000013,8.875,-4.41015625,0.1015625,0.23828125,0.0078125,-0.3203125,-87.77070596067418,-64.66830280296706,75.70469173027948,9.91796875,-2.3984375,-0.65625,0.41796875,0.13671875,-0.373046875,-94.26826696863863,-79.50087908764066,72.24135504301834,159.169921875,0.0001250038148136845,0.0
10.613227279,8.875,-4.41015625,0.1015625,0.23828125,0.0078125,-0.3203125,-87.77070596067418,-64.66830280296706,75.70469173027948,9.7578125,-1.82421875,-0.50390625,0.41796875,0.13671875,-0.373046875,-94.26826696863863,-79.50087908764066,72.24135504301834,159.169921875,0.00037501144444105353,0.0
10.623572222999996,8.875,-4.41015625,0.1015625,0.23828125,0.0078125,-0.3203125,-87.77070596067418,-64.66830280296706,75.70469173027948,9.7578125,-1.82421875,-0.50390625,0.41796875,0.13671875,-0.373046875,-94.26826696863863,-79.50087908764066,72.24135504301834,159.169921875,0.00037501144444105353,0.0001250038148136845
10.629104688000012,8.875,-4.0234375,0.140625,0.3515625,0.056640625,-0.33984375,-86.38099924455958,-65.59982548611445,75.39443876350343,9.7578125,-1.82421875,-0.50390625,0.41796875,0.13671875,-0.373046875,-94.26826696863863,-79.50087908764066,72.24135504301834,159.2578125,0.000250007629627369,0.0001250038148136845
10.644589273000008,8.875,-4.0234375,0.140625,0.3515625,0.056640625,-0.33984375,-86.38099924455958,-65.59982548611445,75.39443876350343,9.7578125,-1.82421875,-0.50390625,0.41796875,0.13671875,-0.373046875,-91.04113097346013,-80.63037280024217,70.00807884482415,159.2578125,0.000250007629627369,0.00037501144444105353
10.652655702000004,8.875,-4.0234375,0.140625,0.3515625,0.056640625,-0.33984375,-86.38099924455958,-65.59982548611445,75.39443876350343,9.61328125,-1.59375,-0.1953125,0.189453125,0.150390625,-0.412109375,-91.04113097346013,-80.63037280024217,70.00807884482415,159.345703125,0.000500015259254738,0.00037501144444105353
10.666980918000007,8.87890625,-3.94921875,0.21875,0.3515625,0.056640625,-0.33984375,-86.38099924455958,-65.59982548611445,75.39443876350343,9.61328125,-1.59375,-0.1953125,0.189453125,0.150390625,-0.412109375,-91.04113097346013,-80.63037280024217,70.00807884482415,159.345703125,0.000500015259254738,0.0007500228888821071
10.675891938999996,8.87890625,-3.94921875,0.21875,0.3515625,0.056640625,-0.33984375,-86.38099924455958,-65.59982548611445,75.39443876350343,9.69140625,-1.75,0.0703125,0.189453125,0.150390625,-0.412109375,-91.04113097346013,-80.63037280024217,70.00807884482415,159.43359375,0.000250007629627369,0.0007500228888821071
10.68545939500001,8.9140625,-3.98828125,0.33203125,0.224609375,0.11328125,-0.361328125,-84.86794355469748,-66.59227633151863,74.54055200898306,9.69140625,-1.75,0.0703125,0.189453125,0.150390625,-0.412109375,-87.50043295542467,-81.82905035517848,67.00258950997318,159.43359375,0.000250007629627369,0.0006250190740684225
10.706748951000009,8.9140625,-3.98828125,0.33203125,0.224609375,0.11328125,-0.361328125,-84.86794355469748,-66.59227633151863,74.54055200898306,9.6484375,-1.328125,0.26171875,0.1796875,0.14453125,-0.42578125,-87.50043295542467,-81.82905035517848,67.00258950997318,159.521484375,0.00037501144444105353,0.0006250190740684225
10.719367384999998,8.9140625,-3.98828125,0.33203125,0.224609375,0.11328125,-0.361328125,-84.86794355469748,-66.59227633151863,74.54055200898306,9.6484375,-1.328125,0.26171875,0.1796875,0.14453125,-0.42578125,-87.50043295542467,-81.82905035517848,67.00258950997318,159.521484375,0.00037501144444105353,0.00037501144444105353
10.73840572200001,8.91796875,-3.640625,0.29296875,0.056640625,0.1171875,-0.353515625,-83.27560043747302,-67.5956975145008,73.37676289619914,9.49609375,-0.75390625,0.45703125,0.1796875,0.14453125,-0.42578125,-83.70884200497633,-82.9809654559268,63.461875504336476,159.609375,0.0001250038148136845,0.000250007629627369
10.752122149999991,8.91796875,-3.640625,0.29296875,0.056640625,0.1171875,-0.353515625,-83.27560043747302,-67.5956975145008,73.37676289619914,9.49609375,-0.75390625,0.45703125,0.013671875,0.09375,-0.39453125,-83.70884200497633,-82.9809654559268,63.461875504336476,159.697265625,0.0007500228888821071,0.000250007629627369
10.762202459000008,8.83984375,-3.60546875,0.5625,0.056640625,0.1171875,-0.353515625,-83.27560043747302,-67.5956975145008,73.37676289619914,9.49609375,-0.75390625,0.45703125,0.013671875,0.09375,-0.39453125,-83.70884200497633,-82.9809654559268,63.461875504336476,159.697265625,0.0007500228888821071,0.00037501144444105353
10.771482816999992,8.83984375,-3.60546875,0.5625,0.056640625,0.1171875,-0.353515625,-83.27560043747302,-67.5956975145008,73.37676289619914,9.4921875,-0.7890625,0.72265625,0.013671875,0.09375,-0.39453125,-83.70884200497633,-82.9809654559268,63.461875504336476,159.78515625,0.000500015259254738,0.00037501144444105353
10.780810757000012,8.9140625,-3.56640625,0.5234375,0.04296875,0.04296875,-0.263671875,-82.31708781249927,-68.43134839867172,72.4523662716215,9.4921875,-0.7890625,0.72265625,0.013671875,0.09375,-0.39453125,-80.45106854075527,-83.97397933820952,60.261476139193825,159.873046875,0.000500015259254738,0.0
10.806412993999999,8.9140625,-3.56640625,0.5234375,0.04296875,0.04296875,-0.263671875,-82.31708781249927,-68.43134839867172,72.4523662716215,9.609375,-0.67578125,0.83984375,0.0234375,0.00390625,-0.322265625,-80.45106854075527,-83.97397933820952,60.261476139193825,159.9609375,0.00037501144444105353,0.0
10.819850836,8.87890625,-3.44921875,0.5625,0.04296875,0.04296875,-0.263671875,-82.31708781249927,-68.43134839867172,72.4523662716215,9.609375,-0.67578125,0.83984375,0.0234375,0.00390625,-0.322265625,-80.45106854075527,-83.97397933820952,60.261476139193825,160.048828125,0.00037501144444105353,0.000500015259254738
10.829982408000006,8.87890625,-3.44921875,0.5625,0.037109375,-0.03515625,-0.1953125,-81.88769610697761,-69.0939601600022,72.09414265464065,9.53515625,-0.4453125,0.72265625,0.0234375,0.00390625,-0.322265625,-79.00231472279732,-84.80628546892079,58.919929445558104,160.13671875,0.000250007629627369,0.000500015259254738
10.852576577999997,8.95703125,-3.44921875,0.5625,0.037109375,-0.03515625,-0.1953125,-81.88769610697761,-69.0939601600022,72.09414265464065,9.53515625,-0.4453125,0.72265625,0.142578125,-0.03125,-0.236328125,-79.00231472279732,-84.80628546892079,58.919929445558104,160.224609375,0.000250007629627369,0.0008750267036957916
10.866501354000007,8.95703125,-3.44921875,0.5625,0.037109375,-0.03515625,-0.1953125,-81.88769610697761,-69.0939601600022,72.09414265464065,9.76171875,-0.63671875,0.41796875,0.142578125,-0.03125,-0.236328125,-79.00231472279732,-84.80628546892079,58.919929445558104,160.224609375,0.000500015259254738,0.0008750267036957916
10.876104328999986,8.95703125,-3.44921875,0.5625,0.037109375,-0.03515625,-0.1953125,-81.88769610697761,-69.0939601600022,72.09414265464065,9.76171875,-0.63671875,0.41796875,0.142578125,-0.03125,-0.236328125,-79.00231472279732,-84.80628546892079,58.919929445558104,160.224609375,0.000500015259254738,0.0001250038148136845
10.881247744999996,8.98828125,-3.4140625,0.4453125,0.193359375,-0.076171875,-0.1328125,-81.784261397674,-69.56391845667666,72.38161110637225,9.76171875,-0.63671875,0.41796875,0.142578125,-0.03125,-0.236328125,-79.00231472279732,-84.80628546892079,58.919929445558104,160.3125,0.00037501144444105353,0.0001250038148136845
10.895465091000005,8.98828125,-3.4140625,0.4453125,0.193359375,-0.076171875,-0.1328125,-81.784261397674,-69.56391845667666,72.38161110637225,9.69140625,-0.5234375,0.26171875,0.13671875,-0.037109375,-0.185546875,-77.71900946068837,-85.39168583515169,58.13012230237828,160.3125,0.00037501144444105353,0.0001250038148136845
10.914072397000012,8.98828125,-3.4140625,0.4453125,0.193359375,-0.076171875,-0.1328125,-81.784261397674,-69.56391845667666,72.38161110637225,9.69140625,-0.5234375,0.26171875,0.13671875,-0.037109375,-0.185546875,-77.71900946068837,-85.39168583515169,58.13012230237828,160.400390625,0.000250007629627369,0.0001250038148136845
10.91966290900001,8.984375,-3.375,0.484375,0.193359375,-0.076171875,-0.1328125,-81.784261397674,-69.56391845667666,72.38161110637225,9.69140625,-0.5234375,0.26171875,0.13671875,-0.037109375,-0.185546875,-77.71900946068837,-85.39168583515169,58.13012230237828,160.48828125,0.000250007629627369,0.0006250190740684225
10.930289958999992,8.984375,-3.375,0.484375,0.123046875,-0.087890625,-0.068359375,-81.83993428039774,-69.92308009745803,72.87571202105472,9.6484375,-0.71484375,0.4921875,0.13671875,-0.037109375,-0.185546875,-77.12106943353847,-85.99314961719806,57.91175666067386,160.83984375,0.000250007629627369,0.0006250190740684225
10.953274009000012,8.953125,-3.2578125,0.4453125,0.123046875,-0.087890625,-0.068359375,-81.83993428039774,-69.92308009745803,72.87571202105472,9.6484375,-0.71484375,0.1484375,0.16015625,-0.041015625,-0.244140625,-77.12106943353847,-85.99314961719806,57.91175666067386,161.103515625,0.000250007629627369,0.0007500228888821071
10.970322242000009,8.953125,-3.2578125,0.4453125,0.123046875,-0.087890625,-0.068359375,-81.83993428039774,-69.92308009745803,72.87571202105472,9.6484375,-0.71484375,0.1484375,0.16015625,-0.041015625,-0.244140625,-77.12106943353847,-85.99314961719806,57.91175666067386,161.19140625,0.0006250190740684225,0.0007500228888821071
10.975847154999997,8.953125,-3.2578125,0.4453125,0.123046875,-0.087890625,-0.068359375,-81.83993428039774,-69.92308009745803,72.87571202105472,9.6484375,-0.71484375,0.1484375,0.16015625,-0.041015625,-0.244140625,-77.12106943353847,-85.99314961719806,57.91175666067386,161.279296875,0.0006250190740684225,0.000250007629627369
10.981001547000005,9.02734375,-3.4140625,0.4453125,0.30078125,-0.099609375,0.05078125,-82.03507101687634,-69.91778573991314,73.61478355627327,9.83984375,-0.7890625,0.109375,0.16015625,-0.041015625,-0.244140625,-74.26777453540576,-86.68000510270194,55.74537756353314,161.806640625,0.00037501144444105353,0.000250007629627369
11.004168313000008,9.02734375,-3.4140625,0.4453125,0.30078125,-0.099609375,0.05078125,-82.03507101687634,-69.91778573991314,73.61478355627327,9.83984375,-0.7890625,0.109375,0.32421875,-0.001953125,-0.275390625,-74.26777453540576,-86.68000510270194,55.74537756353314,161.982421875,0.00037501144444105353,0.00037501144444105353
11.014811779000013,9.0625,-3.3359375,0.37109375,0.30078125,-0.099609375,0.05078125,-82.03507101687634,-69.91778573991314,73.61478355627327,9.83984375,-0.7890625,0.109375,0.32421875,-0.001953125,-0.275390625,-74.26777453540576,-86.68000510270194,55.74537756353314,162.24609375,0.00037501144444105353,0.00037501144444105353
11.024285572999986,9.0625,-3.3359375,0.37109375,0.30078125,-0.099609375,0.05078125,-82.03507101687634,-69.91778573991314,73.61478355627327,9.71875,-0.484375,0.2265625,0.32421875,-0.001953125,-0.275390625,-74.26777453540576,-86.68000510270194,55.74537756353314,162.509765625,0.00037501144444105353,0.000250007629627369
11.03493051000001,9.0625,-3.3359375,0.37109375,0.232421875,-0.087890625,0.111328125,-81.96552533000855,-69.73602629143409,74.45951930546478,9.71875,-0.484375,0.2265625,0.32421875,-0.001953125,-0.275390625,-68.28011050147518,-87.4087455760466,50.573381806336,163.037109375,0.000500015259254738,0.000250007629627369
11.05670405699999,9.0625,-3.3359375,0.37109375,0.232421875,-0.087890625,0.111328125,-81.96552533000855,-69.73602629143409,74.45951930546478,9.80078125,-0.484375,0.26171875,0.279296875,-0.015625,-0.330078125,-68.28011050147518,-87.4087455760466,50.573381806336,163.4765625,0.000500015259254738,0.000500015259254738
11.070065355999986,9.0625,-3.3359375,0.37109375,0.232421875,-0.087890625,0.111328125,-81.96552533000855,-69.73602629143409,74.45951930546478,9.80078125,-0.484375,0.26171875,0.279296875,-0.015625,-0.330078125,-68.28011050147518,-87.4087455760466,50.573381806336,163.564453125,0.0007500228888821071,0.000500015259254738
11.075218852000006,9.0625,-3.3359375,0.37109375,0.232421875,-0.087890625,0.111328125,-81.96552533000855,-69.73602629143409,74.45951930546478,9.80078125,-0.484375,0.26171875,0.279296875,-0.015625,-0.330078125,-68.28011050147518,-87.4087455760466,50.573381806336,163.740234375,0.0007500228888821071,0.0001250038148136845
11.080329212999999,9.02734375,-3.4140625,0.4453125,0.2578125,-0.111328125,0.14453125,-82.11712078557858,-69.4223517603507,75.40799949773871,9.796875,-0.40625,0.30078125,0.279296875,-0.015625,-0.330078125,-56.00481376116185,-88.32488296133377,39.06228315714141,164.443359375,0.000250007629627369,0.0001250038148136845
11.103486220000008,9.02734375,-3.4140625,0.4453125,0.2578125,-0.111328125,0.14453125,-82.11712078557858,-69.4223517603507,75.40799949773871,9.796875,-0.40625,0.30078125,0.28125,-0.015625,-0.380859375,-56.00481376116185,-88.32488296133377,39.06228315714141,164.794921875,0.000250007629627369,0.00037501144444105353
11.114255923000002,9.0234375,-3.44921875,0.4453125,0.2578125,-0.111328125,0.14453125,-82.11712078557858,-69.4223517603507,75.40799949773871,9.8359375,-0.3671875,0.03515625,0.28125,-0.015625,-0.380859375,-56.00481376116185,-88.32488296133377,39.06228315714141,165.234375,0.00037501144444105353,0.00037501144444105353
11.127893440999998,9.0234375,-3.44921875,0.4453125,0.310546875,-0.10546875,0.169921875,-82.34777196885474,-69.00099139636698,76.50562112159263,9.8359375,-0.3671875,0.03515625,0.28125,-0.015625,-0.380859375,-56.00481376116185,-88.32488296133377,39.06228315714141,165.673828125,0.00037501144444105353,0.0
11.139491928000012,9.0234375,-3.44921875,0.4453125,0.310546875,-0.10546875,0.169921875,-82.34777196885474,-69.00099139636698,76.50562112159263,9.8359375,-0.3671875,0.03515625,0.28125,-0.015625,-0.380859375,-56.00481376116185,-88.32488296133377,39.06228315714141,165.849609375,0.000250007629627369,0.0
11.144618608000002,9.02734375,-3.52734375,0.33203125,0.310546875,-0.10546875,0.169921875,-82.34777196885474,-69.00099139636698,76.50562112159263,9.83984375,0.015625,-0.15625,0.193359375,0.005859375,-0.421875,-15.01641709061364,-89.06612487221814,-1.113345750907143,166.552734375,0.000250007629627369,0.0
11.165550604000003,9.02734375,-3.52734375,0.33203125,0.310546875,-0.10546875,0.169921875,-82.34777196885474,-69.00099139636698,76.50562112159263,9.83984375,0.015625,-0.15625,0.193359375,0.005859375,-0.421875,-15.01641709061364,-89.06612487221814,-1.113345750907143,166.728515625,0.00037501144444105353,0.0
11.170762499000006,9.02734375,-3.52734375,0.33203125,0.310546875,-0.10546875,0.169921875,-82.34777196885474,-69.00099139636698,76.50562112159263,9.83984375,0.015625,-0.15625,0.193359375,0.005859375,-0.421875,-15.01641709061364,-89.06612487221814,-1.113345750907143,166.904296875,0.00037501144444105353,0.0006250190740684225
11.176071000000007,9.0234375,-3.56640625,0.33203125,0.087890625,-0.029296875,0.1640625,-82.36393808038416,-68.52559611360587,77.11696279612055,9.9140625,0.20703125,0.0703125,0.193359375,0.005859375,-0.421875,-15.01641709061364,-89.06612487221814,-1.113345750907143,167.51953125,0.000250007629627369,0.0006250190740684225
11.195203894999992,9.0234375,-3.56640625,0.33203125,0.087890625,-0.029296875,0.1640625,-82.36393808038416,-68.52559611360587,77.11696279612055,9.9140625,0.20703125,0.0703125,0.193359375,0.005859375,-0.421875,43.39833623197344,-88.68273592474019,-59.13684248270699,167.783203125,0.000250007629627369,0.0001250038148136845
11.205134767000004,8.984375,-3.60546875,0.37109375,0.087890625,-0.029296875,0.1640625,-82.36393808038416,-68.52559611360587,77.11696279612055,9.80078125,0.3984375,0.1484375,0.03125,-0.001953125,-0.400390625,43.39833623197344,-88.68273592474019,-59.13684248270699,168.3984375,0.0001250038148136845,0.0001250038148136845
11.222195639999995,8.984375,-3.60546875,0.37109375,0.087890625,-0.029296875,0.1640625,-82.36393808038416,-68.52559611360587,77.11696279612055,9.80078125,0.3984375,0.1484375,0.03125,-0.001953125,-0.400390625,43.39833623197344,-88.68273592474019,-59.13684248270699,168.57421875,0.0001250038148136845,0.000500015259254738
11.227338257000014,8.984375,-3.60546875,0.37109375,0.087890625,-0.029296875,0.1640625,-82.36393808038416,-68.52559611360587,77.11696279612055,9.80078125,0.3984375,0.1484375,0.03125,-0.001953125,-0.400390625,43.39833623197344,-88.68273592474019,-59.13684248270699,168.75,0.0,0.000500015259254738
11.23248116100001,8.95703125,-3.60546875,0.4453125,-0.005859375,-0.009765625,0.17578125,-82.52211625218209,-68.05113682733878,77.38189904961801,9.80078125,0.3984375,0.1484375,0.03125,-0.001953125,-0.400390625,43.39833623197344,-88.68273592474019,-59.13684248270699,169.189453125,0.0,0.0
11.24691472699999,8.95703125,-3.60546875,0.4453125,-0.005859375,-0.009765625,0.17578125,-82.52211625218209,-68.05113682733878,77.38189904961801,9.80078125,0.51171875,0.41796875,0.013671875,-0.0234375,-0.3671875,64.53613711361375,-87.71406759205384,-80.2251144723195,169.8046875,0.0001250038148136845,0.0
11.265493106000008,8.95703125,-3.60546875,0.4453125,-0.005859375,-0.009765625,0.17578125,-82.52211625218209,-68.05113682733878,77.38189904961801,9.80078125,0.51171875,0.41796875,0.013671875,-0.0234375,-0.3671875,64.53613711361375,-87.71406759205384,-80.2251144723195,169.98046875,0.0001250038148136845,0.00037501144444105353
11.271003331000003,8.95703125,-3.640625,0.41015625,-0.005859375,-0.009765625,0.17578125,-82.52211625218209,-68.05113682733878,77.38189904961801,9.71875,0.625,0.4921875,0.013671875,-0.0234375,-0.3671875,64.53613711361375,-87.71406759205384,-80.2251144723195,170.419921875,0.0006250190740684225,0.00037501144444105353
11.285439295999993,8.95703125,-3.640625,0.41015625,-0.029296875,-0.04296875,0.205078125,-82.88286972177916,-67.51618955093333,77.75817850537331,9.71875,0.625,0.4921875,0.013671875,-0.0234375,-0.3671875,73.95835421812376,-86.73066306910944,-89.644677734573,171.03515625,0.0006250190740684225,0.000500015259254738
11.305268594000012,8.9140625,-3.83203125,0.4453125,-0.029296875,-0.04296875,0.205078125,-82.88286972177916,-67.51618955093333,77.75817850537331,9.87890625,0.625,0.45703125,0.01171875,-0.068359375,-0.33984375,73.95835421812376,-86.73066306910944,-89.644677734573,171.5625,0.000500015259254738,0.000500015259254738
11.322301947,8.9140625,-3.83203125,0.4453125,-0.029296875,-0.04296875,0.205078125,-82.88286972177916,-67.51618955093333,77.75817850537331,9.87890625,0.625,0.45703125,0.01171875,-0.068359375,-0.33984375,73.95835421812376,-86.73066306910944,-89.644677734573,171.73828125,0.000500015259254738,0.000250007629627369
11.327472083000004,8.9140625,-3.83203125,0.4453125,-0.029296875,-0.04296875,0.205078125,-82.88286972177916,-67.51618955093333,77.75817850537331,9.87890625,0.625,0.45703125,0.01171875,-0.068359375,-0.33984375,73.95835421812376,-86.73066306910944,-89.644677734573,171.9140625,0.0,0.000250007629627369
11.332592395999995,8.875,-3.87109375,0.4453125,-0.021484375,-0.09765625,0.189453125,-83.59531642864043,-66.98068616729978,78.45563457979914,9.80078125,0.6640625,0.53125,0.01171875,-0.068359375,-0.33984375,80.7659049195095,-85.97262621368888,-96.41268623377245,172.529296875,0.0,0.00037501144444105353
11.355436000999987,8.875,-3.87109375,0.4453125,-0.021484375,-0.09765625,0.189453125,-83.59531642864043,-66.98068616729978,78.45563457979914,9.80078125,0.6640625,0.53125,0.037109375,-0.123046875,-0.318359375,80.7659049195095,-85.97262621368888,-96.41268623377245,172.79296875,0.000250007629627369,0.00037501144444105353
11.365852143000012,8.8359375,-3.91015625,0.37109375,-0.021484375,-0.09765625,0.189453125,-83.59531642864043,-66.98068616729978,78.45563457979914,9.72265625,0.78125,0.41796875,0.037109375,-0.123046875,-0.318359375,80.7659049195095,-85.97262621368888,-96.41268623377245,173.232421875,0.000250007629627369,0.0001250038148136845
11.378038105999991,8.8359375,-3.91015625,0.37109375,-0.03515625,-0.1484375,0.17578125,-84.59211387088105,-66.48682844063708,79.48834796271946,9.72265625,0.78125,0.41796875,0.037109375,-0.123046875,-0.318359375,80.7659049195095,-85.97262621368888,-96.41268623377245,173.583984375,0.0001250038148136845,0.0001250038148136845
11.39184678800001,8.8359375,-3.91015625,0.37109375,-0.03515625,-0.1484375,0.17578125,-84.59211387088105,-66.48682844063708,79.48834796271946,9.72265625,0.78125,0.41796875,0.037109375,-0.123046875,-0.318359375,80.7659049195095,-85.97262621368888,-96.41268623377245,173.671875,0.0001250038148136845,0.0001250038148136845
11.396986652999999,8.8359375,-3.98828125,0.33203125,-0.03515625,-0.1484375,0.17578125,-84.59211387088105,-66.48682844063708,79.48834796271946,9.796875,0.8203125,0.4921875,0.03125,-0.185546875,-0.30859375,86.82438478402058,-85.0682773886163,-102.38109655366225,174.19921875,0.00037501144444105353,0.0001250038148136845
11.416222554,8.8359375,-3.98828125,0.33203125,-0.03515625,-0.1484375,0.17578125,-84.59211387088105,-66.48682844063708,79.48834796271946,9.796875,0.8203125,0.4921875,0.03125,-0.185546875,-0.30859375,86.82438478402058,-85.0682773886163,-102.38109655366225,174.375,0.00037501144444105353,0.0007500228888821071
11.421443920999991,8.8359375,-3.98828125,0.33203125,-0.03515625,-0.1484375,0.17578125,-84.59211387088105,-66.48682844063708,79.48834796271946,9.796875,0.8203125,0.4921875,0.03125,-0.185546875,-0.30859375,86.82438478402058,-85.0682773886163,-102.38109655366225,174.462890625,0.00037501144444105353,0.0007500228888821071
11.426611688999998,8.8359375,-3.98828125,0.33203125,-0.03515625,-0.1484375,0.17578125,-84.59211387088105,-66.48682844063708,79.48834796271946,9.796875,0.8203125,0.4921875,0.03125,-0.185546875,-0.30859375,86.82438478402058,-85.0682773886163,-102.38109655366225,174.55078125,0.00037501144444105353,0.00037501144444105353
11.431763746000001,8.80078125,-4.0625,0.25390625,-0.056640625,-0.193359375,0.1328125,-85.96796283879343,-66.07739119370915,80.83000055881399,9.8359375,0.97265625,0.2265625,0.03125,-0.185546875,-0.30859375,92.90718840998798,-84.25265959474403,-108.3775537280056,175.078125,0.0001250038148136845,0.00037501144444105353
11.455242505000001,8.80078125,-4.0625,0.25390625,-0.056640625,-0.193359375,0.1328125,-85.96796283879343,-66.07739119370915,80.83000055881399,9.8359375,0.97265625,0.2265625,0.041015625,-0.21875,-0.267578125,92.90718840998798,-84.25265959474403,-108.3775537280056,175.341796875,0.0001250038148136845,0.0
11.466622021000006,8.83984375,-4.0625,0.140625,-0.056640625,-0.193359375,0.1328125,-85.96796283879343,-66.07739119370915,80.83000055881399,9.8359375,1.23828125,-0.12109375,0.041015625,-0.21875,-0.267578125,92.90718840998798,-84.25265959474403,-108.3775537280056,175.60546875,0.000500015259254738,0.0
11.479855162000007,8.83984375,-4.0625,0.140625,-0.076171875,-0.197265625,0.107421875,-87.43088682910916,-65.76143246539755,82.229155673579,9.8359375,1.23828125,-0.12109375,0.041015625,-0.21875,-0.267578125,92.90718840998798,-84.25265959474403,-108.3775537280056,175.869140625,0.000500015259254738,0.0001250038148136845
11.494811309999989,8.8359375,-4.1015625,0.1015625,-0.076171875,-0.197265625,0.107421875,-87.43088682910916,-65.76143246539755,82.229155673579,9.796875,1.39453125,-0.15625,0.044921875,-0.212890625,-0.189453125,97.9528802886995,-83.48790984961289,-113.3350420404797,176.220703125,0.0001250038148136845,0.0001250038148136845
11.516396444000009,8.8359375,-4.1015625,0.1015625,-0.076171875,-0.197265625,0.107421875,-87.43088682910916,-65.76143246539755,82.229155673579,9.796875,1.39453125,-0.15625,0.044921875,-0.212890625,-0.189453125,97.9528802886995,-83.48790984961289,-113.3350420404797,176.30859375,0.0001250038148136845,0.0006250190740684225
11.521558196,8.8359375,-4.1015625,0.1015625,-0.076171875,-0.197265625,0.107421875,-87.43088682910916,-65.76143246539755,82.229155673579,9.796875,1.39453125,-0.15625,0.044921875,-0.212890625,-0.189453125,97.9528802886995,-83.48790984961289,-113.3350420404797,176.396484375,0.000250007629627369,0.0006250190740684225
11.527188354999993,8.8359375,-4.1015625,0.02734375,-0.06640625,-0.189453125,0.111328125,-88.88230019193934,-65.45455189503265,83.60155427564109,9.80078125,1.39453125,-0.38671875,0.044921875,-0.212890625,-0.189453125,97.9528802886995,-83.48790984961289,-113.3350420404797,176.748046875,0.000250007629627369,0.0
11.546553821000003,8.8359375,-4.1015625,0.02734375,-0.06640625,-0.189453125,0.111328125,-88.88230019193934,-65.45455189503265,83.60155427564109,9.80078125,1.39453125,-0.38671875,0.044921875,-0.212890625,-0.189453125,101.95883718503796,-82.87740989960662,-117.24809274621384,176.8359375,0.000250007629627369,0.0
11.556342841000003,8.8359375,-4.1015625,0.02734375,-0.06640625,-0.189453125,0.111328125,-88.88230019193934,-65.45455189503265,83.60155427564109,9.83984375,1.31640625,-0.50390625,0.046875,-0.181640625,-0.14453125,101.95883718503796,-82.87740989960662,-117.24809274621384,177.01171875,0.000250007629627369,0.000250007629627369
11.570061224,8.8359375,-4.1796875,-0.08984375,-0.06640625,-0.189453125,0.111328125,-88.88230019193934,-65.45455189503265,83.60155427564109,9.83984375,1.31640625,-0.50390625,0.046875,-0.181640625,-0.14453125,101.95883718503796,-82.87740989960662,-117.24809274621384,177.1875,0.000500015259254738,0.000250007629627369
11.580906223999989,8.8359375,-4.1796875,-0.08984375,-0.0546875,-0.1640625,0.08984375,-90.14160642465362,-65.15916911802815,84.81228452371666,9.83984375,1.31640625,-0.46484375,0.046875,-0.181640625,-0.14453125,101.95883718503796,-82.87740989960662,-117.24809274621384,177.36328125,0.000500015259254738,0.00037501144444105353
11.598528593999987,8.796875,-4.21875,-0.12890625,-0.0546875,-0.1640625,0.08984375,-90.14160642465362,-65.15916911802815,84.81228452371666,9.83984375,1.31640625,-0.46484375,0.060546875,-0.15625,-0.11328125,105.10477065655215,-82.38905691187041,-120.27677655545057,177.5390625,0.00037501144444105353,0.00037501144444105353
11.616056629000013,8.796875,-4.21875,-0.12890625,-0.0546875,-0.1640625,0.08984375,-90.14160642465362,-65.15916911802815,84.81228452371666,9.83984375,1.31640625,-0.46484375,0.060546875,-0.15625,-0.11328125,105.10477065655215,-82.38905691187041,-120.27677655545057,177.626953125,0.00037501144444105353,0.00037501144444105353
11.62120427100001,8.80078125,-4.25390625,-0.2421875,-0.0546875,-0.1640625,0.08984375,-90.14160642465362,-65.15916911802815,84.81228452371666,9.87890625,1.27734375,-0.578125,0.060546875,-0.15625,-0.11328125,105.10477065655215,-82.38905691187041,-120.27677655545057,177.626953125,0.000250007629627369,0.00037501144444105353
11.636293090999999,8.80078125,-4.25390625,-0.2421875,-0.037109375,-0.125,0.029296875,-91.13458895941564,-64.96473234613673,85.78293362362982,9.87890625,1.27734375,-0.578125,0.060546875,-0.15625,-0.11328125,107.39391489325632,-81.96921614257651,-122.4526172692465,177.71484375,0.000250007629627369,0.0006250190740684225
11.656123992999994,8.8359375,-4.25390625,-0.2421875,-0.037109375,-0.125,0.029296875,-91.13458895941564,-64.96473234613673,85.78293362362982,9.87890625,1.5078125,-0.65625,0.041015625,-0.115234375,-0.064453125,107.39391489325632,-81.96921614257651,-122.4526172692465,177.71484375,0.000250007629627369,0.0006250190740684225
11.673509055000011,8.8359375,-4.25390625,-0.2421875,-0.037109375,-0.125,0.029296875,-91.13458895941564,-64.96473234613673,85.78293362362982,9.87890625,1.5078125,-0.65625,0.041015625,-0.115234375,-0.064453125,107.39391489325632,-81.96921614257651,-122.4526172692465,177.71484375,0.000250007629627369,0.000250007629627369
11.678637113000008,8.9140625,-4.1796875,-0.3203125,-0.001953125,-0.064453125,-0.009765625,-91.78678258984277,-64.94120709956395,86.43488882230561,9.80078125,2.0078125,-0.84765625,0.041015625,-0.115234375,-0.064453125,108.97075889643989,-81.86450566119613,-123.93937155969805,177.71484375,0.0001250038148136845,0.000250007629627369
11.702623547999991,8.9140625,-4.1796875,-0.3203125,-0.001953125,-0.064453125,-0.009765625,-91.78678258984277,-64.94120709956395,86.43488882230561,9.80078125,2.0078125,-0.84765625,0.041015625,-0.115234375,-0.064453125,108.97075889643989,-81.86450566119613,-123.93937155969805,177.71484375,0.0001250038148136845,0.0008750267036957916
11.707792885000003,8.9140625,-4.1796875,-0.3203125,-0.001953125,-0.064453125,-0.009765625,-91.78678258984277,-64.94120709956395,86.43488882230561,9.80078125,2.0078125,-0.84765625,0.056640625,-0.001953125,0.083984375,108.97075889643989,-81.86450566119613,-123.93937155969805,177.626953125,0.0001250038148136845,0.0008750267036957916
11.719709319999993,8.953125,-4.1015625,-0.28125,-0.001953125,-0.064453125,-0.009765625,-91.78678258984277,-64.94120709956395,86.43488882230561,9.65234375,2.12109375,-1.15234375,0.056640625,-0.001953125,0.083984375,108.97075889643989,-81.86450566119613,-123.93937155969805,177.626953125,0.0001250038148136845,0.0006250190740684225
11.735492429999994,8.953125,-4.1015625,-0.28125,0.087890625,0.01953125,0.1015625,-91.74975145836224,-64.80707205821804,86.53336226112056,9.609375,2.16015625,-0.6953125,0.056640625,-0.001953125,0.083984375,109.17583768110521,-82.3047150320563,-123.96728718321113,177.451171875,0.000500015259254738,0.0006250190740684225
11.758528611999992,8.95703125,-4.140625,-0.2421875,0.087890625,0.01953125,0.1015625,-91.74975145836224,-64.80707205821804,86.53336226112056,9.609375,2.16015625,-0.6953125,0.02734375,0.08203125,0.2421875,109.17583768110521,-82.3047150320563,-123.96728718321113,177.451171875,0.000500015259254738,0.0001250038148136845
11.771607296000013,8.95703125,-4.140625,-0.2421875,0.087890625,0.01953125,0.1015625,-91.74975145836224,-64.80707205821804,86.53336226112056,9.609375,2.16015625,-0.6953125,0.02734375,0.08203125,0.2421875,109.17583768110521,-82.3047150320563,-123.96728718321113,177.36328125,0.00037501144444105353,0.0001250038148136845
11.77679887299999,8.95703125,-4.140625,-0.2421875,0.087890625,0.01953125,0.1015625,-91.74975145836224,-64.80707205821804,86.53336226112056,9.609375,2.16015625,-0.6953125,0.02734375,0.08203125,0.2421875,109.17583768110521,-82.3047150320563,-123.96728718321113,177.36328125,0.00037501144444105353,0.0
11.78196564999999,8.796875,-4.1796875,-0.203125,0.048828125,0.029296875,0.201171875,-91.33406095210383,-64.3978534959716,86.29127774284404,9.453125,1.73828125,-0.1953125,0.02734375,0.08203125,0.2421875,109.73122109219285,-83.0925672411064,-124.4787625199783,177.1875,0.00037501144444105353,0.0
11.804862027000013,8.796875,-4.1796875,-0.203125,0.048828125,0.029296875,0.201171875,-91.33406095210383,-64.3978534959716,86.29127774284404,9.9140625,1.27734375,-0.04296875,0.02734375,0.03125,0.333984375,109.73122109219285,-83.0925672411064,-124.4787625199783,177.099609375,0.00037501144444105353,0.000500015259254738
11.819412744999994,9.0625,-4.29296875,-0.05078125,0.048828125,0.029296875,0.201171875,-91.33406095210383,-64.3978534959716,86.29127774284404,9.9140625,1.27734375,-0.04296875,0.02734375,0.03125,0.333984375,109.73122109219285,-83.0925672411064,-124.4787625199783,177.01171875,0.00037501144444105353,0.000500015259254738
11.829210823000011,9.0625,-4.29296875,-0.05078125,-0.013671875,-0.005859375,0.1796875,-91.20910682229994,-63.83357023088633,86.22667977542602,9.9140625,1.27734375,-0.04296875,0.02734375,0.03125,0.333984375,109.73122109219285,-83.0925672411064,-124.4787625199783,176.923828125,0.00037501144444105353,0.0
11.842980661000013,9.0625,-4.29296875,-0.05078125,-0.013671875,-0.005859375,0.1796875,-91.20910682229994,-63.83357023088633,86.22667977542602,9.71875,0.89453125,-0.00390625,0.02734375,0.03125,0.333984375,112.5044136922194,-83.9988025371638,-127.2676136553986,176.748046875,0.0001250038148136845,0.0
11.856805858000001,8.83984375,-4.37109375,-0.08984375,-0.013671875,-0.005859375,0.1796875,-91.20910682229994,-63.83357023088633,86.22667977542602,9.71875,0.89453125,-0.00390625,-0.0390625,-0.046875,0.30859375,112.5044136922194,-83.9988025371638,-127.2676136553986,176.66015625,0.0001250038148136845,0.000250007629627369
11.86976819200001,8.83984375,-4.37109375,-0.08984375,-0.013671875,-0.005859375,0.1796875,-91.20910682229994,-63.83357023088633,86.22667977542602,9.71875,0.89453125,-0.00390625,-0.0390625,-0.046875,0.30859375,112.5044136922194,-83.9988025371638,-127.2676136553986,176.66015625,0.0007500228888821071,0.000250007629627369
11.875436143000002,8.83984375,-4.37109375,-0.08984375,-0.013671875,-0.005859375,0.1796875,-91.20910682229994,-63.83357023088633,86.22667977542602,9.7578125,0.625,-0.12109375,-0.0390625,-0.046875,0.30859375,112.5044136922194,-83.9988025371638,-127.2676136553986,176.572265625,0.0007500228888821071,0.0
11.886082332,8.80078125,-4.4453125,-0.1640625,-0.0625,-0.037109375,0.154296875,-91.42403945795836,-63.36529855604984,86.31976449270978,9.7578125,0.625,-0.12109375,-0.0390625,-0.046875,0.30859375,117.2680773419195,-84.65957866122899,-132.1639994367339,176.484375,0.0007500228888821071,0.0
11.907222518999987,8.80078125,-4.4453125,-0.1640625,-0.0625,-0.037109375,0.154296875,-91.42403945795836,-63.36529855604984,86.31976449270978,9.875,0.85546875,-0.6171875,-0.04296875,-0.052734375,0.26171875,117.2680773419195,-84.65957866122899,-132.1639994367339,176.396484375,0.0007500228888821071,0.0
11.920901095000005,8.91796875,-4.484375,-0.2421875,-0.0625,-0.037109375,0.154296875,-91.42403945795836,-63.36529855604984,86.31976449270978,9.875,0.85546875,-0.6171875,-0.04296875,-0.052734375,0.26171875,117.2680773419195,-84.65957866122899,-132.1639994367339,176.396484375,0.0006250190740684225,0.0
11.931501523999998,8.91796875,-4.484375,-0.2421875,-0.03125,0.02734375,0.181640625,-91.61607262991893,-62.86842760843932,86.3485829433999,9.875,0.8203125,-0.80859375,-0.04296875,-0.052734375,0.26171875,117.2680773419195,-84.65957866122899,-132.1639994367339,176.30859375,0.0006250190740684225,0.000500015259254738
11.949484815000005,8.875,-4.5234375,-0.3203125,-0.03125,0.02734375,0.181640625,-91.61607262991893,-62.86842760843932,86.3485829433999,9.875,0.8203125,-0.80859375,-0.0390625,0.029296875,0.2734375,122.0175795657672,-85.27320022153481,-137.04175605302825,176.220703125,0.00037501144444105353,0.000500015259254738
11.968319095999988,8.875,-4.5234375,-0.3203125,-0.03125,0.02734375,0.181640625,-91.61607262991893,-62.86842760843932,86.3485829433999,9.83984375,0.97265625,-0.73046875,-0.0390625,0.029296875,0.2734375,122.0175795657672,-85.27320022153481,-137.04175605302825,176.1328125,0.00037501144444105353,0.0006250190740684225
11.978132533000007,8.87890625,-4.5234375,-0.28125,0.015625,0.068359375,0.228515625,-91.35814633985622,-62.292587240924846,86.00267540403534,9.83984375,0.97265625,-0.73046875,-0.0390625,0.029296875,0.2734375,122.0175795657672,-85.27320022153481,-137.04175605302825,176.1328125,0.0001250038148136845,0.0006250190740684225
11.992856655999987,8.87890625,-4.5234375,-0.28125,0.015625,0.068359375,0.228515625,-91.35814633985622,-62.292587240924846,86.00267540403534,9.83984375,0.97265625,-0.73046875,-0.0390625,0.029296875,0.2734375,122.0175795657672,-85.27320022153481,-137.04175605302825,176.044921875,0.0001250038148136845,0.00037501144444105353
11.997994218000002,8.87890625,-4.5234375,-0.28125,0.015625,0.068359375,0.228515625,-91.35814633985622,-62.292587240924846,86.00267540403534,9.8359375,1.01171875,-0.76953125,0.01953125,0.103515625,0.3515625,126.42398143662614,-86.08247082217399,-141.5307603930732,176.044921875,0.000500015259254738,0.00037501144444105353
12.016027554999994,8.91796875,-4.63671875,-0.3203125,0.015625,0.068359375,0.228515625,-91.35814633985622,-62.292587240924846,86.00267540403534,9.8359375,1.01171875,-0.76953125,0.01953125,0.103515625,0.3515625,126.42398143662614,-86.08247082217399,-141.5307603930732,175.95703125,0.000500015259254738,0.0007500228888821071
12.026206744999996,8.91796875,-4.63671875,-0.3203125,0.015625,0.068359375,0.228515625,-91.35814633985622,-62.292587240924846,86.00267540403534,9.8359375,1.01171875,-0.76953125,0.01953125,0.103515625,0.3515625,126.42398143662614,-86.08247082217399,-141.5307603930732,175.95703125,0.000250007629627369,0.0007500228888821071
12.031838249000003,8.796875,-4.63671875,-0.01171875,0.025390625,0.115234375,0.3203125,-90.72968024574911,-61.490228283634984,85.43118313122075,9.7578125,0.93359375,-0.34765625,-0.044921875,0.08984375,0.404296875,133.70399589890474,-87.08474233614338,-148.84797611527577,175.869140625,0.000250007629627369,0.0006250190740684225
12.064204805000003,8.796875,-4.63671875,-0.01171875,0.025390625,0.115234375,0.3203125,-90.72968024574911,-61.490228283634984,85.43118313122075,9.69140625,0.625,-0.12109375,-0.044921875,0.08984375,0.404296875,133.70399589890474,-87.08474233614338,-148.84797611527577,175.78125,0.0001250038148136845,0.0006250190740684225
12.073133267999992,8.72265625,-4.75390625,-0.01171875,0.025390625,0.115234375,0.3203125,-90.72968024574911,-61.490228283634984,85.43118313122075,9.69140625,0.625,-0.12109375,-0.044921875,0.08984375,0.404296875,133.70399589890474,-87.08474233614338,-148.84797611527577,175.78125,0.0001250038148136845,0.000250007629627369
12.083194764000012,8.72265625,-4.75390625,-0.01171875,-0.033203125,0.099609375,0.365234375,-90.21009927939866,-60.51725864803024,84.82826901022213,9.69140625,0.625,-0.12109375,-0.044921875,0.08984375,0.404296875,133.70399589890474,-87.08474233614338,-148.84797611527577,175.78125,0.0006250190740684225,0.000250007629627369
12.097262067999992,8.72265625,-4.75390625,-0.01171875,-0.033203125,0.099609375,0.365234375,-90.21009927939866,-60.51725864803024,84.82826901022213,9.71875,0.58984375,-0.234375,-0.099609375,0.064453125,0.4453125,152.5276263787135,-87.96036749361838,-167.89206694052976,175.693359375,0.0006250190740684225,0.000500015259254738
12.116871150000009,8.72265625,-4.828125,0.02734375,-0.033203125,0.099609375,0.365234375,-90.21009927939866,-60.51725864803024,84.82826901022213,9.71875,0.58984375,-0.234375,-0.099609375,0.064453125,0.4453125,152.5276263787135,-87.96036749361838,-167.89206694052976,175.693359375,0.00037501144444105353,0.000500015259254738
12.126172948999994,8.72265625,-4.828125,0.02734375,-0.033203125,0.099609375,0.365234375,-90.21009927939866,-60.51725864803024,84.82826901022213,9.69140625,0.12890625,-0.15625,-0.099609375,0.064453125,0.4453125,152.5276263787135,-87.96036749361838,-167.89206694052976,175.60546875,0.00037501144444105353,0.000250007629627369
12.136847777000014,8.4921875,-5.01953125,-0.08984375,-0.05078125,0.08203125,0.392578125,-89.87609689930673,-59.41119790517208,84.2544663282521,9.69140625,0.12890625,-0.15625,-0.099609375,0.064453125,0.4453125,-167.60139656245178,-88.35638644783675,151.9770353548251,175.517578125,0.00037501144444105353,0.000250007629627369
12.155348241000013,8.4921875,-5.01953125,-0.08984375,-0.05078125,0.08203125,0.392578125,-89.87609689930673,-59.41119790517208,84.2544663282521,9.65234375,-0.3671875,-0.00390625,-0.091796875,0.017578125,0.427734375,-167.60139656245178,-88.35638644783675,151.9770353548251,175.517578125,0.00037501144444105353,0.000250007629627369
12.169375513999995,8.41796875,-5.01953125,0.0625,-0.05078125,0.08203125,0.392578125,-89.87609689930673,-59.41119790517208,84.2544663282521,9.65234375,-0.3671875,-0.00390625,-0.091796875,0.017578125,0.427734375,-167.60139656245178,-88.35638644783675,151.9770353548251,175.4296875,0.000500015259254738,0.000250007629627369
12.178696639999998,8.41796875,-5.01953125,0.0625,-0.05078125,0.08203125,0.392578125,-89.87609689930673,-59.41119790517208,84.2544663282521,9.65234375,-0.3671875,-0.00390625,-0.091796875,0.017578125,0.427734375,-167.60139656245178,-88.35638644783675,151.9770353548251,175.4296875,0.000500015259254738,0.00037501144444105353
12.184087605000002,8.41796875,-5.01953125,0.0625,-0.1015625,0.08203125,0.330078125,-89.73750086768923,-58.352579394573254,83.85431355443619,9.71875,-0.5234375,-0.2734375,-0.091796875,0.017578125,0.427734375,-136.29511016564592,-87.8386341270433,120.33515386679528,175.341796875,0.00037501144444105353,0.00037501144444105353
12.208396593999993,8.3359375,-5.13671875,0.02734375,-0.1015625,0.08203125,0.330078125,-89.73750086768923,-58.352579394573254,83.85431355443619,9.71875,-0.5234375,-0.2734375,-0.13671875,0.02734375,0.37109375,-136.29511016564592,-87.8386341270433,120.33515386679528,175.078125,0.00037501144444105353,0.000250007629627369
12.22251516099999,8.3359375,-5.13671875,0.02734375,-0.1015625,0.08203125,0.330078125,-89.73750086768923,-58.352579394573254,83.85431355443619,9.72265625,-0.59765625,-0.578125,-0.13671875,0.02734375,0.37109375,-136.29511016564592,-87.8386341270433,120.33515386679528,174.990234375,0.00037501144444105353,0.000250007629627369
12.232303478000006,7.95703125,-5.3671875,-0.3203125,-0.03125,0.0546875,0.150390625,-89.63725877433461,-57.59563134620687,83.41277303429295,9.72265625,-0.59765625,-0.578125,-0.13671875,0.02734375,0.37109375,-136.29511016564592,-87.8386341270433,120.33515386679528,174.55078125,0.00037501144444105353,0.0007500228888821071
12.247644164999997,7.95703125,-5.3671875,-0.3203125,-0.03125,0.0546875,0.150390625,-89.63725877433461,-57.59563134620687,83.41277303429295,9.609375,-0.75390625,-0.3125,0.00390625,0.03515625,0.474609375,-118.94635663623312,-86.93532675677558,102.71040433511246,174.111328125,0.000500015259254738,0.0007500228888821071
12.266726634000008,7.953125,-5.40625,-0.1640625,-0.03125,0.0546875,0.150390625,-89.63725877433461,-57.59563134620687,83.41277303429295,9.609375,-0.75390625,-0.3125,0.00390625,0.03515625,0.474609375,-118.94635663623312,-86.93532675677558,102.71040433511246,173.759765625,0.000500015259254738,0.000500015259254738
12.276423273000006,7.953125,-5.40625,-0.1640625,-0.03125,0.0546875,0.150390625,-89.63725877433461,-57.59563134620687,83.41277303429295,9.609375,-0.75390625,-0.3125,0.00390625,0.03515625,0.474609375,-118.94635663623312,-86.93532675677558,102.71040433511246,173.583984375,0.000250007629627369,0.000500015259254738
12.281999737999996,7.953125,-5.40625,-0.1640625,0.015625,0.01953125,-0.03515625,-89.48645204038746,-57.48080214130437,83.25507886309414,9.6875,-0.67578125,-0.12109375,0.00390625,0.03515625,0.474609375,-118.94635663623312,-86.93532675677558,102.71040433511246,173.056640625,0.000250007629627369,0.000500015259254738
12.300033074999988,8.30078125,-5.328125,-0.01171875,0.015625,0.01953125,-0.03515625,-89.48645204038746,-57.48080214130437,83.25507886309414,9.6875,-0.67578125,-0.12109375,0.013671875,0.017578125,0.513671875,-108.95521878470656,-85.7181318090477,92.71577897764121,172.44140625,0.000250007629627369,0.000500015259254738
12.318192874000005,8.30078125,-5.328125,-0.01171875,0.015625,0.01953125,-0.03515625,-89.48645204038746,-57.48080214130437,83.25507886309414,9.72265625,-0.63671875,-0.2734375,0.013671875,0.017578125,0.513671875,-108.95521878470656,-85.7181318090477,92.71577897764121,172.08984375,0.000250007629627369,0.00037501144444105353
12.327784236000014,8.30078125,-5.328125,-0.12890625,0.052734375,0.0,-0.078125,-89.37965267725335,-57.62541777916949,83.21248221176945,9.72265625,-0.63671875,-0.2734375,0.013671875,0.017578125,0.513671875,-108.95521878470656,-85.7181318090477,92.71577897764121,171.474609375,0.0001250038148136845,0.00037501144444105353
12.342654915999987,8.30078125,-5.328125,-0.12890625,0.052734375,0.0,-0.078125,-89.37965267725335,-57.62541777916949,83.21248221176945,9.72265625,-0.63671875,-0.2734375,0.013671875,0.017578125,0.513671875,-108.95521878470656,-85.7181318090477,92.71577897764121,171.298828125,0.0001250038148136845,0.0
12.347919130999998,8.30078125,-5.328125,-0.12890625,0.052734375,0.0,-0.078125,-89.37965267725335,-57.62541777916949,83.21248221176945,9.69140625,-0.71484375,-0.38671875,0.05859375,0.037109375,0.5859375,-103.27111384472897,-84.25369128954387,87.09843515121516,170.595703125,0.00037501144444105353,0.0
12.367139484999996,8.453125,-5.2109375,-0.01171875,0.052734375,0.0,-0.078125,-89.37965267725335,-57.62541777916949,83.21248221176945,9.69140625,-0.71484375,-0.38671875,0.05859375,0.037109375,0.5859375,-103.27111384472897,-84.25369128954387,87.09843515121516,170.15625,0.00037501144444105353,0.000500015259254738
12.376589633000009,8.453125,-5.2109375,-0.01171875,0.052734375,0.0,-0.078125,-89.37965267725335,-57.62541777916949,83.21248221176945,9.80078125,-0.59765625,-0.46484375,0.05859375,0.037109375,0.5859375,-103.27111384472897,-84.25369128954387,87.09843515121516,169.8046875,0.0001250038148136845,0.000500015259254738
12.387512423999993,8.640625,-5.17578125,0.21875,0.03125,0.044921875,-0.0234375,-89.14526166802412,-57.826955681236285,83.13586934290578,9.80078125,-0.59765625,-0.46484375,0.05859375,0.037109375,0.5859375,-98.97184942330117,-82.63124352011663,82.85175701935783,169.1015625,0.0001250038148136845,0.000250007629627369
12.409193592999998,8.640625,-5.17578125,0.21875,0.03125,0.044921875,-0.0234375,-89.14526166802412,-57.826955681236285,83.13586934290578,9.65234375,-1.171875,-0.15625,-0.0234375,0.076171875,0.607421875,-98.97184942330117,-82.63124352011663,82.85175701935783,168.662109375,0.00037501144444105353,0.000250007629627369
12.42293091900001,8.3359375,-5.25,-0.01171875,0.03125,0.044921875,-0.0234375,-89.14526166802412,-57.826955681236285,83.13586934290578,9.65234375,-1.171875,-0.15625,-0.0234375,0.076171875,0.607421875,-98.97184942330117,-82.63124352011663,82.85175701935783,168.310546875,0.00037501144444105353,0.0001250038148136845
12.432988767000012,8.3359375,-5.25,-0.01171875,0.015625,0.04296875,0.01171875,-88.87845138275749,-57.80258988141514,82.85315878538314,9.61328125,-1.78515625,-0.00390625,-0.0234375,0.076171875,0.607421875,-98.97184942330117,-82.63124352011663,82.85175701935783,167.783203125,0.000250007629627369,0.0001250038148136845
12.45090588299999,8.3359375,-5.25,-0.01171875,0.015625,0.04296875,0.01171875,-88.87845138275749,-57.80258988141514,82.85315878538314,9.61328125,-1.78515625,-0.00390625,-0.025390625,0.041015625,0.50390625,-96.18208475057402,-80.98047137412092,79.9852520196802,167.34375,0.000250007629627369,0.0006250190740684225
12.464840869999989,8.41796875,-5.2109375,0.1015625,0.015625,0.04296875,0.01171875,-88.87845138275749,-57.80258988141514,82.85315878538314,9.61328125,-1.78515625,-0.00390625,-0.025390625,0.041015625,0.50390625,-96.18208475057402,-80.98047137412092,79.9852520196802,167.16796875,0.0006250190740684225,0.0006250190740684225
12.474214028000006,8.41796875,-5.2109375,0.1015625,0.015625,0.04296875,0.01171875,-88.87845138275749,-57.80258988141514,82.85315878538314,9.61328125,-2.515625,0.0703125,-0.025390625,0.041015625,0.50390625,-96.18208475057402,-80.98047137412092,79.9852520196802,166.9921875,0.0006250190740684225,0.0
12.483123129999996,8.2578125,-5.2109375,0.1796875,-0.02734375,0.037109375,-0.005859375,-88.73679987186534,-57.75856272965967,82.66443496511317,9.61328125,-2.515625,0.0703125,-0.025390625,0.041015625,0.50390625,-96.18208475057402,-80.98047137412092,79.9852520196802,166.728515625,0.000500015259254738,0.0
12.497580731,8.2578125,-5.2109375,0.1796875,-0.02734375,0.037109375,-0.005859375,-88.73679987186534,-57.75856272965967,82.66443496511317,9.61328125,-2.515625,0.0703125,-0.025390625,0.041015625,0.50390625,-94.98643318629627,-79.86683601599184,78.65094874649928,166.640625,0.000500015259254738,0.0001250038148136845
12.507356632000011,8.2578125,-5.2109375,0.1796875,-0.02734375,0.037109375,-0.005859375,-88.73679987186534,-57.75856272965967,82.66443496511317,9.65234375,-3.2421875,0.03515625,-0.111328125,0.029296875,0.162109375,-94.98643318629627,-79.86683601599184,78.65094874649928,166.552734375,0.00037501144444105353,0.0001250038148136845
12.522008628999998,8.453125,-5.09765625,0.4453125,-0.02734375,0.037109375,-0.005859375,-88.73679987186534,-57.75856272965967,82.66443496511317,9.65234375,-3.2421875,0.03515625,-0.111328125,0.029296875,0.162109375,-94.98643318629627,-79.86683601599184,78.65094874649928,166.552734375,0.00037501144444105353,0.0
12.532659168999999,8.453125,-5.09765625,0.4453125,-0.193359375,0.140625,-0.076171875,-88.66052151734883,-57.924141154174436,82.24544994459171,9.8359375,-2.70703125,-0.2734375,-0.111328125,0.029296875,0.162109375,-94.98643318629627,-79.86683601599184,78.65094874649928,166.552734375,0.00037501144444105353,0.0
12.550370689000005,8.453125,-5.09765625,0.4453125,-0.193359375,0.140625,-0.076171875,-88.66052151734883,-57.924141154174436,82.24544994459171,9.8359375,-2.70703125,-0.2734375,-0.111328125,0.029296875,0.162109375,-94.58410692616721,-79.7433264536398,77.74020754299903,166.552734375,0.00037501144444105353,0.000500015259254738
12.560247486000009,8.375,-5.13671875,0.41015625,-0.193359375,0.140625,-0.076171875,-88.66052151734883,-57.924141154174436,82.24544994459171,9.5703125,-2.66796875,-0.12109375,-0.265625,0.099609375,-0.15234375,-94.58410692616721,-79.7433264536398,77.74020754299903,166.552734375,0.0001250038148136845,0.000500015259254738
12.578265499999986,8.375,-5.13671875,0.41015625,-0.193359375,0.140625,-0.076171875,-88.66052151734883,-57.924141154174436,82.24544994459171,9.5703125,-2.66796875,-0.12109375,-0.265625,0.099609375,-0.15234375,-94.58410692616721,-79.7433264536398,77.74020754299903,166.552734375,0.0001250038148136845,0.0
12.58340098299999,7.9140625,-5.51953125,-0.5859375,-0.109375,0.080078125,-0.15625,-88.50263742137152,-58.23637242424987,81.38172212412671,9.5703125,-2.66796875,-0.12109375,-0.265625,0.099609375,-0.15234375,-94.58410692616721,-79.7433264536398,77.74020754299903,166.552734375,0.00037501144444105353,0.0
12.598647594999989,7.9140625,-5.51953125,-0.5859375,-0.109375,0.080078125,-0.15625,-88.50263742137152,-58.23637242424987,81.38172212412671,9.07421875,-3.01171875,0.2265625,0.08984375,-0.017578125,-0.248046875,-94.24105424115795,-80.2810817900029,76.87692798034337,166.552734375,0.00037501144444105353,0.000500015259254738
12.617364763000012,7.6484375,-5.25,-0.359375,-0.109375,0.080078125,-0.15625,-88.50263742137152,-58.23637242424987,81.38172212412671,9.07421875,-3.01171875,0.2265625,0.08984375,-0.017578125,-0.248046875,-94.24105424115795,-80.2810817900029,76.87692798034337,166.552734375,0.00037501144444105353,0.000500015259254738
12.626980190000012,7.6484375,-5.25,-0.359375,-0.109375,0.080078125,-0.15625,-88.50263742137152,-58.23637242424987,81.38172212412671,9.07421875,-3.01171875,0.2265625,0.08984375,-0.017578125,-0.248046875,-94.24105424115795,-80.2810817900029,76.87692798034337,166.552734375,0.00037501144444105353,0.0
12.632549904000001,7.6484375,-5.25,-0.359375,0.07421875,-0.041015625,-0.326171875,-88.59781966159373,-58.91458351852727,81.6430492716498,9.53515625,-2.4765625,-0.3125,0.08984375,-0.017578125,-0.248046875,-94.24105424115795,-80.2810817900029,76.87692798034337,166.552734375,0.00037501144444105353,0.0
12.651236129000011,8.4140625,-4.79296875,0.71484375,0.07421875,-0.041015625,-0.326171875,-88.59781966159373,-58.91458351852727,81.6430492716498,9.953125,-1.2109375,-0.578125,-0.14453125,0.091796875,-0.380859375,-94.37347169790387,-81.14088462911293,77.18572327165728,166.552734375,0.00037501144444105353,0.00037501144444105353
12.671401268000011,8.4140625,-4.79296875,0.71484375,0.07421875,-0.041015625,-0.326171875,-88.59781966159373,-58.91458351852727,81.6430492716498,9.953125,-1.2109375,-0.578125,-0.14453125,0.091796875,-0.380859375,-94.37347169790387,-81.14088462911293,77.18572327165728,166.552734375,0.0001250038148136845,0.00037501144444105353
12.676894632,8.4140625,-4.79296875,0.71484375,0.07421875,-0.041015625,-0.326171875,-88.59781966159373,-58.91458351852727,81.6430492716498,9.953125,-1.2109375,-0.578125,-0.14453125,0.091796875,-0.380859375,-94.37347169790387,-81.14088462911293,77.18572327165728,166.640625,0.0001250038148136845,0.0
12.682405082999992,8.7578125,-4.6015625,0.63671875,-0.228515625,0.244140625,-0.3984375,-88.27406046722386,-59.9644738426413,81.01347514955306,10.03515625,-0.9453125,-0.65625,-0.14453125,0.091796875,-0.380859375,-92.93819623648854,-82.30649732440789,75.00556707276513,166.640625,0.0006250190740684225,0.0
12.706572416,8.7578125,-4.6015625,0.63671875,-0.228515625,0.244140625,-0.3984375,-88.27406046722386,-59.9644738426413,81.01347514955306,10.03515625,-0.9453125,-0.65625,-0.49609375,0.24609375,-0.443359375,-92.93819623648854,-82.30649732440789,75.00556707276513,166.640625,0.0006250190740684225,0.000250007629627369
12.716723704000003,8.80078125,-4.29296875,0.4453125,-0.228515625,0.244140625,-0.3984375,-88.27406046722386,-59.9644738426413,81.01347514955306,10.03515625,-0.9453125,-0.65625,-0.49609375,0.24609375,-0.443359375,-92.93819623648854,-82.30649732440789,75.00556707276513,166.640625,0.000500015259254738,0.000250007629627369
12.725397517999994,8.80078125,-4.29296875,0.4453125,-0.228515625,0.244140625,-0.3984375,-88.27406046722386,-59.9644738426413,81.01347514955306,9.87890625,-0.90625,-0.50390625,-0.49609375,0.24609375,-0.443359375,-92.93819623648854,-82.30649732440789,75.00556707276513,166.640625,0.000500015259254738,0.0001250038148136845
12.734926769999987,8.640625,-4.37109375,0.5234375,-0.515625,0.51171875,-0.46875,-87.29904821719956,-61.18041629498343,78.65111762148541,9.87890625,-0.90625,-0.50390625,-0.49609375,0.24609375,-0.443359375,-88.44735154191675,-83.62757030255403,68.76101462027792,166.640625,0.000250007629627369,0.0001250038148136845
12.758925562000002,8.640625,-4.37109375,0.5234375,-0.515625,0.51171875,-0.46875,-87.29904821719956,-61.18041629498343,78.65111762148541,9.72265625,-0.75390625,0.33984375,-0.779296875,0.28125,-0.48046875,-88.44735154191675,-83.62757030255403,68.76101462027792,166.640625,0.000250007629627369,0.000250007629627369
12.773265632000005,8.640625,-4.37109375,0.5234375,-0.515625,0.51171875,-0.46875,-87.29904821719956,-61.18041629498343,78.65111762148541,9.72265625,-0.75390625,0.33984375,-0.779296875,0.28125,-0.48046875,-88.44735154191675,-83.62757030255403,68.76101462027792,166.640625,0.0001250038148136845,0.000250007629627369
12.778865330000002,9.10546875,-4.5234375,0.41015625,-0.7265625,0.541015625,-0.4296875,-86.046822861648,-62.430497746533625,75.16355247794296,9.72265625,-0.75390625,0.33984375,-0.779296875,0.28125,-0.48046875,-88.44735154191675,-83.62757030255403,68.76101462027792,166.640625,0.0001250038148136845,0.000250007629627369
12.792404839999989,9.10546875,-4.5234375,0.41015625,-0.7265625,0.541015625,-0.4296875,-86.046822861648,-62.430497746533625,75.16355247794296,9.953125,-0.17578125,1.10546875,-0.779296875,0.28125,-0.48046875,-88.44735154191675,-83.62757030255403,68.76101462027792,166.640625,0.000250007629627369,0.000250007629627369
12.801763568000013,9.10546875,-4.5234375,0.41015625,-0.7265625,0.541015625,-0.4296875,-86.046822861648,-62.430497746533625,75.16355247794296,9.953125,-0.17578125,1.10546875,-0.779296875,0.28125,-0.48046875,-83.43295764100411,-84.85014760185813,61.36815288030264,166.640625,0.000250007629627369,0.0007500228888821071
12.81021879299999,8.80078125,-4.828125,-0.08984375,-0.7265625,0.541015625,-0.4296875,-86.046822861648,-62.430497746533625,75.16355247794296,9.53125,-0.59765625,1.14453125,-0.70703125,0.083984375,-0.330078125,-83.43295764100411,-84.85014760185813,61.36815288030264,166.728515625,0.000250007629627369,0.0007500228888821071
12.828026410999996,8.80078125,-4.828125,-0.08984375,-0.7265625,0.541015625,-0.4296875,-86.046822861648,-62.430497746533625,75.16355247794296,9.53125,-0.59765625,1.14453125,-0.70703125,0.083984375,-0.330078125,-83.43295764100411,-84.85014760185813,61.36815288030264,166.640625,0.000250007629627369,0.000250007629627369
12.833193061999992,8.37890625,-5.2890625,-0.55078125,-0.328125,0.1328125,-0.193359375,-85.59647390034581,-63.26381819627318,72.73919152985225,9.53125,-0.59765625,1.14453125,-0.70703125,0.083984375,-0.330078125,-83.43295764100411,-84.85014760185813,61.36815288030264,166.728515625,0.000250007629627369,0.000250007629627369
12.851282209999994,8.37890625,-5.2890625,-0.55078125,-0.328125,0.1328125,-0.193359375,-85.59647390034581,-63.26381819627318,72.73919152985225,9.4140625,-0.90625,0.72265625,0.146484375,-0.078125,-0.0625,-82.90183928673862,-85.5787948569384,59.49774355499647,166.728515625,0.000250007629627369,0.0007500228888821071
12.870125679000012,8.37890625,-5.2890625,-0.55078125,-0.328125,0.1328125,-0.193359375,-85.59647390034581,-63.26381819627318,72.73919152985225,9.4140625,-0.90625,0.72265625,0.146484375,-0.078125,-0.0625,-82.90183928673862,-85.5787948569384,59.49774355499647,166.728515625,0.000500015259254738,0.0007500228888821071
12.875626947,8.60546875,-4.6015625,-0.01171875,-0.328125,0.1328125,-0.193359375,-85.59647390034581,-63.26381819627318,72.73919152985225,9.4140625,-0.90625,0.72265625,0.146484375,-0.078125,-0.0625,-82.90183928673862,-85.5787948569384,59.49774355499647,166.728515625,0.000500015259254738,0.0
12.885336195999997,8.60546875,-4.6015625,-0.01171875,0.083984375,-0.130859375,-0.005859375,-85.96562652881109,-63.494158166768194,73.16044188209277,9.69140625,0.015625,0.30078125,0.146484375,-0.078125,-0.0625,-85.96282329585502,-85.65322037547223,62.876976025305154,166.728515625,0.00037501144444105353,0.0
12.907348947000003,8.95703125,-3.94921875,0.71484375,0.083984375,-0.130859375,-0.005859375,-85.96562652881109,-63.494158166768194,73.16044188209277,9.796875,0.015625,0.0703125,-0.05078125,-0.1015625,0.017578125,-85.96282329585502,-85.65322037547223,62.876976025305154,166.728515625,0.00037501144444105353,0.000500015259254738
12.924325957000008,8.95703125,-3.94921875,0.71484375,0.083984375,-0.130859375,-0.005859375,-85.96562652881109,-63.494158166768194,73.16044188209277,9.796875,0.015625,0.0703125,-0.05078125,-0.1015625,0.017578125,-85.96282329585502,-85.65322037547223,62.876976025305154,166.728515625,0.00037501144444105353,0.000500015259254738
12.929647644,8.95703125,-3.94921875,0.71484375,0.083984375,-0.130859375,-0.005859375,-85.96562652881109,-63.494158166768194,73.16044188209277,9.796875,0.015625,0.0703125,-0.05078125,-0.1015625,0.017578125,-85.96282329585502,-85.65322037547223,62.876976025305154,166.728515625,0.00037501144444105353,0.0001250038148136845
12.934836694000012,8.76171875,-4.41015625,0.140625,-0.060546875,-0.0703125,0.041015625,-86.60962610193918,-63.45363309307046,73.75224617503035,9.71875,-0.7890625,0.03515625,-0.05078125,-0.1015625,0.017578125,-90.0435653195383,-85.64869999842605,66.90985141350617,166.728515625,0.000250007629627369,0.0001250038148136845
12.957049121000011,8.76171875,-4.41015625,0.140625,-0.060546875,-0.0703125,0.041015625,-86.60962610193918,-63.45363309307046,73.75224617503035,9.71875,-0.7890625,0.03515625,0.013671875,-0.115234375,0.0546875,-90.0435653195383,-85.64869999842605,66.90985141350617,166.728515625,0.000250007629627369,0.00037501144444105353
12.967210617999996,8.83984375,-4.4453125,0.1796875,-0.060546875,-0.0703125,0.041015625,-86.60962610193918,-63.45363309307046,73.75224617503035,9.71875,-0.7890625,0.03515625,0.013671875,-0.115234375,0.0546875,-90.0435653195383,-85.64869999842605,66.90985141350617,166.728515625,0.000500015259254738,0.00037501144444105353
12.976216808000004,8.83984375,-4.4453125,0.1796875,-0.060546875,-0.0703125,0.041015625,-86.60962610193918,-63.45363309307046,73.75224617503035,9.71875,-0.7890625,0.03515625,0.013671875,-0.115234375,0.0546875,-90.0435653195383,-85.64869999842605,66.90985141350617,166.728515625,0.000500015259254738,0.00037501144444105353
12.981424833999995,8.83984375,-4.4453125,0.1796875,-0.05078125,-0.0703125,0.033203125,-87.18570266621465,-63.32800377100341,74.33528709083059,9.87890625,-0.8671875,-0.12109375,0.013671875,-0.115234375,0.0546875,-90.0435653195383,-85.64869999842605,66.90985141350617,166.728515625,0.0,0.00037501144444105353
13.000559210000006,8.7578125,-4.37109375,0.21875,-0.05078125,-0.0703125,0.033203125,-87.18570266621465,-63.32800377100341,74.33528709083059,9.80078125,-0.8671875,-0.42578125,-0.01953125,-0.0625,0.033203125,-93.60040231377953,-85.49348360528408,70.47764623180969,166.728515625,0.0,0.000500015259254738
13.022120545999996,8.7578125,-4.37109375,0.21875,-0.05078125,-0.0703125,0.033203125,-87.18570266621465,-63.32800377100341,74.33528709083059,9.80078125,-0.8671875,-0.42578125,-0.01953125,-0.0625,0.033203125,-93.60040231377953,-85.49348360528408,70.47764623180969,166.728515625,0.000500015259254738,0.000500015259254738
13.02727250800001,8.7578125,-4.37109375,0.21875,-0.05078125,-0.0703125,0.033203125,-87.18570266621465,-63.32800377100341,74.33528709083059,9.80078125,-0.8671875,-0.42578125,-0.01953125,-0.0625,0.033203125,-93.60040231377953,-85.49348360528408,70.47764623180969,166.728515625,0.000500015259254738,0.0
13.032420183,8.68359375,-4.4453125,-0.05078125,0.015625,-0.056640625,0.04296875,-87.62259026432136,-63.23063581943897,74.70305325001297,9.65234375,-0.90625,-0.46484375,-0.01953125,-0.0625,0.033203125,-94.88494532709112,-85.39750753197606,71.82668075555638,166.728515625,0.00037501144444105353,0.0
13.05841595999999,8.68359375,-4.4453125,-0.05078125,0.015625,-0.056640625,0.04296875,-87.62259026432136,-63.23063581943897,74.70305325001297,9.65234375,-0.90625,-0.46484375,0.126953125,0.01171875,0.046875,-94.88494532709112,-85.39750753197606,71.82668075555638,166.728515625,0.00037501144444105353,0.000250007629627369
13.069678041999993,8.6015625,-4.37109375,0.21875,0.015625,-0.056640625,0.04296875,-87.62259026432136,-63.23063581943897,74.70305325001297,9.796875,-0.828125,-0.08203125,0.126953125,0.01171875,0.046875,-94.88494532709112,-85.39750753197606,71.82668075555638,166.728515625,0.00037501144444105353,0.000250007629627369
13.084079519,8.6015625,-4.37109375,0.21875,0.04296875,-0.029296875,0.0390625,-87.73721823950711,-63.090063226277564,75.04420851216484,9.796875,-0.828125,-0.08203125,0.126953125,0.01171875,0.046875,-94.88494532709112,-85.39750753197606,71.82668075555638,166.81640625,0.00037501144444105353,0.13787920773949403
13.098151754000014,8.72265625,-4.4453125,0.1796875,0.04296875,-0.029296875,0.0390625,-87.73721823950711,-63.090063226277564,75.04420851216484,9.71875,-0.67578125,0.37890625,0.025390625,-0.0546875,0.044921875,-94.53822985443166,-85.24778098532157,71.71735523208474,166.728515625,0.0001250038148136845,0.13787920773949403
13.117194068000003,8.72265625,-4.4453125,0.1796875,0.04296875,-0.029296875,0.0390625,-87.73721823950711,-63.090063226277564,75.04420851216484,9.71875,-0.67578125,0.37890625,0.025390625,-0.0546875,0.044921875,-94.53822985443166,-85.24778098532157,71.71735523208474,166.728515625,0.0001250038148136845,0.9232781762138738
13.122396269000006,8.72265625,-4.4453125,0.1796875,0.04296875,-0.029296875,0.0390625,-87.73721823950711,-63.090063226277564,75.04420851216484,9.71875,-0.67578125,0.37890625,0.025390625,-0.0546875,0.044921875,-94.53822985443166,-85.24778098532157,71.71735523208474,166.81640625,0.00037501144444105353,0.9232781762138738
13.127940319999993,8.71875,-4.4453125,0.25390625,-0.037109375,-0.064453125,0.05078125,-88.04533147493694,-62.94926669726296,75.41505840611156,9.7578125,-0.75390625,0.30078125,0.025390625,-0.0546875,0.044921875,-94.53822985443166,-85.24778098532157,71.71735523208474,166.728515625,0.00037501144444105353,1.2464130375072482
13.14658312200001,8.71875,-4.4453125,0.25390625,-0.037109375,-0.064453125,0.05078125,-88.04533147493694,-62.94926669726296,75.41505840611156,9.7578125,-0.75390625,0.30078125,0.025390625,-0.0546875,0.044921875,-94.53822985443166,-85.24778098532157,71.71735523208474,166.728515625,0.0,1.2464130375072482
13.151736332000013,8.71875,-4.4453125,0.25390625,-0.037109375,-0.064453125,0.05078125,-88.04533147493694,-62.94926669726296,75.41505840611156,9.7578125,-0.75390625,0.30078125,0.025390625,-0.0546875,0.044921875,-96.79344688834176,-85.10096985526923,73.97620468735235,166.728515625,0.0,1.9473094271675773
13.162137631999997,8.76171875,-4.484375,0.02734375,-0.037109375,-0.064453125,0.05078125,-88.04533147493694,-62.94926669726296,75.41505840611156,9.83984375,-0.90625,-0.38671875,-0.01171875,-0.080078125,0.04296875,-96.79344688834176,-85.10096985526923,73.97620468735235,166.81640625,0.00037501144444105353,1.9473094271675773
13.182031416000001,8.76171875,-4.484375,0.02734375,-0.03515625,-0.015625,0.037109375,-88.4299766744535,-62.835721309524786,75.71987566903279,9.83984375,-0.90625,-0.38671875,-0.01171875,-0.080078125,0.04296875,-96.79344688834176,-85.10096985526923,73.97620468735235,166.728515625,0.00037501144444105353,2.637205481124302
13.196237921000005,8.76171875,-4.484375,0.0625,-0.03515625,-0.015625,0.037109375,-88.4299766744535,-62.835721309524786,75.71987566903279,9.87890625,-1.171875,-0.6171875,-0.001953125,0.0078125,0.0,-98.57393247573724,-84.9677573379018,75.71018274754893,166.728515625,0.00037501144444105353,2.637205481124302
13.219213405000005,8.76171875,-4.484375,0.0625,-0.03515625,-0.015625,0.037109375,-88.4299766744535,-62.835721309524786,75.71987566903279,9.87890625,-1.171875,-0.6171875,-0.001953125,0.0078125,0.0,-98.57393247573724,-84.9677573379018,75.71018274754893,166.728515625,0.00037501144444105353,2.8965883968626973
13.224341720000012,8.60546875,-4.5625,-0.01171875,-0.03515625,-0.015625,0.037109375,-88.4299766744535,-62.835721309524786,75.71987566903279,9.7578125,-1.36328125,-0.578125,-0.001953125,0.0078125,0.0,-98.57393247573724,-84.9677573379018,75.71018274754893,166.728515625,0.000250007629627369,2.8965883968626973
13.239339281000014,8.60546875,-4.5625,-0.01171875,0.04296875,0.04296875,-0.0234375,-88.31637326104206,-62.823705680120355,75.59572806851244,9.7578125,-1.36328125,-0.578125,-0.001953125,0.0078125,0.0,-97.04726822115241,-85.0284053685055,74.21920117299463,166.728515625,0.000250007629627369,2.9393397015289775
13.25859410199999,8.72265625,-4.4453125,0.140625,0.04296875,0.04296875,-0.0234375,-88.31637326104206,-62.823705680120355,75.59572806851244,9.796875,-0.828125,-0.50390625,0.017578125,0.1171875,-0.02734375,-97.04726822115241,-85.0284053685055,74.21920117299463,166.81640625,0.00037501144444105353,2.9393397015289775
13.275791204,8.72265625,-4.4453125,0.140625,0.04296875,0.04296875,-0.0234375,-88.31637326104206,-62.823705680120355,75.59572806851244,9.796875,-0.828125,-0.50390625,0.017578125,0.1171875,-0.02734375,-97.04726822115241,-85.0284053685055,74.21920117299463,166.81640625,0.00037501144444105353,2.9674655598620565
13.28094918299999,8.72265625,-4.4453125,0.140625,0.04296875,0.04296875,-0.0234375,-88.31637326104206,-62.823705680120355,75.59572806851244,9.796875,-0.828125,-0.50390625,0.017578125,0.1171875,-0.02734375,-97.04726822115241,-85.0284053685055,74.21920117299463,166.81640625,0.000500015259254738,2.9674655598620565
13.286058010000005,8.71875,-4.4453125,0.0625,0.064453125,0.083984375,-0.029296875,-87.82382081448287,-62.88041659508922,75.19681299190125,9.80078125,-0.8671875,0.03515625,0.017578125,0.1171875,-0.02734375,-93.07281316781584,-85.1500622515779,70.2963815988851,166.81640625,0.000500015259254738,2.958215277565844
13.308200134999993,8.71875,-4.4453125,0.0625,0.064453125,0.083984375,-0.029296875,-87.82382081448287,-62.88041659508922,75.19681299190125,9.80078125,-0.8671875,0.03515625,0.005859375,0.07421875,-0.033203125,-93.07281316781584,-85.1500622515779,70.2963815988851,166.81640625,0.000250007629627369,2.958215277565844
13.318948946999996,8.71875,-4.4453125,0.0625,0.064453125,0.083984375,-0.029296875,-87.82382081448287,-62.88041659508922,75.19681299190125,9.80078125,-0.8671875,0.03515625,0.005859375,0.07421875,-0.033203125,-93.07281316781584,-85.1500622515779,70.2963815988851,166.81640625,0.000250007629627369,2.7720845973082677
13.324049454999994,8.80078125,-4.41015625,0.21875,0.064453125,0.083984375,-0.029296875,-87.82382081448287,-62.88041659508922,75.19681299190125,9.69140625,-0.63671875,0.9140625,0.005859375,0.07421875,-0.033203125,-93.07281316781584,-85.1500622515779,70.2963815988851,166.81640625,0.000500015259254738,2.7720845973082677
13.339082854999987,8.80078125,-4.41015625,0.21875,0.001953125,-0.015625,-0.029296875,-87.46381109737315,-62.964178425102425,74.88508891180456,9.69140625,-0.63671875,0.9140625,0.005859375,0.07421875,-0.033203125,-92.6857328724849,-85.18278990007835,69.91125823214139,166.81640625,0.000500015259254738,2.300695211645863
13.35787624599999,8.71875,-4.33203125,0.21875,0.001953125,-0.015625,-0.029296875,-87.46381109737315,-62.964178425102425,74.88508891180456,9.5703125,-0.484375,0.9921875,0.0,-0.119140625,0.00390625,-92.6857328724849,-85.18278990007835,69.91125823214139,166.728515625,0.0001250038148136845,2.300695211645863
13.375054468000002,8.71875,-4.33203125,0.21875,0.001953125,-0.015625,-0.029296875,-87.46381109737315,-62.964178425102425,74.88508891180456,9.5703125,-0.484375,0.9921875,0.0,-0.119140625,0.00390625,-92.6857328724849,-85.18278990007835,69.91125823214139,166.81640625,0.0001250038148136845,0.36988628803369245
13.380246174000007,8.71875,-4.33203125,0.21875,0.001953125,-0.015625,-0.029296875,-87.46381109737315,-62.964178425102425,74.88508891180456,9.5703125,-0.484375,0.9921875,0.0,-0.119140625,0.00390625,-92.6857328724849,-85.18278990007835,69.91125823214139,166.728515625,0.0001250038148136845,0.36988628803369245
13.38537042499999,8.71875,-4.33203125,0.21875,-0.072265625,-0.15625,0.021484375,-88.14337742478095,-62.98167339105243,75.5241765165922,9.609375,-0.484375,0.5703125,0.0,-0.119140625,0.00390625,-97.92041050037506,-85.13642344152738,75.14381339529669,166.81640625,0.0001250038148136845,0.08050245674001283
13.408252215000005,8.71875,-4.33203125,0.21875,-0.072265625,-0.15625,0.021484375,-88.14337742478095,-62.98167339105243,75.5241765165922,9.609375,-0.484375,0.5703125,-0.00390625,-0.21484375,0.056640625,-97.92041050037506,-85.13642344152738,75.14381339529669,166.728515625,0.0,0.08050245674001283
13.419151488000011,8.71875,-4.41015625,0.02734375,-0.072265625,-0.15625,0.021484375,-88.14337742478095,-62.98167339105243,75.5241765165922,9.6484375,-0.4453125,-0.04296875,-0.00390625,-0.21484375,0.056640625,-97.92041050037506,-85.13642344152738,75.14381339529669,166.728515625,0.0,0.005750175481429487
13.432124928999997,8.71875,-4.41015625,0.02734375,-0.0078125,-0.23828125,0.1015625,-89.41264975647692,-62.83815999812745,76.72820426464945,9.6484375,-0.4453125,-0.04296875,-0.00390625,-0.21484375,0.056640625,-97.92041050037506,-85.13642344152738,75.14381339529669,166.81640625,0.000500015259254738,0.005750175481429487
13.446318601999991,8.71875,-4.41015625,0.02734375,-0.0078125,-0.23828125,0.1015625,-89.41264975647692,-62.83815999812745,76.72820426464945,9.6484375,-0.4453125,-0.04296875,-0.00390625,-0.21484375,0.056640625,-97.92041050037506,-85.13642344152738,75.14381339529669,166.81640625,0.000500015259254738,0.012125370036927397
13.45146218100001,8.6015625,-4.75390625,-0.55078125,-0.0078125,-0.23828125,0.1015625,-89.41264975647692,-62.83815999812745,76.72820426464945,9.69140625,-0.9453125,-0.46484375,0.388671875,-0.20703125,0.1484375,-103.90558564438167,-84.73696757262086,81.35229915828324,166.81640625,0.0006250190740684225,0.012125370036927397
13.470710026000006,8.6015625,-4.75390625,-0.55078125,-0.0078125,-0.23828125,0.1015625,-89.41264975647692,-62.83815999812745,76.72820426464945,9.69140625,-0.9453125,-0.46484375,0.388671875,-0.20703125,0.1484375,-103.90558564438167,-84.73696757262086,81.35229915828324,166.728515625,0.0006250190740684225,0.000500015259254738
13.475849509,8.6015625,-4.75390625,-0.55078125,-0.0078125,-0.23828125,0.1015625,-89.41264975647692,-62.83815999812745,76.72820426464945,9.69140625,-0.9453125,-0.46484375,0.388671875,-0.20703125,0.1484375,-103.90558564438167,-84.73696757262086,81.35229915828324,166.728515625,0.0001250038148136845,0.000500015259254738
13.480976096000006,8.57421875,-4.9453125,-0.625,0.529296875,-0.384765625,0.140625,-90.47218926881537,-62.425886342548225,78.79568884436888,9.8359375,-1.671875,-0.6953125,0.388671875,-0.20703125,0.1484375,-103.90558564438167,-84.73696757262086,81.35229915828324,166.728515625,0.0001250038148136845,0.002250068666646321
13.500533439999998,8.57421875,-4.9453125,-0.625,0.529296875,-0.384765625,0.140625,-90.47218926881537,-62.425886342548225,78.79568884436888,9.8359375,-1.671875,-0.6953125,0.388671875,-0.20703125,0.1484375,-106.72365753345254,-84.20715025626274,85.63320447330008,166.728515625,0.00037501144444105353,0.002250068666646321
13.510301822999992,8.57421875,-4.9453125,-0.625,0.529296875,-0.384765625,0.140625,-90.47218926881537,-62.425886342548225,78.79568884436888,10.03515625,-1.13671875,-0.9609375,0.3828125,-0.09765625,0.087890625,-106.72365753345254,-84.20715025626274,85.63320447330008,166.728515625,0.00037501144444105353,0.312634540849025
13.523111684000014,8.7578125,-4.41015625,0.71484375,0.529296875,-0.384765625,0.140625,-90.47218926881537,-62.425886342548225,78.79568884436888,10.03515625,-1.13671875,-0.9609375,0.3828125,-0.09765625,0.087890625,-106.72365753345254,-84.20715025626274,85.63320447330008,166.728515625,0.00037501144444105353,0.312634540849025
13.533361946000014,8.7578125,-4.41015625,0.71484375,-0.08203125,0.099609375,-0.005859375,-90.59313324224235,-62.19953985557721,79.97052831567355,9.9140625,-0.75390625,-0.88671875,0.3828125,-0.09765625,0.087890625,-106.72365753345254,-84.20715025626274,85.63320447330008,166.728515625,0.00037501144444105353,1.2137870418408765
13.552961143999994,8.76171875,-4.0234375,1.09765625,-0.08203125,0.099609375,-0.005859375,-90.59313324224235,-62.19953985557721,79.97052831567355,9.9140625,-0.75390625,-0.88671875,-0.185546875,0.1171875,-0.044921875,-106.13609593932185,-84.10151122998953,85.32137599452096,166.640625,0.000250007629627369,1.2137870418408765
13.574662482000008,8.76171875,-4.0234375,1.09765625,-0.08203125,0.099609375,-0.005859375,-90.59313324224235,-62.19953985557721,79.97052831567355,9.76171875,-1.78515625,-0.38671875,-0.185546875,0.1171875,-0.044921875,-106.13609593932185,-84.10151122998953,85.32137599452096,166.728515625,0.000250007629627369,2.050812585833308
13.584303446000007,8.60546875,-4.9453125,-0.81640625,0.10546875,0.0546875,-0.068359375,-90.09078677610066,-62.361538252070204,79.11900456054472,9.76171875,-1.78515625,-0.38671875,-0.185546875,0.1171875,-0.044921875,-106.13609593932185,-84.10151122998953,85.32137599452096,166.728515625,0.000500015259254738,2.050812585833308
13.599319250000008,8.60546875,-4.9453125,-0.81640625,0.10546875,0.0546875,-0.068359375,-90.09078677610066,-62.361538252070204,79.11900456054472,9.76171875,-1.78515625,-0.38671875,-0.185546875,0.1171875,-0.044921875,-104.18734620848241,-84.33622382785252,83.22418664225054,166.728515625,0.000500015259254738,2.056812768944365
13.608707420000002,8.796875,-4.33203125,0.1796875,0.10546875,0.0546875,-0.068359375,-90.09078677610066,-62.361538252070204,79.11900456054472,9.8359375,-1.09765625,-0.08203125,-0.0390625,0.076171875,-0.107421875,-104.18734620848241,-84.33622382785252,83.22418664225054,166.728515625,0.000250007629627369,2.056812768944365
13.626539169000011,8.796875,-4.33203125,0.1796875,0.10546875,0.0546875,-0.068359375,-90.09078677610066,-62.361538252070204,79.11900456054472,9.8359375,-1.09765625,-0.08203125,-0.0390625,0.076171875,-0.107421875,-104.18734620848241,-84.33622382785252,83.22418664225054,166.728515625,0.000250007629627369,1.1622854701376386
13.631669020999993,8.796875,-4.33203125,0.1796875,0.10546875,0.0546875,-0.068359375,-90.09078677610066,-62.361538252070204,79.11900456054472,9.8359375,-1.09765625,-0.08203125,-0.0390625,0.076171875,-0.107421875,-104.18734620848241,-84.33622382785252,83.22418664225054,166.728515625,0.0007500228888821071,1.1622854701376386
13.636820121,8.80078125,-4.5625,-0.203125,0.083984375,0.0234375,-0.080078125,-89.70797756219375,-62.60344732071173,78.84919799182128,9.796875,-0.828125,-0.12109375,-0.0390625,0.076171875,-0.107421875,-102.6612515085726,-84.65261617315352,81.78129017192511,166.728515625,0.0007500228888821071,0.5380164189580982
13.659026535999999,8.80078125,-4.5625,-0.203125,0.083984375,0.0234375,-0.080078125,-89.70797756219375,-62.60344732071173,78.84919799182128,9.796875,-0.828125,-0.12109375,0.048828125,0.029296875,-0.08203125,-102.6612515085726,-84.65261617315352,81.78129017192511,166.728515625,0.00037501144444105353,0.5380164189580982
13.66966261799999,8.80078125,-4.5625,-0.203125,0.083984375,0.0234375,-0.080078125,-89.70797756219375,-62.60344732071173,78.84919799182128,9.71875,-0.5625,0.4921875,0.048828125,0.029296875,-0.08203125,-102.6612515085726,-84.65261617315352,81.78129017192511,166.728515625,0.00037501144444105353,0.05212659077730644
13.679437914999994,8.7578125,-4.4453125,0.37109375,-0.03515625,-0.005859375,-0.046875,-89.58947736809948,-62.797148109192925,78.86297312915184,9.71875,-0.5625,0.4921875,0.048828125,0.029296875,-0.08203125,-102.6612515085726,-84.65261617315352,81.78129017192511,166.728515625,0.000250007629627369,0.05212659077730644
13.693308172999991,8.7578125,-4.4453125,0.37109375,-0.03515625,-0.005859375,-0.046875,-89.58947736809948,-62.797148109192925,78.86297312915184,9.71875,-0.5625,0.4921875,0.048828125,0.029296875,-0.08203125,-102.6612515085726,-84.65261617315352,81.78129017192511,166.728515625,0.000250007629627369,0.029250892666402177
13.698845825999996,8.7578125,-4.4453125,0.37109375,-0.03515625,-0.005859375,-0.046875,-89.58947736809948,-62.797148109192925,78.86297312915184,9.71875,-0.40625,0.5703125,0.048828125,0.029296875,-0.08203125,-103.34846056962448,-84.83848523050472,82.49613359676665,166.728515625,0.00037501144444105353,0.029250892666402177
13.712391833999988,8.83984375,-4.5234375,-0.1640625,-0.03515625,-0.005859375,-0.046875,-89.58947736809948,-62.797148109192925,78.86297312915184,9.71875,-0.40625,0.5703125,0.037109375,-0.115234375,0.0078125,-103.34846056962448,-84.83848523050472,82.49613359676665,166.728515625,0.00037501144444105353,0.0027500839259010593
13.72592677099999,8.83984375,-4.5234375,-0.1640625,-0.03515625,-0.005859375,-0.046875,-89.58947736809948,-62.797148109192925,78.86297312915184,9.71875,-0.40625,0.5703125,0.037109375,-0.115234375,0.0078125,-103.34846056962448,-84.83848523050472,82.49613359676665,166.728515625,0.000250007629627369,0.0027500839259010593
13.731081837999994,8.83984375,-4.5234375,-0.1640625,-0.03515625,-0.005859375,-0.046875,-89.58947736809948,-62.797148109192925,78.86297312915184,9.71875,-0.40625,0.5703125,0.037109375,-0.115234375,0.0078125,-103.34846056962448,-84.83848523050472,82.49613359676665,166.728515625,0.000250007629627369,0.00037501144444105353
13.736108429000012,8.71875,-4.25390625,0.37109375,-0.046875,-0.138671875,0.03125,-90.1492811419022,-62.779326015136384,79.42235142811334,9.609375,-0.484375,0.37890625,0.037109375,-0.115234375,0.0078125,-106.96944601050818,-84.67920849941963,86.16080280780224,166.728515625,0.00037501144444105353,0.00037501144444105353
13.758928305000012,8.71875,-4.25390625,0.37109375,-0.046875,-0.138671875,0.03125,-90.1492811419022,-62.779326015136384,79.42235142811334,9.796875,-0.7890625,-0.04296875,-0.05859375,-0.173828125,0.02734375,-106.96944601050818,-84.67920849941963,86.16080280780224,166.728515625,0.00037501144444105353,0.00037501144444105353
13.773328536000008,8.796875,-4.484375,-0.203125,-0.046875,-0.138671875,0.03125,-90.1492811419022,-62.779326015136384,79.42235142811334,9.796875,-0.7890625,-0.04296875,-0.05859375,-0.173828125,0.02734375,-106.96944601050818,-84.67920849941963,86.16080280780224,166.728515625,0.000250007629627369,0.00037501144444105353
13.783667054999995,8.796875,-4.484375,-0.203125,-0.0625,-0.166015625,0.0546875,-91.2454735362824,-62.674486165344454,80.34745973693005,9.796875,-0.7890625,-0.04296875,-0.05859375,-0.173828125,0.02734375,-106.96944601050818,-84.67920849941963,86.16080280780224,166.728515625,0.000250007629627369,0.0006250190740684225
13.797981913000001,8.796875,-4.484375,-0.203125,-0.0625,-0.166015625,0.0546875,-91.2454735362824,-62.674486165344454,80.34745973693005,9.796875,-1.05859375,-0.50390625,-0.05859375,-0.173828125,0.02734375,-111.52855474906819,-84.41040164409199,90.70766302966533,166.728515625,0.0001250038148136845,0.0006250190740684225
13.81156315199999,8.68359375,-4.5625,-0.203125,-0.0625,-0.166015625,0.0546875,-91.2454735362824,-62.674486165344454,80.34745973693005,9.796875,-1.05859375,-0.50390625,-0.001953125,-0.169921875,0.025390625,-111.52855474906819,-84.41040164409199,90.70766302966533,166.728515625,0.0001250038148136845,0.0
13.823643428999986,8.68359375,-4.5625,-0.203125,-0.0625,-0.166015625,0.0546875,-91.2454735362824,-62.674486165344454,80.34745973693005,9.796875,-1.05859375,-0.50390625,-0.001953125,-0.169921875,0.025390625,-111.52855474906819,-84.41040164409199,90.70766302966533,166.728515625,0.00037501144444105353,0.0
13.829222073000011,8.68359375,-4.5625,-0.203125,-0.0625,-0.166015625,0.0546875,-91.2454735362824,-62.674486165344454,80.34745973693005,9.796875,-1.05859375,-0.50390625,-0.001953125,-0.169921875,0.025390625,-111.52855474906819,-84.41040164409199,90.70766302966533,166.728515625,0.00037501144444105353,0.000250007629627369
13.839864841999997,8.76171875,-4.484375,-0.203125,-0.0703125,-0.125,0.013671875,-92.20765604064688,-62.591432998531836,81.24129021536471,9.796875,-1.05859375,-0.50390625,-0.001953125,-0.169921875,0.025390625,-115.60600426856546,-84.15665851552131,94.77576003518155,166.728515625,0.000250007629627369,0.000250007629627369
13.860061249000012,8.76171875,-4.484375,-0.203125,-0.0703125,-0.125,0.013671875,-92.20765604064688,-62.591432998531836,81.24129021536471,9.87890625,-1.171875,-0.65625,-0.01171875,-0.123046875,-0.01171875,-115.60600426856546,-84.15665851552131,94.77576003518155,166.728515625,0.000250007629627369,0.00037501144444105353
13.873715511,8.76171875,-4.5234375,-0.28125,-0.0703125,-0.125,0.013671875,-92.20765604064688,-62.591432998531836,81.24129021536471,9.87890625,-1.171875,-0.65625,-0.01171875,-0.123046875,-0.01171875,-115.60600426856546,-84.15665851552131,94.77576003518155,166.728515625,0.000500015259254738,0.00037501144444105353
13.88406334199999,8.76171875,-4.5234375,-0.28125,-0.064453125,-0.0625,-0.029296875,-92.84884928089949,-62.61371895372285,81.7806908288241,9.7578125,-1.01953125,-0.578125,-0.01171875,-0.123046875,-0.01171875,-115.60600426856546,-84.15665851552131,94.77576003518155,166.728515625,0.000500015259254738,0.000500015259254738
13.903433172999996,8.64453125,-4.71484375,0.0625,-0.064453125,-0.0625,-0.029296875,-92.84884928089949,-62.61371895372285,81.7806908288241,9.7578125,-1.01953125,-0.578125,-0.306640625,-0.08984375,-0.0078125,-118.57262054531323,-84.10882671524375,97.64025911502225,166.728515625,0.0007500228888821071,0.000500015259254738
13.922686462000001,8.64453125,-4.71484375,0.0625,-0.064453125,-0.0625,-0.029296875,-92.84884928089949,-62.61371895372285,81.7806908288241,9.5703125,-0.75390625,-0.5390625,-0.306640625,-0.08984375,-0.0078125,-118.57262054531323,-84.10882671524375,97.64025911502225,166.728515625,0.0007500228888821071,0.00037501144444105353
13.932695418999998,8.4921875,-5.05859375,0.140625,-0.666015625,0.09375,0.044921875,-93.65897432969828,-62.651920348784564,81.62492455784047,9.5703125,-0.75390625,-0.5390625,-0.306640625,-0.08984375,-0.0078125,-118.57262054531323,-84.10882671524375,97.64025911502225,166.728515625,0.0006250190740684225,0.00037501144444105353
13.948857600999986,8.4921875,-5.05859375,0.140625,-0.666015625,0.09375,0.044921875,-93.65897432969828,-62.651920348784564,81.62492455784047,9.61328125,-0.67578125,-0.34765625,-0.306640625,-0.08984375,-0.0078125,-122.13035503426606,-83.89989665471379,99.70528707998936,166.81640625,0.0006250190740684225,0.00037501144444105353
13.964317748000013,8.7578125,-4.5625,-0.1640625,-0.666015625,0.09375,0.044921875,-93.65897432969828,-62.651920348784564,81.62492455784047,9.61328125,-0.67578125,-0.34765625,-0.908203125,-0.1484375,0.0546875,-122.13035503426606,-83.89989665471379,99.70528707998936,166.81640625,0.000500015259254738,0.00037501144444105353
13.981286474000001,8.7578125,-4.5625,-0.1640625,-0.666015625,0.09375,0.044921875,-93.65897432969828,-62.651920348784564,81.62492455784047,9.61328125,-0.67578125,-0.34765625,-0.908203125,-0.1484375,0.0546875,-122.13035503426606,-83.89989665471379,99.70528707998936,166.81640625,0.000500015259254738,0.000500015259254738
13.986481093000009,9.06640625,-3.796875,-1.0859375,-0.609375,0.046875,0.0390625,-94.99957536977973,-62.50985519438188,80.51151881143035,9.6484375,-0.59765625,-0.34765625,-0.009765625,-0.169921875,0.03515625,-126.7240075736898,-83.54522332813087,102.36571513881161,166.81640625,0.0007500228888821071,0.000500015259254738
14.018552948999996,9.06640625,-3.796875,-1.0859375,-0.609375,0.046875,0.0390625,-94.99957536977973,-62.50985519438188,80.51151881143035,9.6875,-1.13671875,-0.42578125,-0.009765625,-0.169921875,0.03515625,-126.7240075736898,-83.54522332813087,102.36571513881161,166.81640625,0.0007500228888821071,0.000500015259254738
14.027496199000012,8.80078125,-4.25390625,-1.0078125,-0.609375,0.046875,0.0390625,-94.99957536977973,-62.50985519438188,80.51151881143035,9.6875,-1.13671875,-0.42578125,-0.009765625,-0.169921875,0.03515625,-126.7240075736898,-83.54522332813087,102.36571513881161,166.81640625,0.000250007629627369,0.000500015259254738
14.03747881999999,8.80078125,-4.25390625,-1.0078125,0.228515625,-0.263671875,0.041015625,-96.04540524992277,-62.37326889241327,81.19396107972285,9.6875,-1.13671875,-0.42578125,-0.009765625,-0.169921875,0.03515625,-126.7240075736898,-83.54522332813087,102.36571513881161,166.81640625,0.000250007629627369,0.0007500228888821071
14.049794197000011,8.80078125,-4.25390625,-1.0078125,0.228515625,-0.263671875,0.041015625,-96.04540524992277,-62.37326889241327,81.19396107972285,9.609375,-1.36328125,-0.9609375,-0.009765625,-0.169921875,0.03515625,-128.8845056519057,-83.18708532227558,105.02559979262753,166.81640625,0.000250007629627369,0.0007500228888821071
14.063967552999998,8.53125,-4.6015625,-0.5859375,0.228515625,-0.263671875,0.041015625,-96.04540524992277,-62.37326889241327,81.19396107972285,9.609375,-1.36328125,-0.9609375,0.38671875,-0.123046875,0.015625,-128.8845056519057,-83.18708532227558,105.02559979262753,166.81640625,0.000250007629627369,0.000250007629627369
14.078756064999993,8.53125,-4.6015625,-0.5859375,0.228515625,-0.263671875,0.041015625,-96.04540524992277,-62.37326889241327,81.19396107972285,9.609375,-1.36328125,-0.9609375,0.38671875,-0.123046875,0.015625,-128.8845056519057,-83.18708532227558,105.02559979262753,166.81640625,0.000250007629627369,0.000250007629627369
14.083966107999998,8.796875,-4.29296875,0.5234375,-0.017578125,-0.126953125,-0.041015625,-96.74700333477747,-62.27854508864934,82.69851974490065,9.6875,-0.98046875,-0.6171875,0.38671875,-0.123046875,0.015625,-130.90464034618637,-83.03688542610685,107.52311541570093,166.81640625,0.000250007629627369,0.000500015259254738
14.11081934500001,8.796875,-4.29296875,0.5234375,-0.017578125,-0.126953125,-0.041015625,-96.74700333477747,-62.27854508864934,82.69851974490065,9.65234375,-0.98046875,-0.65625,-0.123046875,-0.123046875,-0.064453125,-130.90464034618637,-83.03688542610685,107.52311541570093,166.81640625,0.000250007629627369,0.000500015259254738
14.125038845000006,8.640625,-4.79296875,-0.85546875,-0.017578125,-0.126953125,-0.041015625,-96.74700333477747,-62.27854508864934,82.69851974490065,9.65234375,-0.98046875,-0.65625,-0.123046875,-0.123046875,-0.064453125,-130.90464034618637,-83.03688542610685,107.52311541570093,166.81640625,0.000250007629627369,0.000250007629627369
14.135730636999995,8.640625,-4.79296875,-0.85546875,-0.013671875,-0.048828125,-0.052734375,-97.51754816692996,-62.393177762478906,83.19551266622354,9.5703125,-1.48046875,-1.53515625,-0.123046875,-0.123046875,-0.064453125,-130.90464034618637,-83.03688542610685,107.52311541570093,166.81640625,0.000500015259254738,0.000250007629627369
14.153642448,8.640625,-4.79296875,-0.85546875,-0.013671875,-0.048828125,-0.052734375,-97.51754816692996,-62.393177762478906,83.19551266622354,9.5703125,-1.48046875,-1.53515625,-0.123046875,-0.123046875,-0.064453125,-133.7769279978336,-82.91593908979752,110.21471913597037,166.81640625,0.000500015259254738,0.0007500228888821071
14.163443440999998,8.296875,-5.05859375,-0.55078125,-0.013671875,-0.048828125,-0.052734375,-97.51754816692996,-62.393177762478906,83.19551266622354,9.5703125,-1.48046875,-1.53515625,-0.40625,-0.064453125,-0.05859375,-133.7769279978336,-82.91593908979752,110.21471913597037,166.81640625,0.00037501144444105353,0.0007500228888821071
14.177587742000014,8.296875,-5.05859375,-0.55078125,-0.013671875,-0.048828125,-0.052734375,-97.51754816692996,-62.393177762478906,83.19551266622354,9.37890625,-0.63671875,-1.84375,-0.40625,-0.064453125,-0.05859375,-133.7769279978336,-82.91593908979752,110.21471913597037,166.81640625,0.00037501144444105353,0.0
14.186631118000008,8.45703125,-4.984375,-0.43359375,-0.986328125,0.388671875,-0.0546875,-97.92482531507247,-62.62875145116948,82.37799139204566,9.37890625,-0.63671875,-1.84375,-0.40625,-0.064453125,-0.05859375,-133.7769279978336,-82.91593908979752,110.21471913597037,166.81640625,0.00037501144444105353,0.0
14.201486893000009,8.45703125,-4.984375,-0.43359375,-0.986328125,0.388671875,-0.0546875,-97.92482531507247,-62.62875145116948,82.37799139204566,9.53125,-0.25390625,-1.8046875,-1.498046875,-0.0625,0.005859375,-137.80296121413187,-82.91710916169038,111.99058392177503,166.81640625,0.00037501144444105353,0.0007500228888821071
14.218784827999997,8.95703125,-4.5234375,-0.89453125,-0.986328125,0.388671875,-0.0546875,-97.92482531507247,-62.62875145116948,82.37799139204566,9.53125,-0.25390625,-1.8046875,-1.498046875,-0.0625,0.005859375,-137.80296121413187,-82.91710916169038,111.99058392177503,166.81640625,0.0008750267036957916,0.0007500228888821071
14.228115814999995,8.95703125,-4.5234375,-0.89453125,-0.986328125,0.388671875,-0.0546875,-97.92482531507247,-62.62875145116948,82.37799139204566,9.53125,-0.25390625,-1.8046875,-1.498046875,-0.0625,0.005859375,-137.80296121413187,-82.91710916169038,111.99058392177503,166.81640625,0.0008750267036957916,0.0
14.233473279000009,8.95703125,-4.5234375,-0.89453125,-0.90234375,0.447265625,-0.005859375,-98.7257396055696,-62.85175041536523,79.23738361715806,9.72265625,-0.8671875,-1.23046875,-1.498046875,-0.0625,0.005859375,-137.80296121413187,-82.91710916169038,111.99058392177503,166.81640625,0.000250007629627369,0.0
14.252125236000012,9.76171875,-2.9140625,-0.81640625,-0.90234375,0.447265625,-0.005859375,-98.7257396055696,-62.85175041536523,79.23738361715806,9.72265625,-0.8671875,-1.23046875,0.015625,0.1953125,0.0,-140.9895272009343,-82.8888492604161,111.96443581610383,166.81640625,0.000250007629627369,0.0007500228888821071
14.268979884000004,9.76171875,-2.9140625,-0.81640625,-0.90234375,0.447265625,-0.005859375,-98.7257396055696,-62.85175041536523,79.23738361715806,9.6875,-0.4453125,-0.76953125,0.015625,0.1953125,0.0,-140.9895272009343,-82.8888492604161,111.96443581610383,166.81640625,0.0006250190740684225,0.0007500228888821071
14.278562545,9.76171875,-2.9140625,-0.81640625,-0.90234375,0.447265625,-0.005859375,-98.7257396055696,-62.85175041536523,79.23738361715806,9.6875,-0.4453125,-0.76953125,0.015625,0.1953125,0.0,-140.9895272009343,-82.8888492604161,111.96443581610383,166.81640625,0.0006250190740684225,0.0001250038148136845
14.28367627,8.80078125,-4.41015625,-0.39453125,0.109375,0.18359375,0.015625,-97.73107037741838,-62.976177549074265,77.59734165348519,9.6875,-0.4453125,-0.76953125,0.015625,0.1953125,0.0,-140.9895272009343,-82.8888492604161,111.96443581610383,166.81640625,0.000500015259254738,0.0001250038148136845
14.29811170100001,8.80078125,-4.41015625,-0.39453125,0.109375,0.18359375,0.015625,-97.73107037741838,-62.976177549074265,77.59734165348519,9.6875,-0.4453125,-0.76953125,0.015625,0.1953125,0.0,-140.9895272009343,-82.8888492604161,111.96443581610383,166.81640625,0.000500015259254738,0.000250007629627369
14.303201489999992,8.80078125,-4.41015625,-0.39453125,0.109375,0.18359375,0.015625,-97.73107037741838,-62.976177549074265,77.59734165348519,9.26953125,-0.75390625,-0.65625,0.001953125,0.212890625,0.01953125,-137.5400255475057,-83.30323123014938,108.4575832411788,166.81640625,0.000500015259254738,0.000250007629627369
14.322245183000007,8.6796875,-4.484375,-0.359375,0.109375,0.18359375,0.015625,-97.73107037741838,-62.976177549074265,77.59734165348519,9.26953125,-0.75390625,-0.65625,0.001953125,0.212890625,0.01953125,-137.5400255475057,-83.30323123014938,108.4575832411788,166.728515625,0.000500015259254738,0.000250007629627369
14.331138578000008,8.6796875,-4.484375,-0.359375,0.109375,0.18359375,0.015625,-97.73107037741838,-62.976177549074265,77.59734165348519,9.30859375,-1.01953125,-0.00390625,0.001953125,0.212890625,0.01953125,-137.5400255475057,-83.30323123014938,108.4575832411788,166.728515625,0.000500015259254738,0.000250007629627369
14.340902516,8.64453125,-4.5625,-0.2421875,0.046875,0.080078125,0.0078125,-96.66680935180675,-63.011914788541254,76.61749502355626,9.30859375,-1.01953125,-0.00390625,0.001953125,0.212890625,0.01953125,-134.26390237245704,-83.6729348980291,105.14142539987549,166.728515625,0.000500015259254738,0.0001250038148136845
14.362874825000006,8.64453125,-4.5625,-0.2421875,0.046875,0.080078125,0.0078125,-96.66680935180675,-63.011914788541254,76.61749502355626,9.30859375,-1.09765625,0.5703125,-0.10546875,0.056640625,-0.005859375,-134.26390237245704,-83.6729348980291,105.14142539987549,166.728515625,0.0,0.0001250038148136845
14.376217413000006,8.64453125,-4.5625,-0.2421875,0.046875,0.080078125,0.0078125,-96.66680935180675,-63.011914788541254,76.61749502355626,9.30859375,-1.09765625,0.5703125,-0.10546875,0.056640625,-0.005859375,-134.26390237245704,-83.6729348980291,105.14142539987549,166.728515625,0.0,0.0
14.383484407999987,8.953125,-4.75390625,-0.625,-0.03515625,0.05078125,-0.00390625,-96.67878821700505,-63.022911563300134,76.53172973101589,9.69140625,-0.98046875,-0.50390625,-0.10546875,0.056640625,-0.005859375,-134.26390237245704,-83.6729348980291,105.14142539987549,166.728515625,0.000500015259254738,0.0
14.404268290999994,8.953125,-4.75390625,-0.625,-0.03515625,0.05078125,-0.00390625,-96.67878821700505,-63.022911563300134,76.53172973101589,9.69140625,-0.98046875,-0.50390625,-0.10546875,0.056640625,-0.005859375,-135.42284231193847,-83.59834477476106,106.15890177637039,166.81640625,0.000500015259254738,0.000500015259254738
14.415296653000013,9.02734375,-4.140625,-0.85546875,-0.03515625,0.05078125,-0.00390625,-96.67878821700505,-63.022911563300134,76.53172973101589,9.30859375,-0.21484375,-1.34375,0.12109375,-0.080078125,-0.0078125,-135.42284231193847,-83.59834477476106,106.15890177637039,166.728515625,0.000250007629627369,0.000500015259254738
14.43602946499999,8.83984375,-3.7578125,0.1796875,0.0,0.0,-0.015625,-96.5596943676262,-63.081821681780895,76.5081000311725,9.30859375,-0.21484375,-1.34375,0.12109375,-0.080078125,-0.0078125,-135.82882384301953,-83.56318659256269,106.68997108167613,166.728515625,0.000250007629627369,0.0007500228888821071
14.461031283000011,8.83984375,-3.7578125,0.1796875,0.0,0.0,-0.015625,-96.5596943676262,-63.081821681780895,76.5081000311725,9.3359375,-0.3671875,-1.0,-0.01171875,0.0703125,0.015625,-135.82882384301953,-83.56318659256269,106.68997108167613,166.728515625,0.000250007629627369,0.0007500228888821071
14.475315196999986,8.984375,-4.484375,-0.55078125,0.0,0.0,-0.015625,-96.5596943676262,-63.081821681780895,76.5081000311725,9.3359375,-0.3671875,-1.0,-0.01171875,0.0703125,0.015625,-135.82882384301953,-83.56318659256269,106.68997108167613,166.728515625,0.000250007629627369,0.00037501144444105353
14.485535158000005,8.984375,-4.484375,-0.55078125,-0.05078125,0.0703125,0.013671875,-96.48897654945326,-63.07450725115997,76.3286473172082,9.61328125,-0.98046875,-0.65625,-0.01171875,0.0703125,0.015625,-135.82882384301953,-83.56318659256269,106.68997108167613,166.728515625,0.00037501144444105353,0.00037501144444105353
14.504935195999991,8.984375,-4.484375,-0.55078125,-0.05078125,0.0703125,0.013671875,-96.48897654945326,-63.07450725115997,76.3286473172082,9.61328125,-0.98046875,-0.65625,-0.01171875,0.0703125,0.015625,-134.6477470909997,-83.63847958727634,105.39479512846762,166.728515625,0.00037501144444105353,0.000500015259254738
14.515126742000007,8.9140625,-4.63671875,-0.6640625,-0.05078125,0.0703125,0.013671875,-96.48897654945326,-63.07450725115997,76.3286473172082,9.37890625,-0.8671875,-0.6953125,0.02734375,0.0234375,0.03125,-134.6477470909997,-83.63847958727634,105.39479512846762,166.728515625,0.0006250190740684225,0.000500015259254738
14.53396311200001,8.7578125,-4.29296875,-0.1640625,0.005859375,0.0234375,0.017578125,-96.11770629492672,-63.02966899638717,75.97081187501752,9.37890625,-0.8671875,-0.6953125,0.02734375,0.0234375,0.03125,-134.6477470909997,-83.63847958727634,105.39479512846762,166.728515625,0.0006250190740684225,0.00037501144444105353
14.549934992999994,8.7578125,-4.29296875,-0.1640625,0.005859375,0.0234375,0.017578125,-96.11770629492672,-63.02966899638717,75.97081187501752,9.37890625,-0.8671875,-0.6953125,0.02734375,0.0234375,0.03125,-134.6477470909997,-83.63847958727634,105.39479512846762,166.728515625,0.000250007629627369,0.00037501144444105353
14.555167723000011,8.7578125,-4.29296875,-0.1640625,0.005859375,0.0234375,0.017578125,-96.11770629492672,-63.02966899638717,75.97081187501752,9.4140625,-0.8671875,-0.5390625,-0.01171875,0.037109375,0.01953125,-133.41458244391117,-83.6485276709945,104.15900794395004,166.728515625,0.000250007629627369,0.000250007629627369
14.574370554000012,8.984375,-4.5234375,-0.43359375,0.005859375,0.0234375,0.017578125,-96.11770629492672,-63.02966899638717,75.97081187501752,9.4140625,-0.8671875,-0.5390625,-0.01171875,0.037109375,0.01953125,-133.41458244391117,-83.6485276709945,104.15900794395004,166.728515625,0.0001250038148136845,0.000250007629627369
14.584579028999997,8.984375,-4.5234375,-0.43359375,0.01171875,0.033203125,0.0234375,-95.95936061877686,-63.00467995210703,75.80127837719213,9.4921875,-0.8671875,-0.578125,-0.01171875,0.037109375,0.01953125,-133.41458244391117,-83.6485276709945,104.15900794395004,166.728515625,0.0001250038148136845,0.0007500228888821071
14.60469237000001,8.875,-4.37109375,-0.39453125,0.01171875,0.033203125,0.0234375,-95.95936061877686,-63.00467995210703,75.80127837719213,9.41796875,-0.63671875,-0.65625,-0.02734375,0.015625,0.029296875,-132.49056925156842,-83.67356632813308,103.21056758638686,166.728515625,0.00037501144444105353,0.0007500228888821071
14.626066806000011,8.875,-4.37109375,-0.39453125,0.01171875,0.033203125,0.0234375,-95.95936061877686,-63.00467995210703,75.80127837719213,9.41796875,-0.63671875,-0.65625,-0.02734375,0.015625,0.029296875,-132.49056925156842,-83.67356632813308,103.21056758638686,166.728515625,0.00037501144444105353,0.0001250038148136845
14.63229874999999,8.875,-4.37109375,-0.39453125,0.01171875,0.033203125,0.0234375,-95.95936061877686,-63.00467995210703,75.80127837719213,9.41796875,-0.63671875,-0.65625,-0.02734375,0.015625,0.029296875,-132.49056925156842,-83.67356632813308,103.21056758638686,166.728515625,0.000250007629627369,0.0001250038148136845
14.638012400000008,8.9140625,-4.21875,-0.2421875,-0.12109375,0.064453125,0.001953125,-95.78875300007176,-62.95784550461939,75.50960759847193,9.4140625,-0.67578125,-0.578125,-0.02734375,0.015625,0.029296875,-132.1114565224693,-83.61859199820128,102.53029383941015,166.640625,0.000250007629627369,0.0001250038148136845
14.661211666000014,8.9140625,-4.21875,-0.2421875,-0.12109375,0.064453125,0.001953125,-95.78875300007176,-62.95784550461939,75.50960759847193,9.4140625,-0.67578125,-0.578125,-0.166015625,0.005859375,0.009765625,-132.1114565224693,-83.61859199820128,102.53029383941015,166.640625,0.0001250038148136845,0.0001250038148136845
14.671006261000002,8.95703125,-4.29296875,-0.3203125,-0.12109375,0.064453125,0.001953125,-95.78875300007176,-62.95784550461939,75.50960759847193,9.4140625,-0.67578125,-0.578125,-0.166015625,0.005859375,0.009765625,-132.1114565224693,-83.61859199820128,102.53029383941015,166.640625,0.0001250038148136845,0.00037501144444105353
14.680457407000006,8.95703125,-4.29296875,-0.3203125,-0.12109375,0.064453125,0.001953125,-95.78875300007176,-62.95784550461939,75.50960759847193,9.41796875,-0.98046875,-0.578125,-0.166015625,0.005859375,0.009765625,-132.1114565224693,-83.61859199820128,102.53029383941015,166.640625,0.017250526444288462,0.00037501144444105353
14.690894358000008,8.9140625,-4.484375,-0.3203125,-0.28125,0.142578125,-0.064453125,-95.92972728147743,-63.02966899638717,75.10604299817079,9.375,-1.2109375,-0.5390625,-0.318359375,-0.05859375,-0.03515625,-133.20396646821104,-83.61707123785192,102.87592276175054,166.552734375,0.017250526444288462,0.0
14.723573665000004,8.9140625,-4.484375,-0.3203125,-0.28125,0.142578125,-0.064453125,-95.92972728147743,-63.02966899638717,75.10604299817079,9.375,-1.2109375,-0.5390625,-0.318359375,-0.05859375,-0.03515625,-133.20396646821104,-83.61707123785192,102.87592276175054,166.552734375,1.0120308847315898,0.0
14.728710269999993,8.9140625,-4.484375,-0.3203125,-0.28125,0.142578125,-0.064453125,-95.92972728147743,-63.02966899638717,75.10604299817079,9.375,-1.2109375,-0.5390625,-0.318359375,-0.05859375,-0.03515625,-133.20396646821104,-83.61707123785192,102.87592276175054,166.552734375,1.0120308847315898,0.0001250038148136845
14.733864603,8.953125,-4.5625,-0.77734375,-0.2734375,0.08984375,-0.111328125,-96.18125412026822,-63.28674189910772,74.39106305823186,9.453125,-1.2890625,-0.80859375,-0.318359375,-0.05859375,-0.03515625,-133.20396646821104,-83.61707123785192,102.87592276175054,166.552734375,1.3402909024323253,0.0001250038148136845
14.753432898,8.953125,-4.5625,-0.77734375,-0.2734375,0.08984375,-0.111328125,-96.18125412026822,-63.28674189910772,74.39106305823186,9.453125,-1.2890625,-0.80859375,-0.318359375,-0.05859375,-0.03515625,-136.357866349811,-83.56960217444558,105.18002755106345,166.552734375,1.3402909024323253,0.0006250190740684225
14.763177861999992,8.953125,-4.5625,-0.77734375,-0.2734375,0.08984375,-0.111328125,-96.18125412026822,-63.28674189910772,74.39106305823186,9.453125,-1.2890625,-0.80859375,-0.125,-0.033203125,-0.095703125,-136.357866349811,-83.56960217444558,105.18002755106345,166.552734375,2.073438276314585,0.0006250190740684225
14.773391457999992,9.0625,-4.5625,-0.28125,-0.2734375,0.08984375,-0.111328125,-96.18125412026822,-63.28674189910772,74.39106305823186,9.65234375,-1.5546875,-0.65625,-0.125,-0.033203125,-0.095703125,-136.357866349811,-83.56960217444558,105.18002755106345,166.46484375,2.073438276314585,0.000250007629627369
14.786075213000004,9.0625,-4.5625,-0.28125,-0.1484375,-0.033203125,-0.162109375,-96.97780171709591,-63.638369305629915,74.58791651496466,9.65234375,-1.5546875,-0.65625,-0.125,-0.033203125,-0.095703125,-136.357866349811,-83.56960217444558,105.18002755106345,166.46484375,2.3526967986083562,0.000250007629627369
14.80036985000001,9.1796875,-4.37109375,-0.51171875,-0.1484375,-0.033203125,-0.162109375,-96.97780171709591,-63.638369305629915,74.58791651496466,9.57421875,-1.13671875,-0.73046875,-0.126953125,-0.0546875,-0.19921875,-140.14595230930897,-83.68980751552073,108.55771366882901,166.46484375,2.3526967986083562,0.0006250190740684225
14.822842664999996,9.1796875,-4.37109375,-0.51171875,-0.1484375,-0.033203125,-0.162109375,-96.97780171709591,-63.638369305629915,74.58791651496466,9.57421875,-1.13671875,-0.73046875,-0.126953125,-0.0546875,-0.19921875,-140.14595230930897,-83.68980751552073,108.55771366882901,166.46484375,2.527952146977142,0.0006250190740684225
14.827975302999988,9.2578125,-3.94921875,-0.47265625,-0.1484375,-0.033203125,-0.162109375,-96.97780171709591,-63.638369305629915,74.58791651496466,9.57421875,-1.13671875,-0.73046875,-0.126953125,-0.0546875,-0.19921875,-140.14595230930897,-83.68980751552073,108.55771366882901,166.552734375,2.527952146977142,0.000250007629627369
14.837928358999989,9.2578125,-3.94921875,-0.47265625,-0.0703125,-0.01171875,-0.21875,-97.55143327773649,-64.18525720146731,74.84504333826636,9.53125,-0.5234375,-0.80859375,-0.126953125,-0.0546875,-0.19921875,-140.14595230930897,-83.68980751552073,108.55771366882901,166.552734375,2.595704214606159,0.000250007629627369
14.856340869000007,9.2578125,-3.94921875,-0.47265625,-0.0703125,-0.01171875,-0.21875,-97.55143327773649,-64.18525720146731,74.84504333826636,9.53125,-0.5234375,-0.80859375,0.0,0.01953125,-0.22265625,-145.52551615178422,-83.98471592284488,113.71951852488996,166.552734375,2.595704214606159,0.000500015259254738
14.87030028000001,9.26171875,-3.91015625,-0.47265625,-0.0703125,-0.01171875,-0.21875,-97.55143327773649,-64.18525720146731,74.84504333826636,9.5703125,-0.29296875,-1.0390625,0.0,0.01953125,-0.22265625,-145.52551615178422,-83.98471592284488,113.71951852488996,166.552734375,2.6093296304208504,0.000500015259254738
14.88345141900001,9.26171875,-3.91015625,-0.47265625,-0.0703125,-0.01171875,-0.21875,-97.55143327773649,-64.18525720146731,74.84504333826636,9.5703125,-0.29296875,-1.0390625,0.0,0.01953125,-0.22265625,-145.52551615178422,-83.98471592284488,113.71951852488996,166.552734375,2.6093296304208504,0.001000030518509476
14.888595479000003,9.21875,-3.98828125,-0.5859375,0.0234375,-0.01171875,-0.2109375,-97.91609541403977,-64.81170067417314,75.21760953098355,9.5703125,-0.29296875,-1.0390625,0.0,0.01953125,-0.22265625,-145.52551615178422,-83.98471592284488,113.71951852488996,166.552734375,2.6050795007171854,0.001000030518509476
14.902386925999991,9.21875,-3.98828125,-0.5859375,0.0234375,-0.01171875,-0.2109375,-97.91609541403977,-64.81170067417314,75.21760953098355,9.53515625,-0.29296875,-0.92578125,0.0234375,0.041015625,-0.19140625,-150.20590229576388,-84.38449386822336,118.4375023957223,166.552734375,2.6050795007171854,0.00037501144444105353
14.920588847000005,9.21875,-3.98828125,-0.5859375,0.0234375,-0.01171875,-0.2109375,-97.91609541403977,-64.81170067417314,75.21760953098355,9.53515625,-0.29296875,-0.92578125,0.0234375,0.041015625,-0.19140625,-150.20590229576388,-84.38449386822336,118.4375023957223,166.552734375,2.4832007812738426,0.00037501144444105353
14.925936296000003,9.10546875,-4.1015625,-0.47265625,0.0234375,-0.01171875,-0.2109375,-97.91609541403977,-64.81170067417314,75.21760953098355,9.53515625,-0.29296875,-0.76953125,0.0234375,0.041015625,-0.19140625,-150.20590229576388,-84.38449386822336,118.4375023957223,166.552734375,2.4832007812738426,0.0
14.940548911000008,9.10546875,-4.1015625,-0.47265625,0.052734375,0.021484375,-0.162109375,-97.87108396236195,-65.3346223478995,75.30397913357051,9.53515625,-0.29296875,-0.76953125,0.0234375,0.041015625,-0.19140625,-150.20590229576388,-84.38449386822336,118.4375023957223,166.552734375,2.3001951963866087,0.0
14.95413434599999,9.10546875,-4.1015625,-0.47265625,0.052734375,0.021484375,-0.162109375,-97.87108396236195,-65.3346223478995,75.30397913357051,9.53515625,-0.29296875,-0.76953125,0.0234375,0.041015625,-0.19140625,-154.07791777003953,-84.74677764979745,122.41186444415621,166.552734375,2.3001951963866087,0.000250007629627369
14.963887598000014,8.98828125,-3.91015625,-0.43359375,0.052734375,0.021484375,-0.162109375,-97.87108396236195,-65.3346223478995,75.30397913357051,9.33984375,0.08984375,-0.88671875,-0.0078125,0.064453125,-0.140625,-154.07791777003953,-84.74677764979745,122.41186444415621,166.640625,2.048812524796289,0.000250007629627369
14.982625285000012,8.98828125,-3.91015625,-0.43359375,0.052734375,0.021484375,-0.162109375,-97.87108396236195,-65.3346223478995,75.30397913357051,9.33984375,0.08984375,-0.88671875,-0.0078125,0.064453125,-0.140625,-154.07791777003953,-84.74677764979745,122.41186444415621,166.640625,2.048812524796289,0.0006250190740684225
14.98778854599999,9.1015625,-3.7578125,-0.6640625,0.037109375,0.107421875,-0.03515625,-97.47410832639461,-65.6692864788611,75.02990927590186,9.41796875,0.703125,-1.5,-0.0078125,0.064453125,-0.140625,-154.07791777003953,-84.74677764979745,122.41186444415621,166.640625,1.8738071840571309,0.0006250190740684225
15.006593718999994,9.1015625,-3.7578125,-0.6640625,0.037109375,0.107421875,-0.03515625,-97.47410832639461,-65.6692864788611,75.02990927590186,9.41796875,0.703125,-1.5,-0.041015625,0.14453125,0.037109375,-155.48205927412783,-85.07676594830538,123.81639903106304,166.640625,1.8738071840571309,0.000500015259254738
15.020480716000009,9.06640625,-4.41015625,-0.51171875,0.037109375,0.107421875,-0.03515625,-97.47410832639461,-65.6692864788611,75.02990927590186,9.6484375,-0.29296875,-1.23046875,-0.041015625,0.14453125,0.037109375,-155.48205927412783,-85.07676594830538,123.81639903106304,166.640625,2.0166865443891724,0.000500015259254738
15.033906825999992,9.06640625,-4.41015625,-0.51171875,0.037109375,0.107421875,-0.03515625,-97.47410832639461,-65.6692864788611,75.02990927590186,9.6484375,-0.29296875,-1.23046875,-0.041015625,0.14453125,0.037109375,-155.48205927412783,-85.07676594830538,123.81639903106304,166.640625,2.0166865443891724,0.0001250038148136845
15.039004102999996,9.06640625,-4.41015625,-0.51171875,-0.05859375,0.169921875,0.025390625,-96.56542911303664,-65.6762263433783,74.03387016607637,9.6484375,-0.29296875,-1.23046875,-0.041015625,0.14453125,0.037109375,-155.48205927412783,-85.07676594830538,123.81639903106304,166.552734375,2.2645691091647087,0.0001250038148136845
15.052926235000001,9.0234375,-4.140625,-0.703125,-0.05859375,0.169921875,0.025390625,-96.56542911303664,-65.6762263433783,74.03387016607637,9.49609375,-0.59765625,-0.234375,-0.25,0.05859375,0.029296875,-152.12560043865653,-85.41823817608054,120.13873666563111,166.552734375,2.2645691091647087,0.00037501144444105353
15.07511921599999,9.0234375,-4.140625,-0.703125,-0.05859375,0.169921875,0.025390625,-96.56542911303664,-65.6762263433783,74.03387016607637,9.49609375,-0.59765625,-0.234375,-0.25,0.05859375,0.029296875,-152.12560043865653,-85.41823817608054,120.13873666563111,166.552734375,2.5394524979400006,0.00037501144444105353
15.080812258000009,9.0234375,-4.140625,-0.703125,-0.05859375,0.169921875,0.025390625,-96.56542911303664,-65.6762263433783,74.03387016607637,9.49609375,-0.59765625,-0.234375,-0.25,0.05859375,0.029296875,-152.12560043865653,-85.41823817608054,120.13873666563111,166.552734375,2.5394524979400006,0.0001250038148136845
15.085940383999997,9.14453125,-4.0625,-0.1640625,-0.1484375,0.046875,-0.037109375,-96.31851699561037,-65.72714516240364,73.22147490905108,9.65234375,-1.01953125,0.53125,-0.25,0.05859375,0.029296875,-152.12560043865653,-85.41823817608054,120.13873666563111,166.552734375,2.6239550767540516,0.0001250038148136845
15.105768769999997,9.14453125,-4.0625,-0.1640625,-0.1484375,0.046875,-0.037109375,-96.31851699561037,-65.72714516240364,73.22147490905108,9.65234375,-1.01953125,0.53125,-0.25,0.05859375,0.029296875,-152.17669616609834,-85.4740425978351,119.6873982147471,166.552734375,2.6239550767540516,0.00037501144444105353
15.115952701999987,9.10546875,-3.91015625,-0.12890625,-0.1484375,0.046875,-0.037109375,-96.31851699561037,-65.72714516240364,73.22147490905108,9.53515625,-1.09765625,0.76171875,-0.10546875,-0.111328125,-0.080078125,-152.17669616609834,-85.4740425978351,119.6873982147471,166.552734375,2.7440837427900022,0.00037501144444105353
15.134299932999994,9.10546875,-3.91015625,-0.12890625,-0.115234375,-0.12890625,-0.142578125,-97.03978482686503,-65.97167837382935,73.61272289034339,9.53515625,-1.09765625,0.76171875,-0.10546875,-0.111328125,-0.080078125,-152.17669616609834,-85.4740425978351,119.6873982147471,166.552734375,2.7440837427900022,0.000500015259254738
15.148162001999992,9.1015625,-3.87109375,-0.359375,-0.115234375,-0.12890625,-0.142578125,-97.03978482686503,-65.97167837382935,73.61272289034339,9.5703125,-0.71484375,-0.234375,-0.080078125,-0.19921875,-0.18359375,-158.49105628370035,-85.19093015088552,125.76683944561957,166.552734375,2.819961058381909,0.000500015259254738
15.171245013000004,9.1015625,-3.87109375,-0.359375,-0.115234375,-0.12890625,-0.142578125,-97.03978482686503,-65.97167837382935,73.61272289034339,9.5703125,-0.71484375,-0.234375,-0.080078125,-0.19921875,-0.18359375,-158.49105628370035,-85.19093015088552,125.76683944561957,166.552734375,2.819961058381909,0.000500015259254738
15.176387538,9.1015625,-3.87109375,-0.359375,-0.115234375,-0.12890625,-0.142578125,-97.03978482686503,-65.97167837382935,73.61272289034339,9.5703125,-0.71484375,-0.234375,-0.080078125,-0.19921875,-0.18359375,-158.49105628370035,-85.19093015088552,125.76683944561957,166.552734375,2.8374615924558246,0.000500015259254738
15.181888071999992,9.140625,-3.87109375,-0.47265625,-0.0546875,-0.10546875,-0.140625,-98.26924773812209,-66.37553685120916,74.61202204555053,9.61328125,-0.1015625,-1.34375,-0.080078125,-0.19921875,-0.18359375,-158.49105628370035,-85.19093015088552,125.76683944561957,166.552734375,2.8374615924558246,0.000500015259254738
15.19958798799999,9.140625,-3.87109375,-0.47265625,-0.0546875,-0.10546875,-0.140625,-98.26924773812209,-66.37553685120916,74.61202204555053,9.61328125,-0.1015625,-1.34375,-0.080078125,-0.19921875,-0.18359375,-158.49105628370035,-85.19093015088552,125.76683944561957,166.552734375,2.836211554307688,0.000500015259254738
15.204695697000005,9.140625,-3.87109375,-0.47265625,-0.0546875,-0.10546875,-0.140625,-98.26924773812209,-66.37553685120916,74.61202204555053,9.61328125,-0.1015625,-1.34375,-0.080078125,-0.19921875,-0.18359375,-165.43707851128474,-84.94010281690963,132.6254907443654,166.552734375,2.836211554307688,0.00037501144444105353
15.214493749000013,9.33984375,-3.6796875,-0.703125,-0.0546875,-0.10546875,-0.140625,-98.26924773812209,-66.37553685120916,74.61202204555053,9.69140625,0.20703125,-1.84375,-0.029296875,-0.041015625,-0.140625,-165.43707851128474,-84.94010281690963,132.6254907443654,166.552734375,2.7923352153080847,0.00037501144444105353
15.233212428000002,9.33984375,-3.6796875,-0.703125,-0.0546875,-0.10546875,-0.140625,-98.26924773812209,-66.37553685120916,74.61202204555053,9.69140625,0.20703125,-1.84375,-0.029296875,-0.041015625,-0.140625,-165.43707851128474,-84.94010281690963,132.6254907443654,166.640625,2.7923352153080847,0.0006250190740684225
15.238797889000011,9.296875,-3.48828125,-0.51171875,0.046875,0.03515625,-0.107421875,-98.69488663831227,-66.73430621012865,75.02237881648756,9.65234375,0.2421875,-1.84375,-0.029296875,-0.041015625,-0.140625,-169.39575602469105,-85.12980687849209,136.63371754157944,166.640625,2.681206823938719,0.0006250190740684225
15.263145164000008,9.296875,-3.48828125,-0.51171875,0.046875,0.03515625,-0.107421875,-98.69488663831227,-66.73430621012865,75.02237881648756,9.65234375,0.2421875,-1.84375,0.087890625,0.1796875,-0.11328125,-169.39575602469105,-85.12980687849209,136.63371754157944,166.640625,2.681206823938719,0.0006250190740684225
15.273316808000004,9.296875,-3.48828125,-0.51171875,0.046875,0.03515625,-0.107421875,-98.69488663831227,-66.73430621012865,75.02237881648756,9.65234375,0.2421875,-1.84375,0.087890625,0.1796875,-0.11328125,-169.39575602469105,-85.12980687849209,136.63371754157944,166.640625,2.24969365520188,0.0006250190740684225
15.278431909000005,9.30078125,-3.3359375,-0.43359375,0.046875,0.03515625,-0.107421875,-98.69488663831227,-66.73430621012865,75.02237881648756,9.57421875,0.47265625,-1.26953125,0.087890625,0.1796875,-0.11328125,-169.39575602469105,-85.12980687849209,136.63371754157944,166.728515625,2.24969365520188,0.000500015259254738
15.29362339299999,9.30078125,-3.3359375,-0.43359375,0.177734375,0.13671875,-0.052734375,-97.78073853761119,-67.02834586449212,74.38888777616934,9.57421875,0.47265625,-1.26953125,0.087890625,0.1796875,-0.11328125,-169.39575602469105,-85.12980687849209,136.63371754157944,166.728515625,1.821430585650197,0.000500015259254738
15.306756868000008,9.30078125,-3.3359375,-0.43359375,0.177734375,0.13671875,-0.052734375,-97.78073853761119,-67.02834586449212,74.38888777616934,9.57421875,0.58984375,-0.6171875,0.18359375,0.251953125,-0.017578125,-171.10952613245894,-85.78900831807829,138.65118097730445,166.728515625,1.821430585650197,0.000250007629627369
15.324530637999999,9.296875,-3.6796875,-0.359375,0.177734375,0.13671875,-0.052734375,-97.78073853761119,-67.02834586449212,74.38888777616934,9.57421875,0.58984375,-0.6171875,0.18359375,0.251953125,-0.017578125,-171.10952613245894,-85.78900831807829,138.65118097730445,166.728515625,0.5196408581804866,0.000250007629627369
15.336554597999992,9.484375,-2.4921875,-0.12890625,0.373046875,0.076171875,0.03125,-96.14759611666919,-67.08328985899207,73.43271323068684,9.57421875,0.6640625,-0.12109375,0.18359375,0.251953125,-0.017578125,-171.10952613245894,-85.78900831807829,138.65118097730445,166.728515625,0.5196408581804866,0.00037501144444105353
15.357708527,9.484375,-2.4921875,-0.12890625,0.373046875,0.076171875,0.03125,-96.14759611666919,-67.08328985899207,73.43271323068684,9.57421875,0.6640625,-0.12109375,0.38671875,0.193359375,-0.283203125,-169.6246241010654,-86.49593350326373,137.8726524673057,166.81640625,0.00037501144444105353,0.00037501144444105353
15.371889853999988,11.05859375,0.53515625,-0.55078125,0.373046875,0.076171875,0.03125,-96.14759611666919,-67.08328985899207,73.43271323068684,10.26171875,1.62109375,0.1875,0.38671875,0.193359375,-0.283203125,-169.6246241010654,-86.49593350326373,137.8726524673057,166.81640625,0.00037501144444105353,0.0001250038148136845
15.38628301700001,11.05859375,0.53515625,-0.55078125,0.423828125,-0.08203125,-0.451171875,-95.29206729372902,-67.69000841498205,73.77256513682558,10.26171875,1.62109375,0.1875,0.38671875,0.193359375,-0.283203125,-169.6246241010654,-86.49593350326373,137.8726524673057,166.904296875,0.00037501144444105353,0.0001250038148136845
15.401404197999994,11.05859375,0.53515625,-0.55078125,0.423828125,-0.08203125,-0.451171875,-95.29206729372902,-67.69000841498205,73.77256513682558,10.26171875,1.62109375,0.1875,0.38671875,0.193359375,-0.283203125,-169.6246241010654,-86.49593350326373,137.8726524673057,166.904296875,0.00037501144444105353,0.0006250190740684225
15.406562017999988,10.10546875,-1.3828125,-0.55078125,0.423828125,-0.08203125,-0.451171875,-95.29206729372902,-67.69000841498205,73.77256513682558,9.76171875,1.5859375,-0.2734375,0.369140625,0.03515625,-0.580078125,170.1980863796753,-86.97612032631434,159.24414896667267,166.9921875,0.000250007629627369,0.0006250190740684225
15.426105866,10.10546875,-1.3828125,-0.55078125,0.423828125,-0.08203125,-0.451171875,-95.29206729372902,-67.69000841498205,73.77256513682558,9.76171875,1.5859375,-0.2734375,0.369140625,0.03515625,-0.580078125,170.1980863796753,-86.97612032631434,159.24414896667267,166.9921875,0.000250007629627369,0.000500015259254738
15.431635615999994,10.10546875,-1.3828125,-0.55078125,0.423828125,-0.08203125,-0.451171875,-95.29206729372902,-67.69000841498205,73.77256513682558,9.76171875,1.5859375,-0.2734375,0.369140625,0.03515625,-0.580078125,170.1980863796753,-86.97612032631434,159.24414896667267,166.9921875,0.00037501144444105353,0.000500015259254738
15.436781948999993,8.91796875,-4.33203125,-0.08984375,0.42578125,-0.169921875,-0.453125,-95.3963768345228,-69.07495666132837,75.07262365559359,9.61328125,0.20703125,-0.1953125,0.369140625,0.03515625,-0.580078125,170.1980863796753,-86.97612032631434,159.24414896667267,167.080078125,0.00037501144444105353,0.0008750267036957916
15.457307441000012,8.91796875,-4.33203125,-0.08984375,0.42578125,-0.169921875,-0.453125,-95.3963768345228,-69.07495666132837,75.07262365559359,9.61328125,-0.8671875,-0.6953125,0.57421875,0.009765625,-0.375,146.15525480822245,-86.45533022244138,-175.44787641571958,167.080078125,0.000250007629627369,0.0008750267036957916
15.476594366,8.3359375,-5.7890625,-0.81640625,0.42578125,-0.169921875,-0.453125,-95.3963768345228,-69.07495666132837,75.07262365559359,9.61328125,-0.8671875,-0.6953125,0.57421875,0.009765625,-0.375,146.15525480822245,-86.45533022244138,-175.44787641571958,167.080078125,0.000250007629627369,0.00037501144444105353
15.486807672999987,8.3359375,-5.7890625,-0.81640625,0.53515625,-0.150390625,-0.140625,-95.52488556430328,-70.02218916669453,76.80630199723697,8.609375,-0.828125,-1.53515625,0.57421875,0.009765625,-0.375,146.15525480822245,-86.45533022244138,-175.44787641571958,167.080078125,0.000500015259254738,0.00037501144444105353
15.506244611,6.76953125,-7.43359375,0.02734375,0.53515625,-0.150390625,-0.140625,-95.52488556430328,-70.02218916669453,76.80630199723697,8.609375,-0.828125,-1.53515625,0.349609375,0.2109375,0.234375,139.89205737784692,-86.15025044570434,-167.6359357822305,167.080078125,0.000500015259254738,0.00037501144444105353
15.524840573000006,6.76953125,-7.43359375,0.02734375,0.53515625,-0.150390625,-0.140625,-95.52488556430328,-70.02218916669453,76.80630199723697,8.609375,-0.828125,-1.53515625,0.349609375,0.2109375,0.234375,139.89205737784692,-86.15025044570434,-167.6359357822305,167.080078125,0.0,0.00037501144444105353
15.529974745999994,6.76953125,-7.43359375,0.02734375,0.53515625,-0.150390625,-0.140625,-95.52488556430328,-70.02218916669453,76.80630199723697,10.03515625,0.08984375,-0.46484375,0.349609375,0.2109375,0.234375,139.89205737784692,-86.15025044570434,-167.6359357822305,167.080078125,0.0,0.0
15.539203848,9.3359375,-4.25390625,0.71484375,0.302734375,0.060546875,0.21484375,-94.16422255236843,-69.62894015731345,76.56874921601735,10.03515625,0.08984375,-0.46484375,0.349609375,0.2109375,0.234375,139.89205737784692,-86.15025044570434,-167.6359357822305,167.080078125,0.00037501144444105353,0.0
15.554067081999989,9.3359375,-4.25390625,0.71484375,0.302734375,0.060546875,0.21484375,-94.16422255236843,-69.62894015731345,76.56874921601735,10.03515625,0.08984375,-0.46484375,0.349609375,0.2109375,0.234375,142.3830753569131,-87.00187442811708,-169.22655012208875,167.080078125,0.00037501144444105353,0.000250007629627369
15.563448375999997,9.3359375,-4.25390625,0.71484375,0.302734375,0.060546875,0.21484375,-94.16422255236843,-69.62894015731345,76.56874921601735,9.7578125,0.16796875,0.37890625,0.3359375,0.162109375,0.216796875,142.3830753569131,-87.00187442811708,-169.22655012208875,167.080078125,0.000250007629627369,0.000250007629627369
15.578231998000007,9.2578125,-3.4140625,-0.359375,0.302734375,0.060546875,0.21484375,-94.16422255236843,-69.62894015731345,76.56874921601735,9.7578125,0.16796875,0.37890625,0.3359375,0.162109375,0.216796875,142.3830753569131,-87.00187442811708,-169.22655012208875,167.080078125,0.000250007629627369,0.00037501144444105353
15.58780381599999,9.2578125,-3.4140625,-0.359375,0.048828125,0.099609375,0.181640625,-92.82885048082852,-69.05202303558428,76.10212826807604,9.6484375,0.2421875,-0.88671875,0.3359375,0.162109375,0.216796875,142.3830753569131,-87.00187442811708,-169.22655012208875,167.080078125,0.00037501144444105353,0.00037501144444105353
15.605548021000004,9.1015625,-3.640625,-1.046875,0.048828125,0.099609375,0.181640625,-92.82885048082852,-69.05202303558428,76.10212826807604,9.6484375,0.2421875,-0.88671875,-0.08984375,0.064453125,0.21484375,149.83854980252997,-87.54443982408723,-176.3400134991897,167.080078125,0.00037501144444105353,0.00037501144444105353
15.624628394000013,9.1015625,-3.640625,-1.046875,0.048828125,0.099609375,0.181640625,-92.82885048082852,-69.05202303558428,76.10212826807604,9.71875,-0.0625,-0.38671875,-0.08984375,0.064453125,0.21484375,149.83854980252997,-87.54443982408723,-176.3400134991897,167.080078125,0.0001250038148136845,0.00037501144444105353
15.63485549500001,8.95703125,-3.98828125,0.5234375,0.095703125,0.06640625,0.23046875,-92.13366938490216,-68.5084180658629,75.20370489658127,9.71875,-0.0625,-0.38671875,-0.08984375,0.064453125,0.21484375,149.83854980252997,-87.54443982408723,-176.3400134991897,167.080078125,0.0001250038148136845,0.00037501144444105353
15.649305204000001,8.95703125,-3.98828125,0.5234375,0.095703125,0.06640625,0.23046875,-92.13366938490216,-68.5084180658629,75.20370489658127,9.71875,-0.0625,-0.38671875,-0.08984375,0.064453125,0.21484375,149.83854980252997,-87.54443982408723,-176.3400134991897,167.080078125,0.000500015259254738,0.00037501144444105353
15.654843306000004,8.95703125,-3.98828125,0.5234375,0.095703125,0.06640625,0.23046875,-92.13366938490216,-68.5084180658629,75.20370489658127,9.37890625,0.8203125,-0.46484375,0.123046875,0.123046875,0.2734375,162.25676853122263,-88.06338435899642,171.18166954548732,167.080078125,0.000500015259254738,0.17363029877620778
15.67448146000001,9.1796875,-3.18359375,-0.3203125,0.095703125,0.06640625,0.23046875,-92.13366938490216,-68.5084180658629,75.20370489658127,9.37890625,0.8203125,-0.46484375,0.123046875,0.123046875,0.2734375,162.25676853122263,-88.06338435899642,171.18166954548732,167.080078125,0.000250007629627369,0.17363029877620778
15.683373033999999,9.1796875,-3.18359375,-0.3203125,0.095703125,0.06640625,0.23046875,-92.13366938490216,-68.5084180658629,75.20370489658127,9.37890625,0.8203125,-0.46484375,0.123046875,0.123046875,0.2734375,162.25676853122263,-88.06338435899642,171.18166954548732,167.080078125,0.000250007629627369,0.45888900418103584
15.688105871999994,9.2578125,-3.52734375,0.02734375,0.369140625,0.015625,0.2734375,-91.04008386051618,-67.74354472072042,74.56190472715886,9.87890625,-0.0234375,-0.1953125,0.123046875,0.123046875,0.2734375,162.25676853122263,-88.06338435899642,171.18166954548732,167.080078125,0.000500015259254738,0.45888900418103584
15.708100946999991,9.2578125,-3.52734375,0.02734375,0.369140625,0.015625,0.2734375,-91.04008386051618,-67.74354472072042,74.56190472715886,9.5703125,0.015625,0.0703125,0.236328125,0.1015625,0.23828125,-172.00091076760256,-88.47252936265082,146.0750976602272,167.080078125,0.000500015259254738,0.6922711264381848
15.726701969000004,9.0234375,-3.7578125,-0.12890625,0.369140625,0.015625,0.2734375,-91.04008386051618,-67.74354472072042,74.56190472715886,9.5703125,0.015625,0.0703125,0.236328125,0.1015625,0.23828125,-172.00091076760256,-88.47252936265082,146.0750976602272,167.080078125,0.00037501144444105353,0.6922711264381848
15.737110793999989,9.0234375,-3.7578125,-0.12890625,0.287109375,-0.009765625,0.255859375,-90.12963605361114,-67.05247194853108,74.52331654281456,9.5703125,0.015625,0.0703125,0.236328125,0.1015625,0.23828125,-172.00091076760256,-88.47252936265082,146.0750976602272,167.080078125,0.00037501144444105353,1.1007835932493057
15.752088909000008,9.0234375,-3.7578125,-0.12890625,0.287109375,-0.009765625,0.255859375,-90.12963605361114,-67.05247194853108,74.52331654281456,9.80078125,-0.484375,-0.234375,0.236328125,0.1015625,0.23828125,-141.2642412994128,-88.58065829314783,116.13531850999297,167.080078125,0.00037501144444105353,1.1007835932493057
15.767398216999993,8.984375,-4.41015625,-0.01171875,0.287109375,-0.009765625,0.255859375,-90.12963605361114,-67.05247194853108,74.52331654281456,9.80078125,-0.484375,-0.234375,0.27734375,0.087890625,0.267578125,-141.2642412994128,-88.58065829314783,116.13531850999297,167.080078125,0.00037501144444105353,1.1625354777672658
15.781550810999988,8.984375,-4.41015625,-0.01171875,0.287109375,-0.009765625,0.255859375,-90.12963605361114,-67.05247194853108,74.52331654281456,9.87890625,-0.3671875,-0.1953125,0.27734375,0.087890625,0.267578125,-141.2642412994128,-88.58065829314783,116.13531850999297,167.080078125,0.0007500228888821071,1.1625354777672658
15.79052062400001,9.22265625,-3.640625,0.02734375,-0.01171875,0.025390625,0.16796875,-89.339387979788,-66.36666173034575,74.45290431142756,9.87890625,-0.3671875,-0.1953125,0.27734375,0.087890625,0.267578125,-141.2642412994128,-88.58065829314783,116.13531850999297,166.9921875,0.0007500228888821071,1.0349065828424941
15.804202860000004,9.22265625,-3.640625,0.02734375,-0.01171875,0.025390625,0.16796875,-89.339387979788,-66.36666173034575,74.45290431142756,9.87890625,-0.3671875,-0.1953125,0.27734375,0.087890625,0.267578125,-123.24659193803484,-88.14517288617164,98.42667661726723,166.9921875,0.00037501144444105353,1.0349065828424941
15.812918661999987,9.22265625,-3.640625,0.02734375,-0.01171875,0.025390625,0.16796875,-89.339387979788,-66.36666173034575,74.45290431142756,9.6875,-1.01953125,0.9140625,-0.052734375,-0.07421875,0.109375,-123.24659193803484,-88.14517288617164,98.42667661726723,166.9921875,0.00037501144444105353,0.8412756736960968
15.826107145999998,9.1015625,-3.98828125,0.0625,-0.01171875,0.025390625,0.16796875,-89.339387979788,-66.36666173034575,74.45290431142756,9.6875,-1.01953125,0.9140625,-0.052734375,-0.07421875,0.109375,-123.24659193803484,-88.14517288617164,98.42667661726723,166.9921875,0.0001250038148136845,0.8412756736960968
15.835877455999992,9.1015625,-3.98828125,0.0625,-0.115234375,-0.013671875,0.052734375,-89.71062224664526,-66.10638744686547,74.64354525317766,9.6875,-1.01953125,0.9140625,-0.052734375,-0.07421875,0.109375,-123.24659193803484,-88.14517288617164,98.42667661726723,166.9921875,0.0001250038148136845,1.163285500656148
15.848987413999993,9.1015625,-3.98828125,0.0625,-0.115234375,-0.013671875,0.052734375,-89.71062224664526,-66.10638744686547,74.64354525317766,9.7578125,-0.59765625,-0.34765625,-0.052734375,-0.07421875,0.109375,-123.24659193803484,-88.14517288617164,98.42667661726723,166.9921875,0.000500015259254738,1.163285500656148
15.858339811999997,9.0625,-4.0234375,-0.08984375,-0.115234375,-0.013671875,0.052734375,-89.71062224664526,-66.10638744686547,74.64354525317766,9.7578125,-0.59765625,-0.34765625,0.0,-0.044921875,0.037109375,-126.0741017223459,-87.6839773150315,101.05138853161183,166.9921875,0.000500015259254738,1.3700418103579823
15.876291342000002,9.0625,-4.0234375,-0.08984375,-0.115234375,-0.013671875,0.052734375,-89.71062224664526,-66.10638744686547,74.64354525317766,9.76171875,-0.484375,-0.73046875,0.0,-0.044921875,0.037109375,-126.0741017223459,-87.6839773150315,101.05138853161183,166.9921875,0.0,1.3700418103579823
15.886962339000007,9.0234375,-3.83203125,-0.12890625,-0.1015625,0.0,0.017578125,-90.01491614937531,-66.00520861758882,74.79706757584643,9.76171875,-0.484375,-0.73046875,0.0,-0.044921875,0.037109375,-126.0741017223459,-87.6839773150315,101.05138853161183,167.080078125,0.0,1.827055757316813
15.902363581000003,9.0234375,-3.83203125,-0.12890625,-0.1015625,0.0,0.017578125,-90.01491614937531,-66.00520861758882,74.79706757584643,9.76171875,-0.484375,-0.73046875,0.0,-0.044921875,0.037109375,-126.0741017223459,-87.6839773150315,101.05138853161183,167.080078125,0.000500015259254738,1.827055757316813
15.90753109900001,9.0234375,-3.83203125,-0.12890625,-0.1015625,0.0,0.017578125,-90.01491614937531,-66.00520861758882,74.79706757584643,9.61328125,-0.1015625,-0.65625,-0.009765625,0.033203125,0.017578125,-127.27604758257067,-87.70722818692239,102.14719118381363,167.080078125,0.000500015259254738,2.294570024719993
15.925918236000001,9.10546875,-3.7578125,-0.12890625,-0.1015625,0.0,0.017578125,-90.01491614937531,-66.00520861758882,74.79706757584643,9.61328125,-0.1015625,-0.65625,-0.009765625,0.033203125,0.017578125,-127.27604758257067,-87.70722818692239,102.14719118381363,167.080078125,0.000250007629627369,2.294570024719993
15.936003900000003,9.10546875,-3.7578125,-0.12890625,0.048828125,0.05859375,0.0703125,-89.92355674271332,-65.90529121766185,74.64678732835492,9.609375,0.16796875,-0.65625,-0.009765625,0.033203125,0.017578125,-127.27604758257067,-87.70722818692239,102.14719118381363,167.080078125,0.000250007629627369,2.6509559007538073
15.954907380000009,9.0234375,-4.0234375,0.0625,0.048828125,0.05859375,0.0703125,-89.92355674271332,-65.90529121766185,74.64678732835492,9.609375,0.16796875,-0.65625,-0.009765625,0.033203125,0.017578125,-121.6107936149307,-87.6221084106692,96.50657438636327,167.080078125,0.000250007629627369,2.6509559007538073
15.968434193999997,9.0234375,-4.0234375,0.0625,0.048828125,0.05859375,0.0703125,-89.92355674271332,-65.90529121766185,74.64678732835492,9.6484375,0.20703125,-0.42578125,0.017578125,0.125,0.140625,-121.6107936149307,-87.6221084106692,96.50657438636327,167.080078125,0.000250007629627369,2.930089419232765
15.981930992999992,9.06640625,-4.484375,0.1015625,0.078125,0.080078125,0.171875,-89.18927018543755,-65.50414744233761,74.05917882579413,9.6484375,0.20703125,-0.42578125,0.017578125,0.125,0.140625,-121.6107936149307,-87.6221084106692,96.50657438636327,167.080078125,0.000500015259254738,2.930089419232765
15.999960568999995,9.06640625,-4.484375,0.1015625,0.078125,0.080078125,0.171875,-89.18927018543755,-65.50414744233761,74.05917882579413,9.6484375,0.20703125,-0.42578125,0.017578125,0.125,0.140625,-121.6107936149307,-87.6221084106692,96.50657438636327,167.080078125,0.000500015259254738,2.9973414716025273
16.005147222000005,9.06640625,-4.484375,0.1015625,0.078125,0.080078125,0.171875,-89.18927018543755,-65.50414744233761,74.05917882579413,9.71875,-0.828125,-0.234375,-0.033203125,0.150390625,0.162109375,-108.65535067567853,-87.4622108942103,83.6392451047693,167.080078125,0.00037501144444105353,2.9973414716025273
16.024423143000007,8.98828125,-4.37109375,0.1015625,0.078125,0.080078125,0.171875,-89.18927018543755,-65.50414744233761,74.05917882579413,9.71875,-0.828125,-0.234375,-0.033203125,0.150390625,0.162109375,-108.65535067567853,-87.4622108942103,83.6392451047693,167.080078125,0.00037501144444105353,2.9840910672322765
16.033384796000007,8.98828125,-4.37109375,0.1015625,0.078125,0.080078125,0.171875,-89.18927018543755,-65.50414744233761,74.05917882579413,9.80078125,-0.8671875,0.2265625,-0.033203125,0.150390625,0.162109375,-108.65535067567853,-87.4622108942103,83.6392451047693,167.080078125,0.000500015259254738,2.9840910672322765
16.041983832,9.18359375,-3.98828125,0.02734375,-0.01171875,0.04296875,0.083984375,-88.69053983062751,-65.10934592282422,73.63582653001431,9.80078125,-0.8671875,0.2265625,-0.033203125,0.150390625,0.162109375,-99.87292106969306,-87.18737064690002,74.70305924947415,166.9921875,0.000500015259254738,2.942714804528947
16.063924982000003,9.18359375,-3.98828125,0.02734375,-0.01171875,0.04296875,0.083984375,-88.69053983062751,-65.10934592282422,73.63582653001431,9.83984375,-0.75390625,0.76171875,0.015625,0.001953125,0.0546875,-99.87292106969306,-87.18737064690002,74.70305924947415,166.9921875,0.00037501144444105353,2.942714804528947
16.077358357999998,9.22265625,-3.83203125,-0.01171875,-0.01171875,0.04296875,0.083984375,-88.69053983062751,-65.10934592282422,73.63582653001431,9.83984375,-0.75390625,0.76171875,0.015625,0.001953125,0.0546875,-99.87292106969306,-87.18737064690002,74.70305924947415,166.9921875,0.00037501144444105353,2.6942072206793424
16.087780048000013,9.22265625,-3.83203125,-0.01171875,-0.072265625,-0.048828125,-0.048828125,-88.67944910598796,-65.06161237738365,73.54668024236825,9.76171875,-0.71484375,1.06640625,0.015625,0.001953125,0.0546875,-99.87292106969306,-87.18737064690002,74.70305924947415,166.9921875,0.00037501144444105353,2.6942072206793424
16.107626356999987,9.22265625,-3.83203125,-0.01171875,-0.072265625,-0.048828125,-0.048828125,-88.67944910598796,-65.06161237738365,73.54668024236825,9.76171875,-0.71484375,1.06640625,0.015625,0.001953125,0.0546875,-104.22191709858787,-87.1170602324116,78.9043126475306,166.9921875,0.00037501144444105353,2.2785695364238414
16.117839507000014,9.14453125,-3.71875,-0.05078125,-0.072265625,-0.048828125,-0.048828125,-88.67944910598796,-65.06161237738365,73.54668024236825,9.65234375,-0.0234375,0.1484375,-0.302734375,-0.275390625,-0.109375,-104.22191709858787,-87.1170602324116,78.9043126475306,166.9921875,0.0007500228888821071,2.2785695364238414
16.136269043999988,9.21875,-3.3359375,-0.359375,-0.751953125,-0.033203125,-0.171875,-90.19539162241448,-65.38960599645453,74.0605742882928,9.65234375,-0.0234375,0.1484375,-0.302734375,-0.275390625,-0.109375,-104.22191709858787,-87.1170602324116,78.9043126475306,166.9921875,0.0007500228888821071,1.5844233527634513
16.153015605000007,9.21875,-3.3359375,-0.359375,-0.751953125,-0.033203125,-0.171875,-90.19539162241448,-65.38960599645453,74.0605742882928,9.65234375,-0.0234375,0.1484375,-0.302734375,-0.275390625,-0.109375,-104.22191709858787,-87.1170602324116,78.9043126475306,166.9921875,0.000500015259254738,1.5844233527634513
16.158169393999998,9.21875,-3.3359375,-0.359375,-0.751953125,-0.033203125,-0.171875,-90.19539162241448,-65.38960599645453,74.0605742882928,9.83984375,0.3984375,-0.9609375,-1.2421875,-0.43359375,-0.255859375,-127.03575555152449,-87.14960687828241,100.05254581733031,166.9921875,0.000500015259254738,0.7606482131412703
16.176559475999994,9.18359375,-3.375,-0.5859375,-0.751953125,-0.033203125,-0.171875,-90.19539162241448,-65.38960599645453,74.0605742882928,9.83984375,0.3984375,-0.9609375,-1.2421875,-0.43359375,-0.255859375,-127.03575555152449,-87.14960687828241,100.05254581733031,166.9921875,0.0,0.7606482131412703
16.186563637000006,9.18359375,-3.375,-0.5859375,-1.517578125,0.1328125,-0.240234375,-93.44370917069449,-66.09576175680542,73.79412515735517,9.61328125,0.703125,-0.80859375,-1.2421875,-0.43359375,-0.255859375,-127.03575555152449,-87.14960687828241,100.05254581733031,166.9921875,0.0,0.40788744773705254
16.205960771999997,9.18359375,-3.375,-0.5859375,-1.517578125,0.1328125,-0.240234375,-93.44370917069449,-66.09576175680542,73.79412515735517,9.61328125,0.703125,-0.80859375,-1.2421875,-0.43359375,-0.255859375,-154.40874017542333,-86.60984884303478,123.63272876152064,166.9921875,0.000250007629627369,0.40788744773705254
16.214032906,8.98828125,-3.94921875,-0.12890625,-1.517578125,0.1328125,-0.240234375,-93.44370917069449,-66.09576175680542,73.79412515735517,9.4921875,0.08984375,-1.4609375,-1.16015625,-0.314453125,-0.109375,-154.40874017542333,-86.60984884303478,123.63272876152064,166.9921875,0.000250007629627369,0.666020325327311
16.231558108,8.98828125,-3.94921875,-0.12890625,-1.517578125,0.1328125,-0.240234375,-93.44370917069449,-66.09576175680542,73.79412515735517,9.4921875,0.08984375,-1.4609375,-1.16015625,-0.314453125,-0.109375,-154.40874017542333,-86.60984884303478,123.63272876152064,166.9921875,0.0006250190740684225,0.666020325327311
16.23669289,7.953125,-6.28515625,0.21875,-0.33203125,0.1875,0.271484375,-95.65912366251142,-66.36364194487997,72.62576878214112,9.4921875,0.08984375,-1.4609375,-1.16015625,-0.314453125,-0.109375,-154.40874017542333,-86.60984884303478,123.63272876152064,167.080078125,0.0006250190740684225,1.7014269234290598
16.25160780600001,7.953125,-6.28515625,0.21875,-0.33203125,0.1875,0.271484375,-95.65912366251142,-66.36364194487997,72.62576878214112,9.4921875,0.08984375,-1.4609375,-1.16015625,-0.314453125,-0.109375,-154.40874017542333,-86.60984884303478,123.63272876152064,167.080078125,0.0007500228888821071,1.7014269234290598
16.256761595,7.953125,-6.28515625,0.21875,-0.33203125,0.1875,0.271484375,-95.65912366251142,-66.36364194487997,72.62576878214112,9.49609375,0.51171875,-2.1484375,0.353515625,0.310546875,0.49609375,-152.75232770345204,-86.23434469351326,120.25009882644714,167.080078125,0.0007500228888821071,2.4203238624225594
16.27632768699999,9.41015625,-3.796875,-0.51171875,-0.33203125,0.1875,0.271484375,-95.65912366251142,-66.36364194487997,72.62576878214112,9.49609375,0.51171875,-2.1484375,0.353515625,0.310546875,0.49609375,-152.75232770345204,-86.23434469351326,120.25009882644714,167.080078125,0.0,2.4203238624225594
16.28584427300001,9.41015625,-3.796875,-0.51171875,-0.33203125,0.1875,0.271484375,-95.65912366251142,-66.36364194487997,72.62576878214112,10.4140625,0.359375,-2.609375,0.353515625,0.310546875,0.49609375,-152.75232770345204,-86.23434469351326,120.25009882644714,166.9921875,0.0,2.863212378307444
16.296316009999998,9.3359375,-3.98828125,-0.2421875,0.076171875,0.337890625,0.447265625,-93.4669310040396,-65.10071907114337,70.88967535664345,10.4140625,0.359375,-2.609375,0.353515625,0.310546875,0.49609375,-127.06356247887297,-86.20365349714707,94.76571517508361,166.9921875,0.000500015259254738,2.863212378307444
16.319553839000008,9.3359375,-3.98828125,-0.2421875,0.076171875,0.337890625,0.447265625,-93.4669310040396,-65.10071907114337,70.88967535664345,10.22265625,-4.62109375,0.76171875,-0.0390625,0.390625,0.0859375,-127.06356247887297,-86.20365349714707,94.76571517508361,166.9921875,0.000500015259254738,2.9789659108249156
16.33356307599999,8.8359375,-4.5234375,-0.01171875,0.03515625,0.19140625,-0.244140625,-91.34169159529957,-64.84929362544537,68.815355286529,10.22265625,-4.62109375,0.76171875,-0.0390625,0.390625,0.0859375,-127.06356247887297,-86.20365349714707,94.76571517508361,166.9921875,0.0006250190740684225,2.9789659108249156
16.347964784999988,8.8359375,-4.5234375,-0.01171875,0.03515625,0.19140625,-0.244140625,-91.34169159529957,-64.84929362544537,68.815355286529,9.95703125,-2.78125,1.10546875,-0.0390625,0.390625,0.0859375,-127.06356247887297,-86.20365349714707,94.76571517508361,166.9921875,0.0006250190740684225,2.9750907925656915
16.35819332700001,8.8359375,-4.5234375,-0.01171875,0.03515625,0.19140625,-0.244140625,-91.34169159529957,-64.84929362544537,68.815355286529,9.95703125,-2.78125,1.10546875,-0.0390625,0.390625,0.0859375,-119.11903963086183,-86.94537999141704,86.69242532695372,166.9921875,0.0001250038148136845,2.9750907925656915
16.36811377699999,9.10546875,-4.33203125,-0.12890625,0.03515625,0.19140625,-0.244140625,-91.34169159529957,-64.84929362544537,68.815355286529,9.95703125,-2.78125,1.10546875,-0.04296875,0.228515625,-0.25,-119.11903963086183,-86.94537999141704,86.69242532695372,166.9921875,0.0001250038148136845,2.9667155369731746
16.382722363,9.10546875,-4.33203125,-0.12890625,0.03515625,0.19140625,-0.244140625,-91.34169159529957,-64.84929362544537,68.815355286529,9.796875,0.625,-1.15234375,-0.04296875,0.228515625,-0.25,-119.11903963086183,-86.94537999141704,86.69242532695372,167.080078125,0.0006250190740684225,2.9667155369731746
16.391482036000014,9.1015625,-4.21875,-0.05078125,0.07421875,0.23828125,-0.1484375,-89.96168081141911,-65.51297232650431,67.42831595055564,9.796875,0.625,-1.15234375,-0.04296875,0.228515625,-0.25,-108.88803763201366,-87.84820860451383,76.33267143526997,167.080078125,0.0006250190740684225,2.8933382976775417
16.413516431999994,9.1015625,-4.21875,-0.05078125,0.07421875,0.23828125,-0.1484375,-89.96168081141911,-65.51297232650431,67.42831595055564,9.8359375,-0.17578125,-0.15625,-0.021484375,0.291015625,-0.12890625,-108.88803763201366,-87.84820860451383,76.33267143526997,167.080078125,0.0001250038148136845,2.8933382976775417
16.426638773999997,9.1015625,-4.21875,-0.05078125,0.07421875,0.23828125,-0.1484375,-89.96168081141911,-65.51297232650431,67.42831595055564,9.8359375,-0.17578125,-0.15625,-0.021484375,0.291015625,-0.12890625,-108.88803763201366,-87.84820860451383,76.33267143526997,167.080078125,0.0001250038148136845,2.6937072054200875
16.441261215999987,9.1015625,-3.94921875,0.1796875,0.09375,0.23828125,-0.14453125,-88.06627740437325,-65.89199177797609,65.6108787499367,9.796875,-0.25390625,0.72265625,-0.021484375,0.291015625,-0.12890625,-108.88803763201366,-87.84820860451383,76.33267143526997,167.080078125,0.0007500228888821071,2.6375804925687434
16.459407749999997,9.1015625,-3.94921875,0.1796875,0.09375,0.23828125,-0.14453125,-88.06627740437325,-65.89199177797609,65.6108787499367,9.796875,-0.25390625,0.72265625,-0.021484375,0.291015625,-0.12890625,-90.23600932202255,-88.26291326276773,57.64380427850007,167.080078125,0.0,2.6375804925687434
16.469251625999988,9.2578125,-3.71875,0.0625,0.09375,0.23828125,-0.14453125,-88.06627740437325,-65.89199177797609,65.6108787499367,9.7578125,1.4296875,0.1875,0.0078125,0.173828125,-0.0625,-90.23600932202255,-88.26291326276773,57.64380427850007,167.080078125,0.0,2.172816309091464
16.486853370999995,9.41015625,-3.03125,-0.39453125,-0.05078125,0.181640625,0.0390625,-86.5983629275587,-66.08673383590663,64.19772276288307,9.7578125,1.4296875,0.1875,0.0078125,0.173828125,-0.0625,-90.23600932202255,-88.26291326276773,57.64380427850007,166.9921875,0.000500015259254738,2.172816309091464
16.504037778999987,9.41015625,-3.03125,-0.39453125,-0.05078125,0.181640625,0.0390625,-86.5983629275587,-66.08673383590663,64.19772276288307,9.7578125,1.4296875,0.1875,0.0078125,0.173828125,-0.0625,-90.23600932202255,-88.26291326276773,57.64380427850007,166.9921875,0.000500015259254738,0.6075185399945067
16.52706230000001,9.41015625,-3.03125,-0.39453125,-0.05078125,0.181640625,0.0390625,-86.5983629275587,-66.08673383590663,64.19772276288307,9.1484375,2.88671875,0.109375,-0.623046875,-0.154296875,0.10546875,-80.59327717581223,-88.21874843689392,47.72975427878915,166.9921875,0.0001250038148136845,0.369261268959624
16.532211577999988,9.90625,-0.38671875,-1.7734375,-0.05078125,0.181640625,0.0390625,-86.5983629275587,-66.08673383590663,64.19772276288307,9.15234375,4.19140625,-0.6171875,-0.623046875,-0.154296875,0.10546875,-80.59327717581223,-88.21874843689392,47.72975427878915,166.9921875,0.000500015259254738,0.369261268959624
16.546812676000002,9.90625,-0.38671875,-1.7734375,-1.064453125,0.080078125,0.1171875,-87.4444959941975,-65.83527116180498,63.41154478738318,9.15234375,4.19140625,-0.6171875,-0.623046875,-0.154296875,0.10546875,-102.85884022153999,-87.86159791023533,67.59552164504521,166.9921875,0.000500015259254738,0.8357755058442946
16.56651899100001,9.26171875,-3.56640625,0.79296875,-1.064453125,0.080078125,0.1171875,-87.4444959941975,-65.83527116180498,63.41154478738318,9.53125,1.35546875,0.1875,-0.796875,-0.17578125,0.515625,-102.85884022153999,-87.86159791023533,67.59552164504521,166.9921875,0.000500015259254738,0.8357755058442946
16.584118114999995,9.26171875,-3.56640625,0.79296875,-1.064453125,0.080078125,0.1171875,-87.4444959941975,-65.83527116180498,63.41154478738318,9.53125,1.35546875,0.1875,-0.796875,-0.17578125,0.515625,-102.85884022153999,-87.86159791023533,67.59552164504521,166.9921875,0.000500015259254738,1.6604256721701713
16.58917008399999,9.26171875,-3.56640625,0.79296875,-0.2578125,0.060546875,0.71875,-89.05271945045911,-64.59122091713718,62.5819960781264,9.53125,1.35546875,0.1875,-0.796875,-0.17578125,0.515625,-102.85884022153999,-87.86159791023533,67.59552164504521,166.904296875,0.00037501144444105353,1.6604256721701713
16.600046679000002,7.87890625,-7.39453125,1.98046875,-0.2578125,0.060546875,0.71875,-89.05271945045911,-64.59122091713718,62.5819960781264,9.9921875,-4.0859375,1.3359375,-0.796875,-0.17578125,0.515625,-101.16888096689094,-85.92021445526701,64.74326836230642,166.81640625,0.00037501144444105353,2.010811365092929
16.618199487999988,7.87890625,-7.39453125,1.98046875,-0.2578125,0.060546875,0.71875,-89.05271945045911,-64.59122091713718,62.5819960781264,9.9921875,-4.0859375,1.3359375,0.31640625,-0.05078125,0.60546875,-101.16888096689094,-85.92021445526701,64.74326836230642,166.81640625,0.000250007629627369,2.010811365092929
16.628645242999994,8.03125,-6.859375,0.33203125,-0.2578125,0.060546875,0.71875,-89.05271945045911,-64.59122091713718,62.5819960781264,10.11328125,-7.5703125,1.14453125,0.31640625,-0.05078125,0.60546875,-101.16888096689094,-85.92021445526701,64.74326836230642,166.81640625,0.000250007629627369,2.343196508682516
16.642584564000003,8.03125,-6.859375,0.33203125,-0.015625,-0.09765625,0.0390625,-89.37911289056672,-63.206462951508776,63.229460991314774,10.11328125,-7.5703125,1.14453125,0.31640625,-0.05078125,0.60546875,-101.16888096689094,-85.92021445526701,64.74326836230642,166.81640625,0.0,2.343196508682516
16.65622347499999,7.69140625,-4.484375,0.33203125,-0.015625,-0.09765625,0.0390625,-89.37911289056672,-63.206462951508776,63.229460991314774,9.4921875,-5.2734375,0.76171875,-0.060546875,-0.236328125,-0.404296875,-103.03243050656867,-85.21682097412818,66.87940397647395,166.81640625,0.0,2.5157017731254006
16.677850395000007,7.69140625,-4.484375,0.33203125,-0.015625,-0.09765625,0.0390625,-89.37911289056672,-63.206462951508776,63.229460991314774,9.4921875,-5.2734375,0.76171875,-0.060546875,-0.236328125,-0.404296875,-103.03243050656867,-85.21682097412818,66.87940397647395,166.81640625,0.00037501144444105353,2.5157017731254006
16.683447857000004,7.69140625,-4.484375,0.33203125,-0.015625,-0.09765625,0.0390625,-89.37911289056672,-63.206462951508776,63.229460991314774,9.4921875,-5.2734375,0.76171875,-0.060546875,-0.236328125,-0.404296875,-103.03243050656867,-85.21682097412818,66.87940397647395,166.81640625,0.00037501144444105353,2.6405805841242715
16.68834130100001,9.21875,-4.5625,0.0625,-0.1015625,-0.169921875,-0.416015625,-90.46908204662061,-64.03562410805701,64.12538490355412,10.18359375,-0.71484375,-0.34765625,-0.060546875,-0.236328125,-0.404296875,-103.03243050656867,-85.21682097412818,66.87940397647395,166.81640625,0.00037501144444105353,2.6405805841242715
16.708740180000007,9.21875,-4.5625,0.0625,-0.1015625,-0.169921875,-0.416015625,-90.46908204662061,-64.03562410805701,64.12538490355412,10.18359375,-0.71484375,-0.34765625,-0.060546875,-0.236328125,-0.404296875,-116.33502294988207,-86.05033621205207,80.04314189140244,166.904296875,0.00037501144444105353,2.6955822626422927
16.718841077999997,9.375,-4.1796875,0.1796875,-0.1015625,-0.169921875,-0.416015625,-90.46908204662061,-64.03562410805701,64.12538490355412,10.0703125,-0.71484375,-1.0,-0.1171875,-0.095703125,-0.513671875,-116.33502294988207,-86.05033621205207,80.04314189140244,166.904296875,0.000500015259254738,2.6955822626422927
16.738110473999996,9.375,-4.1796875,0.1796875,-0.138671875,-0.10546875,-0.466796875,-91.77281853301706,-65.35598364609697,65.1132343792532,10.0703125,-0.71484375,-1.0,-0.1171875,-0.095703125,-0.513671875,-116.33502294988207,-86.05033621205207,80.04314189140244,166.9921875,0.000500015259254738,2.7385835749382004
16.752750198,9.22265625,-4.140625,-0.203125,-0.138671875,-0.10546875,-0.466796875,-91.77281853301706,-65.35598364609697,65.1132343792532,9.953125,-0.25390625,-0.73046875,-0.064453125,-0.0078125,-0.4921875,-134.63745989984173,-87.23942291818938,98.06211337953185,166.9921875,0.0006250190740684225,2.7385835749382004
16.777726943000005,9.22265625,-4.140625,-0.203125,-0.138671875,-0.10546875,-0.466796875,-91.77281853301706,-65.35598364609697,65.1132343792532,9.953125,-0.25390625,-0.73046875,-0.064453125,-0.0078125,-0.4921875,-134.63745989984173,-87.23942291818938,98.06211337953185,167.080078125,0.0006250190740684225,2.766834437086093
16.784404865,9.22265625,-3.94921875,-0.2421875,0.017578125,-0.029296875,-0.341796875,-92.60602033119724,-66.58594591119096,65.73829956160225,9.65234375,0.97265625,-0.50390625,-0.064453125,-0.0078125,-0.4921875,-134.63745989984173,-87.23942291818938,98.06211337953185,167.080078125,0.0006250190740684225,2.766834437086093
16.802611848999987,9.22265625,-3.94921875,-0.2421875,0.017578125,-0.029296875,-0.341796875,-92.60602033119724,-66.58594591119096,65.73829956160225,9.65234375,0.97265625,-0.50390625,-0.064453125,-0.0078125,-0.4921875,-134.63745989984173,-87.23942291818938,98.06211337953185,167.080078125,0.0006250190740684225,2.8109607837153234
16.807783975999996,9.22265625,-3.94921875,-0.2421875,0.017578125,-0.029296875,-0.341796875,-92.60602033119724,-66.58594591119096,65.73829956160225,9.65234375,0.97265625,-0.50390625,-0.064453125,-0.0078125,-0.4921875,-157.73614031857326,-87.82585869746576,121.13852445920956,167.080078125,0.0001250038148136845,2.8109607837153234
16.818111300999988,9.2578125,-3.18359375,-0.43359375,0.017578125,-0.029296875,-0.341796875,-92.60602033119724,-66.58594591119096,65.73829956160225,9.265625,3.1171875,-0.65625,0.0546875,-0.025390625,-0.15234375,-157.73614031857326,-87.82585869746576,121.13852445920956,167.16796875,0.0001250038148136845,2.8098357493820005
16.83718134099999,9.2578125,-3.18359375,-0.43359375,0.103515625,0.083984375,0.125,-92.4229015327656,-66.96956026070356,65.67311365899378,9.265625,3.1171875,-0.65625,0.0546875,-0.025390625,-0.15234375,-157.73614031857326,-87.82585869746576,121.13852445920956,167.16796875,0.000250007629627369,2.8098357493820005
16.850477858000005,9.375,-3.03125,-0.39453125,0.103515625,0.083984375,0.125,-92.4229015327656,-66.96956026070356,65.67311365899378,9.41796875,3.61328125,-1.19140625,0.0546875,-0.025390625,-0.15234375,-155.80700448636898,-87.78596285940979,119.44946413632246,167.16796875,0.000250007629627369,2.835461531418806
16.868184531999987,9.375,-3.03125,-0.39453125,0.103515625,0.083984375,0.125,-92.4229015327656,-66.96956026070356,65.67311365899378,9.41796875,3.61328125,-1.19140625,0.138671875,0.111328125,0.416015625,-155.80700448636898,-87.78596285940979,119.44946413632246,167.16796875,0.0007500228888821071,2.835461531418806
16.878156727999993,9.375,-3.03125,-0.39453125,0.103515625,0.083984375,0.125,-92.4229015327656,-66.96956026070356,65.67311365899378,9.41796875,3.61328125,-1.19140625,0.138671875,0.111328125,0.416015625,-155.80700448636898,-87.78596285940979,119.44946413632246,167.16796875,0.0007500228888821071,2.767334452345348
16.883150777999987,9.40625,-3.56640625,-0.28125,0.271484375,0.130859375,0.53125,-91.1649324670438,-65.96001259840857,64.88441335748091,9.796875,1.66015625,-1.34375,0.138671875,0.111328125,0.416015625,-155.80700448636898,-87.78596285940979,119.44946413632246,167.16796875,0.000500015259254738,2.767334452345348
16.904838401000006,9.40625,-3.56640625,-0.28125,0.271484375,0.130859375,0.53125,-91.1649324670438,-65.96001259840857,64.88441335748091,9.796875,1.66015625,-1.34375,0.138671875,0.111328125,0.416015625,-155.80700448636898,-87.78596285940979,119.44946413632246,167.080078125,0.000500015259254738,2.7698345286416215
16.919461197000004,9.30078125,-4.41015625,-0.1640625,0.271484375,0.130859375,0.53125,-91.1649324670438,-65.96001259840857,64.88441335748091,10.03125,0.20703125,-0.92578125,0.197265625,0.314453125,0.67578125,-122.82031876605795,-87.23504783058037,86.9350771131198,167.080078125,0.0001250038148136845,2.748458876308481
16.938327144999988,8.60546875,-5.13671875,-0.3203125,0.373046875,0.05859375,0.59765625,-89.49811150217356,-64.22550545011292,63.935087779805194,9.69140625,-2.859375,0.4921875,0.197265625,0.314453125,0.67578125,-122.82031876605795,-87.23504783058037,86.9350771131198,167.080078125,0.00037501144444105353,2.748458876308481
16.95834145500001,8.60546875,-5.13671875,-0.3203125,0.373046875,0.05859375,0.59765625,-89.49811150217356,-64.22550545011292,63.935087779805194,9.69140625,-2.859375,0.4921875,0.197265625,0.314453125,0.67578125,-99.700590435133,-85.8084354548502,64.58014993054577,167.080078125,0.00037501144444105353,2.6912071291238138
16.968473136,8.60546875,-5.13671875,-0.3203125,0.373046875,0.05859375,0.59765625,-89.49811150217356,-64.22550545011292,63.935087779805194,9.69140625,-2.859375,0.4921875,0.26171875,0.171875,0.42578125,-99.700590435133,-85.8084354548502,64.58014993054577,166.9921875,0.000500015259254738,2.6912071291238138
16.978226776000014,8.72265625,-4.6015625,0.67578125,0.373046875,0.05859375,0.59765625,-89.49811150217356,-64.22550545011292,63.935087779805194,9.9140625,-2.78125,0.953125,0.26171875,0.171875,0.42578125,-99.700590435133,-85.8084354548502,64.58014993054577,166.9921875,0.000500015259254738,2.6652063356425675
16.992481131000005,8.72265625,-4.6015625,0.67578125,0.169921875,0.076171875,0.20703125,-88.41909691678097,-63.01152158571199,63.749843149463025,9.9140625,-2.78125,0.953125,0.26171875,0.171875,0.42578125,-99.700590435133,-85.8084354548502,64.58014993054577,166.9921875,0.0,2.6652063356425675
17.006244296000006,8.72265625,-4.6015625,0.67578125,0.169921875,0.076171875,0.20703125,-88.41909691678097,-63.01152158571199,63.749843149463025,9.33984375,-3.12890625,1.48828125,0.26171875,0.171875,0.42578125,-93.38120654571425,-85.03505483094463,58.71415433952201,166.9921875,0.0,2.6853319498275705
17.018531711999998,8.03515625,-4.33203125,0.8671875,0.169921875,0.076171875,0.20703125,-88.41909691678097,-63.01152158571199,63.749843149463025,9.33984375,-3.12890625,1.48828125,-0.05859375,-0.01171875,-0.01953125,-93.38120654571425,-85.03505483094463,58.71415433952201,166.904296875,0.0001250038148136845,2.6853319498275705
17.032793907000013,8.03515625,-4.33203125,0.8671875,0.169921875,0.076171875,0.20703125,-88.41909691678097,-63.01152158571199,63.749843149463025,9.33984375,-3.12890625,1.48828125,-0.05859375,-0.01171875,-0.01953125,-93.38120654571425,-85.03505483094463,58.71415433952201,166.904296875,0.0001250038148136845,2.715707876827296
17.038546502000003,8.41796875,-4.484375,0.0625,-0.0625,-0.078125,-0.130859375,-88.34134065028206,-63.00160860469769,63.66667551651388,9.53515625,-1.90234375,1.03125,-0.05859375,-0.01171875,-0.01953125,-93.38120654571425,-85.03505483094463,58.71415433952201,166.904296875,0.000500015259254738,2.715707876827296
17.058164051999995,8.41796875,-4.484375,0.0625,-0.0625,-0.078125,-0.130859375,-88.34134065028206,-63.00160860469769,63.66667551651388,9.53515625,-1.90234375,1.03125,-0.05859375,-0.01171875,-0.01953125,-96.31381027931083,-85.18250523984761,61.54060517769801,166.904296875,0.000500015259254738,2.7223330790124214
17.068664205999994,8.41796875,-4.484375,0.0625,-0.0625,-0.078125,-0.130859375,-88.34134065028206,-63.00160860469769,63.66667551651388,9.87890625,-0.3671875,-0.00390625,-0.0234375,-0.1796875,-0.138671875,-96.31381027931083,-85.18250523984761,61.54060517769801,166.904296875,0.0007500228888821071,2.7223330790124214
17.082684677999993,9.0625,-4.21875,-0.05078125,-0.0625,-0.078125,-0.130859375,-88.34134065028206,-63.00160860469769,63.66667551651388,9.87890625,-0.3671875,-0.00390625,-0.0234375,-0.1796875,-0.138671875,-96.31381027931083,-85.18250523984761,61.54060517769801,166.904296875,0.0007500228888821071,2.7777097689748835
17.092583659000013,9.0625,-4.21875,-0.05078125,-0.05078125,-0.130859375,-0.158203125,-89.21459185000961,-63.442435903375674,64.43247448392941,9.87890625,-0.3671875,-0.00390625,-0.0234375,-0.1796875,-0.138671875,-96.31381027931083,-85.18250523984761,61.54060517769801,166.904296875,0.000250007629627369,2.7777097689748835
17.10657053099999,8.9140625,-4.0625,0.25390625,-0.05078125,-0.130859375,-0.158203125,-89.21459185000961,-63.442435903375674,64.43247448392941,9.76171875,-0.8671875,-0.12109375,-0.041015625,-0.166015625,-0.197265625,-103.21323936159042,-85.53190648329848,68.39080631382653,166.904296875,0.000250007629627369,2.8839630115665154
17.128881054000004,8.9140625,-4.0625,0.25390625,-0.05078125,-0.130859375,-0.158203125,-89.21459185000961,-63.442435903375674,64.43247448392941,9.76171875,-0.8671875,-0.12109375,-0.041015625,-0.166015625,-0.197265625,-103.21323936159042,-85.53190648329848,68.39080631382653,166.904296875,0.00037501144444105353,2.8839630115665154
17.134148090999986,8.9140625,-4.0625,0.25390625,-0.05078125,-0.130859375,-0.158203125,-89.21459185000961,-63.442435903375674,64.43247448392941,9.76171875,-0.8671875,-0.12109375,-0.041015625,-0.166015625,-0.197265625,-103.21323936159042,-85.53190648329848,68.39080631382653,166.904296875,0.00037501144444105353,2.971715689565722
17.138893537,8.95703125,-4.67578125,0.02734375,-0.078125,-0.10546875,-0.240234375,-90.21672087615491,-64.00614358158118,65.27154512516671,9.953125,-1.40234375,-0.42578125,-0.041015625,-0.166015625,-0.197265625,-103.21323936159042,-85.53190648329848,68.39080631382653,166.904296875,0.00037501144444105353,2.971715689565722
17.158809034,8.95703125,-4.67578125,0.02734375,-0.078125,-0.10546875,-0.240234375,-90.21672087615491,-64.00614358158118,65.27154512516671,9.953125,-1.40234375,-0.42578125,-0.041015625,-0.166015625,-0.197265625,-111.46211615070908,-86.00240354729304,76.4844087977986,166.904296875,0.00037501144444105353,3.000216559343242
17.16879188499999,9.0625,-4.5625,0.0625,-0.078125,-0.10546875,-0.240234375,-90.21672087615491,-64.00614358158118,65.27154512516671,9.796875,0.015625,-0.65625,-0.10546875,-0.080078125,-0.171875,-111.46211615070908,-86.00240354729304,76.4844087977986,166.904296875,0.0006250190740684225,3.000216559343242
17.187791110999996,9.0625,-4.5625,0.0625,-0.005859375,-0.046875,0.017578125,-91.0755419760356,-64.44967776242909,65.87185816511082,9.796875,0.015625,-0.65625,-0.10546875,-0.080078125,-0.171875,-111.46211615070908,-86.00240354729304,76.4844087977986,166.904296875,0.0006250190740684225,3.0653435468611714
17.201264041,9.3359375,-4.41015625,-0.2421875,-0.005859375,-0.046875,0.017578125,-91.0755419760356,-64.44967776242909,65.87185816511082,9.99609375,0.3984375,-0.9609375,-0.10546875,-0.080078125,-0.171875,-114.56582544771786,-86.1218956972711,79.47624633361575,166.904296875,0.000500015259254738,3.0653435468611714
17.219975272,9.3359375,-4.41015625,-0.2421875,-0.005859375,-0.046875,0.017578125,-91.0755419760356,-64.44967776242909,65.87185816511082,9.99609375,0.3984375,-0.9609375,-0.015625,0.0078125,-0.015625,-114.56582544771786,-86.1218956972711,79.47624633361575,166.904296875,0.000500015259254738,3.099594592120121
17.229802446000008,9.3359375,-4.41015625,-0.2421875,-0.005859375,-0.046875,0.017578125,-91.0755419760356,-64.44967776242909,65.87185816511082,10.11328125,-1.328125,-0.84765625,-0.015625,0.0078125,-0.015625,-114.56582544771786,-86.1218956972711,79.47624633361575,166.904296875,0.00037501144444105353,3.099594592120121
17.239967054999994,9.26171875,-4.140625,-0.2421875,0.07421875,0.119140625,-0.072265625,-90.87350048586963,-64.48441064605446,65.69274555119648,10.11328125,-1.328125,-0.84765625,-0.015625,0.0078125,-0.015625,-114.56582544771786,-86.1218956972711,79.47624633361575,166.904296875,0.00037501144444105353,3.08496914578692
17.255782404,9.26171875,-4.140625,-0.2421875,0.07421875,0.119140625,-0.072265625,-90.87350048586963,-64.48441064605446,65.69274555119648,10.11328125,-1.328125,-0.84765625,-0.015625,0.0078125,-0.015625,-114.56582544771786,-86.1218956972711,79.47624633361575,166.904296875,0.00037501144444105353,3.08496914578692
17.27869950799999,9.33984375,-3.98828125,-0.3203125,0.07421875,0.119140625,-0.072265625,-90.87350048586963,-64.48441064605446,65.69274555119648,10.0703125,-0.21484375,-1.5,-0.001953125,0.193359375,-0.0703125,-113.22252580206681,-86.31142188124846,78.17973276733258,166.904296875,0.00037501144444105353,3.060093386638997
17.288939091000003,9.33984375,-3.87109375,-0.12890625,0.080078125,0.220703125,-0.009765625,-89.58481794409076,-64.65345266028216,64.53728147016753,9.91796875,0.43359375,-0.92578125,-0.001953125,0.193359375,-0.0703125,-113.22252580206681,-86.31142188124846,78.17973276733258,166.904296875,0.00037501144444105353,2.8720876491592153
17.31141857099999,9.33984375,-3.87109375,-0.12890625,0.080078125,0.220703125,-0.009765625,-89.58481794409076,-64.65345266028216,64.53728147016753,9.91796875,0.43359375,-0.92578125,-0.001953125,0.193359375,-0.0703125,-103.54166521782862,-86.66305758318646,68.49115045298886,166.904296875,0.00037501144444105353,2.8720876491592153
17.321333584,9.33984375,-3.87109375,-0.12890625,0.080078125,0.220703125,-0.009765625,-89.58481794409076,-64.65345266028216,64.53728147016753,9.80078125,-0.484375,0.33984375,-0.0546875,0.255859375,-0.033203125,-103.54166521782862,-86.66305758318646,68.49115045298886,166.904296875,0.00037501144444105353,2.6109546800134282
17.334295034999997,9.1015625,-3.98828125,0.25390625,0.013671875,0.19140625,-0.009765625,-88.06310115774632,-64.7222958460707,63.00822278395488,9.80078125,-0.484375,0.33984375,-0.0546875,0.255859375,-0.033203125,-103.54166521782862,-86.66305758318646,68.49115045298886,166.904296875,0.000500015259254738,2.6109546800134282
17.35149797400001,9.1015625,-3.98828125,0.25390625,0.013671875,0.19140625,-0.009765625,-88.06310115774632,-64.7222958460707,63.00822278395488,9.80078125,-0.484375,0.33984375,-0.0546875,0.255859375,-0.033203125,-103.54166521782862,-86.66305758318646,68.49115045298886,166.904296875,0.000500015259254738,2.0258118228705713
17.35682222599999,9.1015625,-3.98828125,0.25390625,0.013671875,0.19140625,-0.009765625,-88.06310115774632,-64.7222958460707,63.00822278395488,9.6484375,-0.21484375,1.3359375,-0.0546875,0.255859375,-0.033203125,-93.70728093444878,-86.77595586659261,58.55944796700139,166.904296875,0.0,2.0258118228705713
17.370284371999986,8.9140625,-4.6015625,0.37109375,0.013671875,0.19140625,-0.009765625,-88.06310115774632,-64.7222958460707,63.00822278395488,9.6484375,-0.21484375,1.3359375,0.021484375,0.06640625,0.060546875,-93.70728093444878,-86.77595586659261,58.55944796700139,166.904296875,0.0,1.2620385143589588
17.38398475400001,8.9140625,-4.6015625,0.37109375,0.013671875,0.19140625,-0.009765625,-88.06310115774632,-64.7222958460707,63.00822278395488,9.6484375,-0.21484375,1.3359375,0.021484375,0.06640625,0.060546875,-93.70728093444878,-86.77595586659261,58.55944796700139,166.904296875,0.0006250190740684225,1.2620385143589588
17.38928590200001,8.4921875,-4.71484375,0.41015625,0.001953125,0.00390625,0.072265625,-87.39205472367223,-64.56617280983517,62.41856391866915,9.45703125,-1.05859375,0.953125,0.021484375,0.06640625,0.060546875,-93.70728093444878,-86.77595586659261,58.55944796700139,166.904296875,0.0006250190740684225,0.5665172887356182
17.408735135,8.4921875,-4.71484375,0.41015625,0.001953125,0.00390625,0.072265625,-87.39205472367223,-64.56617280983517,62.41856391866915,9.45703125,-1.05859375,0.953125,0.021484375,0.06640625,0.060546875,-92.30361880326919,-86.5507640426064,57.16948855235073,166.904296875,0.0,0.5665172887356182
17.419001820999995,8.4921875,-4.71484375,0.41015625,0.001953125,0.00390625,0.072265625,-87.39205472367223,-64.56617280983517,62.41856391866915,9.6484375,-0.75390625,0.6484375,0.01171875,-0.068359375,0.099609375,-92.30361880326919,-86.5507640426064,57.16948855235073,166.904296875,0.0,0.006125186925870541
17.43291592700001,8.80078125,-4.6015625,0.25390625,0.001953125,0.00390625,0.072265625,-87.39205472367223,-64.56617280983517,62.41856391866915,9.6484375,-0.75390625,0.6484375,0.01171875,-0.068359375,0.099609375,-92.30361880326919,-86.5507640426064,57.16948855235073,166.904296875,0.0006250190740684225,0.006125186925870541
17.443128693999995,8.80078125,-4.6015625,0.25390625,0.140625,-0.146484375,0.123046875,-87.79463290931766,-64.29915486576274,62.90086530529883,9.57421875,-1.51953125,-0.42578125,0.01171875,-0.068359375,0.099609375,-92.30361880326919,-86.5507640426064,57.16948855235073,166.904296875,0.0006250190740684225,0.0
17.461912275999993,8.296875,-4.984375,-0.703125,0.140625,-0.146484375,0.123046875,-87.79463290931766,-64.29915486576274,62.90086530529883,9.57421875,-1.51953125,-0.42578125,0.728515625,-0.05859375,0.142578125,-94.36054553146417,-86.19029208868407,59.74156723168393,166.904296875,0.000250007629627369,0.0
17.48066459399999,8.296875,-4.984375,-0.703125,0.140625,-0.146484375,0.123046875,-87.79463290931766,-64.29915486576274,62.90086530529883,9.57421875,-1.51953125,-0.42578125,0.728515625,-0.05859375,0.142578125,-94.36054553146417,-86.19029208868407,59.74156723168393,166.904296875,0.000250007629627369,0.00037501144444105353
17.485812689,8.296875,-4.984375,-0.703125,0.140625,-0.146484375,0.123046875,-87.79463290931766,-64.29915486576274,62.90086530529883,9.5703125,-1.94140625,1.06640625,0.728515625,-0.05859375,0.142578125,-94.36054553146417,-86.19029208868407,59.74156723168393,166.81640625,0.000250007629627369,0.00037501144444105353
17.494150354999988,8.80078125,-3.98828125,0.63671875,0.44140625,-0.392578125,0.001953125,-88.31763237991947,-64.03213268874526,65.00377467769958,9.5703125,-1.94140625,1.06640625,0.728515625,-0.05859375,0.142578125,-94.36054553146417,-86.19029208868407,59.74156723168393,166.904296875,0.000250007629627369,0.0
17.50882598199999,8.80078125,-3.98828125,0.63671875,0.44140625,-0.392578125,0.001953125,-88.31763237991947,-64.03213268874526,65.00377467769958,9.6484375,-0.98046875,0.9921875,0.3671875,-0.134765625,0.015625,-97.45331040950741,-86.01666572865965,64.48729988977219,166.904296875,0.0001250038148136845,0.0
17.528218672999998,8.3359375,-5.3671875,1.6328125,0.44140625,-0.392578125,0.001953125,-88.31763237991947,-64.03213268874526,65.00377467769958,9.6484375,-0.98046875,0.9921875,0.3671875,-0.134765625,0.015625,-97.45331040950741,-86.01666572865965,64.48729988977219,166.904296875,0.0001250038148136845,0.0
17.53762783900001,8.3359375,-5.3671875,1.6328125,0.44140625,-0.392578125,0.001953125,-88.31763237991947,-64.03213268874526,65.00377467769958,9.6484375,-0.98046875,0.9921875,0.3671875,-0.134765625,0.015625,-97.45331040950741,-86.01666572865965,64.48729988977219,166.904296875,0.000250007629627369,0.0
17.542361478000004,8.3359375,-5.3671875,1.6328125,0.43359375,-0.353515625,0.19921875,-89.70706942831717,-63.95612390928751,67.61124760317792,10.1796875,-2.4765625,1.71875,0.3671875,-0.134765625,0.015625,-97.45331040950741,-86.01666572865965,64.48729988977219,166.904296875,0.000250007629627369,0.0
17.56084276300001,8.296875,-7.89453125,1.75,0.43359375,-0.353515625,0.19921875,-89.70706942831717,-63.95612390928751,67.61124760317792,10.1796875,-2.4765625,1.71875,0.3359375,-0.2265625,0.197265625,-99.91153433368385,-85.51871992816162,68.2466993127552,166.81640625,0.000250007629627369,0.0
17.58000749300001,8.296875,-7.89453125,1.75,0.43359375,-0.353515625,0.19921875,-89.70706942831717,-63.95612390928751,67.61124760317792,9.953125,-1.6328125,0.03515625,0.3359375,-0.2265625,0.197265625,-99.91153433368385,-85.51871992816162,68.2466993127552,166.81640625,0.000250007629627369,0.000250007629627369
17.58969777600001,9.40625,-2.8359375,-1.546875,0.06640625,-0.275390625,0.01171875,-90.53557494598235,-63.43750861735363,69.45583690781727,9.953125,-1.6328125,0.03515625,0.3359375,-0.2265625,0.197265625,-99.91153433368385,-85.51871992816162,68.2466993127552,166.81640625,0.000500015259254738,0.000250007629627369
17.604584921999987,9.40625,-2.8359375,-1.546875,0.06640625,-0.275390625,0.01171875,-90.53557494598235,-63.43750861735363,69.45583690781727,9.953125,-1.6328125,0.03515625,0.3359375,-0.2265625,0.197265625,-99.91153433368385,-85.51871992816162,68.2466993127552,166.904296875,0.000500015259254738,0.000250007629627369
17.617768931,10.671875,-0.4609375,-1.69921875,0.06640625,-0.275390625,0.01171875,-90.53557494598235,-63.43750861735363,69.45583690781727,10.26171875,1.5859375,-2.37890625,0.013671875,-0.275390625,-0.1484375,-109.5006880545647,-85.16533972823056,78.59565693559264,166.904296875,0.0001250038148136845,0.000500015259254738
17.634532330000013,10.671875,-0.4609375,-1.69921875,0.06640625,-0.275390625,0.01171875,-90.53557494598235,-63.43750861735363,69.45583690781727,10.26171875,1.5859375,-2.37890625,0.013671875,-0.275390625,-0.1484375,-109.5006880545647,-85.16533972823056,78.59565693559264,166.81640625,0.0006250190740684225,0.000500015259254738
17.640017668000013,10.671875,-0.4609375,-1.69921875,-0.03515625,-0.07421875,0.0,-91.51566433411733,-63.70682715063232,70.69021292497187,9.1875,1.96875,-2.6875,0.013671875,-0.275390625,-0.1484375,-109.5006880545647,-85.16533972823056,78.59565693559264,166.904296875,0.0006250190740684225,0.000250007629627369
17.659634165,8.68359375,-3.6796875,0.828125,-0.03515625,-0.07421875,0.0,-91.51566433411733,-63.70682715063232,70.69021292497187,10.296875,-0.1015625,-1.0,-0.46484375,0.125,-0.0078125,-113.03175858957547,-85.19710045452834,82.14134429455211,166.904296875,0.0,0.000250007629627369
17.682342317000007,9.5625,-4.21875,0.63671875,-0.03515625,-0.07421875,0.0,-91.51566433411733,-63.70682715063232,70.69021292497187,10.296875,-0.1015625,-1.0,-0.46484375,0.125,-0.0078125,-113.03175858957547,-85.19710045452834,82.14134429455211,166.904296875,0.0,0.000500015259254738
17.692161526000007,9.5625,-4.21875,0.63671875,-0.765625,0.533203125,-0.029296875,-91.50830832796692,-63.72573171154804,69.49501116100834,10.296875,-0.1015625,-1.0,-0.46484375,0.125,-0.0078125,-113.03175858957547,-85.19710045452834,82.14134429455211,166.81640625,0.0,0.000500015259254738
17.705849142000005,9.5625,-4.21875,0.63671875,-0.765625,0.533203125,-0.029296875,-91.50830832796692,-63.72573171154804,69.49501116100834,10.03515625,-0.29296875,-0.578125,-0.46484375,0.125,-0.0078125,-110.94398998851172,-85.41591946882984,77.96811504922567,166.81640625,0.0,0.000250007629627369
17.719313690000007,9.0234375,-4.29296875,-0.08984375,-0.765625,0.533203125,-0.029296875,-91.50830832796692,-63.72573171154804,69.49501116100834,10.03515625,-0.29296875,-0.578125,-1.015625,0.103515625,0.009765625,-110.94398998851172,-85.41591946882984,77.96811504922567,166.904296875,0.0,0.000250007629627369
17.73412010199999,9.0234375,-4.29296875,-0.08984375,-0.765625,0.533203125,-0.029296875,-91.50830832796692,-63.72573171154804,69.49501116100834,9.453125,-0.7890625,0.2265625,-1.015625,0.103515625,0.009765625,-110.94398998851172,-85.41591946882984,77.96811504922567,166.81640625,0.0,0.0006250190740684225
17.74355614999999,8.6015625,-4.9453125,-0.2421875,-0.98828125,0.458984375,0.0234375,-91.00890576847459,-63.785605928263585,65.96929448282093,9.453125,-0.7890625,0.2265625,-1.015625,0.103515625,0.009765625,-110.94398998851172,-85.41591946882984,77.96811504922567,166.81640625,0.0,0.0006250190740684225
17.757381971,8.6015625,-4.9453125,-0.2421875,-0.98828125,0.458984375,0.0234375,-91.00890576847459,-63.785605928263585,65.96929448282093,9.453125,-0.7890625,0.2265625,-1.015625,0.103515625,0.009765625,-110.94398998851172,-85.41591946882984,77.96811504922567,166.81640625,0.0,0.000250007629627369
17.779754833,8.76171875,-4.140625,0.0625,-0.98828125,0.458984375,0.0234375,-91.00890576847459,-63.785605928263585,65.96929448282093,9.49609375,-1.78515625,0.68359375,-0.9453125,-0.03125,-0.017578125,-111.54812999570788,-85.39878450234966,75.60164810186488,166.81640625,0.000250007629627369,0.000500015259254738
17.790235437999996,8.76171875,-4.140625,0.0625,-0.7578125,0.216796875,-0.11328125,-91.58308618982561,-63.88434428330724,63.72669360575761,9.53515625,-1.671875,0.5703125,-0.9453125,-0.03125,-0.017578125,-111.54812999570788,-85.39878450234966,75.60164810186488,166.81640625,0.0001250038148136845,0.000500015259254738
17.805113911999996,8.76171875,-4.140625,0.0625,-0.7578125,0.216796875,-0.11328125,-91.58308618982561,-63.88434428330724,63.72669360575761,9.53515625,-1.671875,0.5703125,-0.9453125,-0.03125,-0.017578125,-111.54812999570788,-85.39878450234966,75.60164810186488,166.81640625,0.0001250038148136845,0.000250007629627369
17.810398708999998,8.796875,-4.5234375,-0.28125,-0.7578125,0.216796875,-0.11328125,-91.58308618982561,-63.88434428330724,63.72669360575761,9.53515625,-1.671875,0.5703125,-0.685546875,-0.150390625,-0.11328125,-117.20528472417556,-85.50679786351718,78.89859129237271,166.904296875,0.0,0.000250007629627369
17.830160132000003,8.796875,-4.5234375,-0.28125,-0.7578125,0.216796875,-0.11328125,-91.58308618982561,-63.88434428330724,63.72669360575761,9.53515625,-1.01953125,-0.3125,-0.685546875,-0.150390625,-0.11328125,-117.20528472417556,-85.50679786351718,78.89859129237271,166.81640625,0.0,0.0001250038148136845
17.839873102000013,8.95703125,-4.5234375,-1.0078125,-0.4296875,0.0234375,-0.099609375,-92.65378971504089,-64.23858914191739,62.81141004495414,9.53515625,-1.01953125,-0.3125,-0.685546875,-0.150390625,-0.11328125,-117.20528472417556,-85.50679786351718,78.89859129237271,166.81640625,0.0,0.0001250038148136845
17.854706201,8.95703125,-4.5234375,-1.0078125,-0.4296875,0.0234375,-0.099609375,-92.65378971504089,-64.23858914191739,62.81141004495414,9.53515625,-1.01953125,-0.3125,-0.685546875,-0.150390625,-0.11328125,-117.20528472417556,-85.50679786351718,78.89859129237271,166.904296875,0.0,0.000250007629627369
17.860012726000008,8.95703125,-4.5234375,-1.0078125,-0.4296875,0.0234375,-0.099609375,-92.65378971504089,-64.23858914191739,62.81141004495414,9.71875,-0.67578125,-0.65625,0.025390625,-0.138671875,-0.03125,-125.25308245980314,-85.53818509336423,85.69565717522285,166.81640625,0.0001250038148136845,0.000250007629627369
17.878971347999993,9.140625,-4.21875,-0.51171875,-0.4296875,0.0234375,-0.099609375,-92.65378971504089,-64.23858914191739,62.81141004495414,9.71875,-0.67578125,-0.65625,0.025390625,-0.138671875,-0.03125,-125.25308245980314,-85.53818509336423,85.69565717522285,166.81640625,0.0001250038148136845,0.0001250038148136845
17.888433187000004,9.140625,-4.21875,-0.51171875,-0.4296875,0.0234375,-0.099609375,-92.65378971504089,-64.23858914191739,62.81141004495414,9.71875,-0.67578125,-0.65625,0.025390625,-0.138671875,-0.03125,-125.25308245980314,-85.53818509336423,85.69565717522285,166.81640625,0.00037501144444105353,0.0001250038148136845
17.892999886000013,9.140625,-4.21875,-0.51171875,-0.169921875,0.029296875,-0.1015625,-93.23817982181214,-64.43602743371937,63.03515377097122,9.71875,-0.67578125,-1.1171875,0.025390625,-0.138671875,-0.03125,-125.25308245980314,-85.53818509336423,85.69565717522285,166.81640625,0.00037501144444105353,0.0
17.911501012000002,9.10546875,-3.94921875,-0.1640625,-0.169921875,0.029296875,-0.1015625,-93.23817982181214,-64.43602743371937,63.03515377097122,9.69140625,-0.40625,-1.1171875,-0.283203125,-0.037109375,-0.130859375,-130.3319168733791,-85.48433278397653,90.5017321322481,166.81640625,0.4125125888851589,0.0
17.933951121000007,9.10546875,-3.94921875,-0.1640625,-0.169921875,0.029296875,-0.1015625,-93.23817982181214,-64.43602743371937,63.03515377097122,9.69140625,-0.40625,-1.1171875,-0.283203125,-0.037109375,-0.130859375,-130.3319168733791,-85.48433278397653,90.5017321322481,166.81640625,0.4125125888851589,0.00037501144444105353
17.939272622000004,9.21875,-3.98828125,-0.2421875,-0.18359375,0.076171875,-0.12109375,-93.55059667325145,-64.82227676050447,62.682941039182396,9.69140625,-0.40625,-1.1171875,-0.283203125,-0.037109375,-0.130859375,-130.3319168733791,-85.48433278397653,90.5017321322481,166.81640625,0.852651020844142,0.00037501144444105353
17.954079097000005,9.21875,-3.98828125,-0.2421875,-0.18359375,0.076171875,-0.12109375,-93.55059667325145,-64.82227676050447,62.682941039182396,9.6875,-0.4453125,-1.0,-0.283203125,-0.037109375,-0.130859375,-130.3319168733791,-85.48433278397653,90.5017321322481,166.81640625,0.852651020844142,0.000250007629627369
17.96329290899999,9.21875,-3.98828125,-0.2421875,-0.18359375,0.076171875,-0.12109375,-93.55059667325145,-64.82227676050447,62.682941039182396,9.6875,-0.4453125,-1.0,-0.068359375,0.111328125,-0.111328125,-133.40442645810816,-85.79498889552538,92.98078328310778,166.81640625,1.3319156468398086,0.000250007629627369
17.976880111000014,9.1015625,-4.29296875,-0.28125,-0.18359375,0.076171875,-0.12109375,-93.55059667325145,-64.82227676050447,62.682941039182396,9.6875,-0.4453125,-1.0,-0.068359375,0.111328125,-0.111328125,-133.40442645810816,-85.79498889552538,92.98078328310778,166.81640625,1.3319156468398086,0.0001250038148136845
17.98619859300001,9.1015625,-4.29296875,-0.28125,-0.18359375,0.076171875,-0.12109375,-93.55059667325145,-64.82227676050447,62.682941039182396,9.609375,-1.01953125,-0.6171875,-0.068359375,0.111328125,-0.111328125,-133.40442645810816,-85.79498889552538,92.98078328310778,166.81640625,1.6261746269112218,0.0001250038148136845
17.99486457500001,8.87890625,-4.37109375,-0.3203125,-0.111328125,0.103515625,-0.146484375,-93.31222311305747,-65.19614137551515,62.115773773618955,9.609375,-1.01953125,-0.6171875,-0.068359375,0.111328125,-0.111328125,-133.40442645810816,-85.79498889552538,92.98078328310778,166.728515625,1.6261746269112218,0.000250007629627369
18.012344025000004,8.87890625,-4.37109375,-0.3203125,-0.111328125,0.103515625,-0.146484375,-93.31222311305747,-65.19614137551515,62.115773773618955,9.609375,-1.01953125,-0.6171875,-0.068359375,0.111328125,-0.111328125,-134.52909761716475,-86.23208989791175,93.7039920947075,166.728515625,1.8823074434644613,0.000250007629627369
18.020822745999993,8.87890625,-4.37109375,-0.3203125,-0.111328125,0.103515625,-0.146484375,-93.31222311305747,-65.19614137551515,62.115773773618955,9.72265625,-1.328125,-0.12109375,-0.169921875,0.0859375,-0.18359375,-134.52909761716475,-86.23208989791175,93.7039920947075,166.728515625,1.8823074434644613,0.0006250190740684225
18.034986065999988,9.02734375,-4.4453125,0.1015625,-0.12109375,-0.009765625,-0.30078125,-93.4247969081601,-65.8132314032198,61.803111415349676,9.72265625,-1.328125,-0.12109375,-0.169921875,0.0859375,-0.18359375,-134.52909761716475,-86.23208989791175,93.7039920947075,166.728515625,2.0538126773888363,0.0006250190740684225
18.052836547999988,9.02734375,-4.4453125,0.1015625,-0.12109375,-0.009765625,-0.30078125,-93.4247969081601,-65.8132314032198,61.803111415349676,9.76171875,-1.671875,0.72265625,-0.169921875,0.0859375,-0.18359375,-134.52909761716475,-86.23208989791175,93.7039920947075,166.728515625,2.0538126773888363,0.000500015259254738
18.06300320599999,9.02734375,-4.4453125,0.1015625,-0.12109375,-0.009765625,-0.30078125,-93.4247969081601,-65.8132314032198,61.803111415349676,9.76171875,-1.671875,0.72265625,-0.169921875,0.0859375,-0.18359375,-142.5216048620699,-86.76049334700238,101.22657980340364,166.728515625,2.3255709707937866,0.000500015259254738
18.07322442399999,9.22265625,-4.0234375,-0.28125,-0.12109375,-0.009765625,-0.30078125,-93.4247969081601,-65.8132314032198,61.803111415349676,9.72265625,-0.0625,0.1875,-0.12109375,-0.09375,-0.35546875,-142.5216048620699,-86.76049334700238,101.22657980340364,166.728515625,2.3255709707937866,0.0
18.090875933999996,9.26171875,-3.640625,-0.359375,-0.138671875,-0.064453125,-0.326171875,-94.28228087600475,-66.7879747079243,62.293260800219514,9.72265625,-0.0625,0.1875,-0.12109375,-0.09375,-0.35546875,-142.5216048620699,-86.76049334700238,101.22657980340364,166.728515625,2.4550749229407636,0.0
18.108646354,9.26171875,-3.640625,-0.359375,-0.138671875,-0.064453125,-0.326171875,-94.28228087600475,-66.7879747079243,62.293260800219514,9.49609375,0.7421875,-0.65625,-0.12109375,-0.09375,-0.35546875,-161.22586753245767,-86.95627024306127,119.6576275064933,166.728515625,2.4550749229407636,0.0001250038148136845
18.12192809000001,9.26171875,-3.640625,-0.359375,-0.138671875,-0.064453125,-0.326171875,-94.28228087600475,-66.7879747079243,62.293260800219514,9.49609375,0.7421875,-0.65625,-0.0625,-0.111328125,-0.259765625,-161.22586753245767,-86.95627024306127,119.6576275064933,166.728515625,2.5769536423841064,0.0001250038148136845
18.132041501000003,9.02734375,-3.4140625,-0.28125,-0.138671875,-0.064453125,-0.326171875,-94.28228087600475,-66.7879747079243,62.293260800219514,9.49609375,0.7421875,-0.65625,-0.0625,-0.111328125,-0.259765625,-161.22586753245767,-86.95627024306127,119.6576275064933,166.728515625,2.5769536423841064,0.000500015259254738
18.141355822999998,9.02734375,-3.4140625,-0.28125,-0.041015625,-0.052734375,-0.177734375,-95.07727217286134,-67.50881326607127,62.87283277527244,9.57421875,0.93359375,-0.73046875,-0.0625,-0.111328125,-0.259765625,-161.22586753245767,-86.95627024306127,119.6576275064933,166.728515625,2.6023294167912843,0.000500015259254738
18.160512393000005,9.02734375,-3.4140625,-0.28125,-0.041015625,-0.052734375,-0.177734375,-95.07727217286134,-67.50881326607127,62.87283277527244,9.57421875,0.93359375,-0.73046875,-0.0625,-0.111328125,-0.259765625,-172.80260865598441,-86.95634260017677,131.2303449043703,166.728515625,2.6023294167912843,0.00037501144444105353
18.170962981999992,9.37890625,-3.6796875,-0.28125,-0.041015625,-0.052734375,-0.177734375,-95.07727217286134,-67.50881326607127,62.87283277527244,9.6875,0.8203125,-0.73046875,0.029296875,-0.021484375,-0.09375,-172.80260865598441,-86.95634260017677,131.2303449043703,166.728515625,2.594079165013581,0.00037501144444105353
18.19020713399999,8.98828125,-3.375,-0.359375,0.072265625,0.005859375,-0.0234375,-95.26740877418659,-67.82634122385856,63.14887397952778,9.6875,0.8203125,-0.73046875,0.029296875,-0.021484375,-0.09375,-172.80260865598441,-86.95634260017677,131.2303449043703,166.728515625,2.594079165013581,0.000250007629627369
18.205311044000013,8.98828125,-3.375,-0.359375,0.072265625,0.005859375,-0.0234375,-95.26740877418659,-67.82634122385856,63.14887397952778,9.6875,0.8203125,-0.73046875,0.029296875,-0.021484375,-0.09375,-172.80260865598441,-86.95634260017677,131.2303449043703,166.728515625,2.4669502853480636,0.000250007629627369
18.230175220000007,8.953125,-3.375,-0.39453125,0.072265625,0.005859375,-0.0234375,-95.26740877418659,-67.82634122385856,63.14887397952778,9.1875,1.01171875,-0.73046875,0.0703125,0.048828125,0.0546875,-174.9386525015182,-86.95891641539635,133.5203503378946,166.728515625,2.119814691610462,0.00037501144444105353
18.240166200999994,8.953125,-3.375,-0.39453125,0.017578125,0.05859375,0.1015625,-94.78817042850018,-67.69319888988433,62.86198571711288,9.3359375,0.6640625,-0.6953125,0.0703125,0.048828125,0.0546875,-174.9386525015182,-86.95891641539635,133.5203503378946,166.81640625,2.119814691610462,0.0001250038148136845
18.258753885999994,9.0234375,-3.640625,-0.43359375,0.017578125,0.05859375,0.1015625,-94.78817042850018,-67.69319888988433,62.86198571711288,9.3359375,0.6640625,-0.6953125,0.0703125,0.048828125,0.0546875,-169.97704002474478,-87.06057664641327,128.6099556471382,166.81640625,1.6157993102816859,0.0001250038148136845
18.27221664199999,9.0234375,-3.640625,-0.43359375,0.017578125,0.05859375,0.1015625,-94.78817042850018,-67.69319888988433,62.86198571711288,9.5703125,0.625,-0.6171875,-0.0078125,0.060546875,0.181640625,-169.97704002474478,-87.06057664641327,128.6099556471382,166.81640625,1.6157993102816859,0.000250007629627369
18.286083230999992,9.0234375,-3.640625,-0.43359375,0.017578125,0.05859375,0.1015625,-94.78817042850018,-67.69319888988433,62.86198571711288,9.5703125,0.625,-0.6171875,-0.0078125,0.060546875,0.181640625,-169.97704002474478,-87.06057664641327,128.6099556471382,166.81640625,1.065032502212592,0.000250007629627369
18.291098946000005,9.14453125,-3.98828125,-0.203125,0.025390625,0.064453125,0.25,-94.26100340830934,-67.22838760796415,62.33368967813424,9.6875,0.359375,-0.80859375,-0.0078125,0.060546875,0.181640625,-169.97704002474478,-87.06057664641327,128.6099556471382,166.81640625,1.065032502212592,0.0
18.31094094299999,9.14453125,-3.98828125,-0.203125,0.025390625,0.064453125,0.25,-94.26100340830934,-67.22838760796415,62.33368967813424,9.6875,0.359375,-0.80859375,-0.0078125,0.060546875,0.181640625,-157.40238608341335,-87.03538600963084,115.97568126511646,166.81640625,0.5126406445509202,0.0
18.321683334,9.2578125,-3.91015625,-0.359375,0.025390625,0.064453125,0.25,-94.26100340830934,-67.22838760796415,62.33368967813424,9.6875,0.359375,-0.80859375,-0.046875,0.10546875,0.275390625,-157.40238608341335,-87.03538600963084,115.97568126511646,166.81640625,0.5126406445509202,0.000250007629627369
18.33589273300001,9.2578125,-3.91015625,-0.359375,0.025390625,0.064453125,0.25,-94.26100340830934,-67.22838760796415,62.33368967813424,9.80078125,-0.4453125,-0.84765625,-0.046875,0.10546875,0.275390625,-157.40238608341335,-87.03538600963084,115.97568126511646,166.81640625,0.41976281014435257,0.000250007629627369
18.34581738,8.95703125,-4.33203125,0.140625,-0.005859375,0.119140625,0.2265625,-93.24447081012376,-66.47866675141367,61.25810906370301,9.80078125,-0.4453125,-0.84765625,-0.046875,0.10546875,0.275390625,-157.40238608341335,-87.03538600963084,115.97568126511646,166.81640625,0.41976281014435257,0.0001250038148136845
18.363755061000006,8.95703125,-4.33203125,0.140625,-0.005859375,0.119140625,0.2265625,-93.24447081012376,-66.47866675141367,61.25810906370301,9.875,-2.16796875,0.37890625,-0.029296875,0.091796875,0.09375,-141.9903184229678,-87.11043057340797,100.49159723651474,166.728515625,0.6602701498458816,0.0001250038148136845
18.38207641400001,8.95703125,-4.33203125,0.140625,-0.005859375,0.119140625,0.2265625,-93.24447081012376,-66.47866675141367,61.25810906370301,9.875,-2.16796875,0.37890625,-0.029296875,0.091796875,0.09375,-141.9903184229678,-87.11043057340797,100.49159723651474,166.728515625,0.6602701498458816,0.00037501144444105353
18.387444154000008,9.02734375,-4.41015625,-0.203125,-0.05078125,-0.005859375,-0.017578125,-92.89763875340404,-66.22932997992918,60.817366128998,9.6875,-1.6328125,0.875,-0.029296875,0.091796875,0.09375,-141.9903184229678,-87.11043057340797,100.49159723651474,166.728515625,1.0280313730277415,0.00037501144444105353
18.405583654999987,9.02734375,-4.41015625,-0.203125,-0.05078125,-0.005859375,-0.017578125,-92.89763875340404,-66.22932997992918,60.817366128998,9.6875,-1.6328125,0.875,-0.029296875,0.091796875,0.09375,-141.9903184229678,-87.11043057340797,100.49159723651474,166.728515625,1.0280313730277415,0.000500015259254738
18.41087497999999,9.02734375,-4.41015625,-0.203125,-0.05078125,-0.005859375,-0.017578125,-92.89763875340404,-66.22932997992918,60.817366128998,9.6875,-1.6328125,0.875,-0.029296875,0.091796875,0.09375,-140.26425165353268,-87.05408229594507,98.61866849116515,166.728515625,1.3446660359508043,0.000500015259254738
18.42161708399999,8.953125,-4.140625,-0.12890625,-0.05078125,-0.005859375,-0.017578125,-92.89763875340404,-66.22932997992918,60.817366128998,9.65234375,-1.48046875,0.72265625,-0.064453125,-0.146484375,-0.11328125,-140.26425165353268,-87.05408229594507,98.61866849116515,166.728515625,1.3446660359508043,0.0001250038148136845
18.440868596,8.953125,-4.140625,-0.12890625,-0.119140625,-0.15625,-0.197265625,-93.74695948676067,-66.5437714430039,61.43280301372679,9.65234375,-1.48046875,0.72265625,-0.064453125,-0.146484375,-0.11328125,-140.26425165353268,-87.05408229594507,98.61866849116515,166.728515625,1.6227995239112523,0.0001250038148136845
18.454553749000013,9.21875,-3.796875,-0.01171875,-0.119140625,-0.15625,-0.197265625,-93.74695948676067,-66.5437714430039,61.43280301372679,9.65234375,-1.48046875,0.72265625,-0.064453125,-0.146484375,-0.11328125,-140.26425165353268,-87.05408229594507,98.61866849116515,166.728515625,1.6227995239112523,0.000500015259254738
18.46385891899999,9.21875,-3.796875,-0.01171875,-0.119140625,-0.15625,-0.197265625,-93.74695948676067,-66.5437714430039,61.43280301372679,9.76171875,-0.5234375,0.109375,0.015625,-0.208984375,-0.244140625,-153.6458213268871,-86.88834526679862,111.88423681112016,166.728515625,1.8050550859096044,0.000500015259254738
18.483013985000014,9.33984375,-3.56640625,-0.2421875,-0.119140625,-0.15625,-0.197265625,-93.74695948676067,-66.5437714430039,61.43280301372679,9.76171875,-0.5234375,0.109375,0.015625,-0.208984375,-0.244140625,-153.6458213268871,-86.88834526679862,111.88423681112016,166.728515625,1.8050550859096044,0.0007500228888821071
18.49258439799999,9.33984375,-3.56640625,-0.2421875,-0.02734375,-0.146484375,-0.232421875,-95.2023839853036,-67.13378165204867,62.829564847284416,9.7578125,0.20703125,-1.0,0.015625,-0.208984375,-0.244140625,-153.6458213268871,-86.88834526679862,111.88423681112016,166.728515625,1.8620568254646446,0.0007500228888821071
18.51171274500001,9.33984375,-3.56640625,-0.2421875,-0.02734375,-0.146484375,-0.232421875,-95.2023839853036,-67.13378165204867,62.829564847284416,9.7578125,0.20703125,-1.0,0.015625,-0.208984375,-0.244140625,-167.84847765571374,-86.56498405232871,126.13186393498772,166.81640625,1.8620568254646446,0.000500015259254738
18.521637327000008,9.26171875,-3.52734375,-0.51171875,-0.02734375,-0.146484375,-0.232421875,-95.2023839853036,-67.13378165204867,62.829564847284416,9.65234375,0.97265625,-1.765625,0.037109375,-0.0546875,-0.1640625,-167.84847765571374,-86.56498405232871,126.13186393498772,166.81640625,1.842806237983337,0.000500015259254738
18.540906632000002,9.0625,-3.640625,-0.47265625,0.048828125,-0.00390625,-0.087890625,-95.81100843682354,-67.61755935646258,63.51303670198449,9.41796875,0.703125,-1.15234375,0.037109375,-0.0546875,-0.1640625,-167.84847765571374,-86.56498405232871,126.13186393498772,166.81640625,1.842806237983337,0.000250007629627369
18.56320957700001,9.0625,-3.640625,-0.47265625,0.048828125,-0.00390625,-0.087890625,-95.81100843682354,-67.61755935646258,63.51303670198449,9.41796875,0.703125,-1.15234375,0.037109375,-0.0546875,-0.1640625,-173.2154807583217,-86.54493656817769,131.59069982585848,166.81640625,1.6241745658742028,0.000250007629627369
18.57339463599999,9.0625,-3.640625,-0.47265625,0.048828125,-0.00390625,-0.087890625,-95.81100843682354,-67.61755935646258,63.51303670198449,9.41796875,0.703125,-1.15234375,0.00390625,0.0546875,-0.05078125,-173.2154807583217,-86.54493656817769,131.59069982585848,166.81640625,1.6241745658742028,0.0001250038148136845
18.58308316099999,8.98828125,-3.60546875,-0.12890625,0.048828125,-0.00390625,-0.087890625,-95.81100843682354,-67.61755935646258,63.51303670198449,9.6484375,-0.21484375,-0.3125,0.00390625,0.0546875,-0.05078125,-173.2154807583217,-86.54493656817769,131.59069982585848,166.81640625,1.4522943205053866,0.0001250038148136845
18.596719613000005,8.98828125,-3.60546875,-0.12890625,0.0625,-0.017578125,-0.060546875,-95.71075995689559,-67.77966293963782,63.54744934515461,9.6484375,-0.21484375,-0.3125,0.00390625,0.0546875,-0.05078125,-173.2154807583217,-86.54493656817769,131.59069982585848,166.81640625,1.4522943205053866,0.000250007629627369
18.609870217999998,8.98828125,-3.60546875,-0.12890625,0.0625,-0.017578125,-0.060546875,-95.71075995689559,-67.77966293963782,63.54744934515461,9.6484375,-0.21484375,-0.3125,0.00390625,0.0546875,-0.05078125,-176.22132771668583,-86.84830617751699,134.79615734344668,166.81640625,1.2430379345072788,0.000250007629627369
18.618237614999998,8.953125,-3.640625,0.140625,0.0625,-0.017578125,-0.060546875,-95.71075995689559,-67.77966293963782,63.54744934515461,9.53515625,-0.21484375,0.5703125,0.14453125,0.00390625,-0.09375,-176.22132771668583,-86.84830617751699,134.79615734344668,166.904296875,1.2430379345072788,0.0001250038148136845
18.635577006000005,8.953125,-3.640625,0.140625,0.0625,-0.017578125,-0.060546875,-95.71075995689559,-67.77966293963782,63.54744934515461,9.53515625,-0.21484375,0.5703125,0.14453125,0.00390625,-0.09375,-176.22132771668583,-86.84830617751699,134.79615734344668,166.904296875,1.177535935544908,0.0001250038148136845
18.640939403000004,9.0234375,-3.83203125,0.5234375,0.328125,-0.19140625,0.009765625,-95.871863479297,-67.90999083130562,64.17758655002459,9.7578125,0.3203125,0.72265625,0.14453125,0.00390625,-0.09375,-176.22132771668583,-86.84830617751699,134.79615734344668,166.904296875,1.177535935544908,0.0
18.660595390999987,9.0234375,-3.83203125,0.5234375,0.328125,-0.19140625,0.009765625,-95.871863479297,-67.90999083130562,64.17758655002459,9.7578125,0.3203125,0.72265625,0.14453125,0.00390625,-0.09375,-177.55389411583263,-86.878122784145,136.9709934196068,166.904296875,0.9150279244361706,0.0
18.670413513,9.0234375,-3.83203125,0.5234375,0.328125,-0.19140625,0.009765625,-95.871863479297,-67.90999083130562,64.17758655002459,9.7578125,0.3203125,0.72265625,0.59765625,-0.00390625,-0.0078125,-177.55389411583263,-86.878122784145,136.9709934196068,166.904296875,0.9150279244361706,0.0001250038148136845
18.680183349000004,9.375,-3.22265625,-0.08984375,0.328125,-0.19140625,0.009765625,-95.871863479297,-67.90999083130562,64.17758655002459,9.953125,0.12890625,0.1875,0.59765625,-0.00390625,-0.0078125,-177.55389411583263,-86.878122784145,136.9709934196068,166.904296875,0.4236379284035768,0.0001250038148136845
18.693940757999997,9.375,-3.22265625,-0.08984375,0.392578125,-0.279296875,-0.11328125,-96.30106203586041,-67.83533617694148,66.16109500066362,9.953125,0.12890625,0.1875,0.59765625,-0.00390625,-0.0078125,-177.55389411583263,-86.878122784145,136.9709934196068,166.9921875,0.4236379284035768,0.00037501144444105353
18.707977298999992,9.72265625,-2.26171875,-0.703125,0.392578125,-0.279296875,-0.11328125,-96.30106203586041,-67.83533617694148,66.16109500066362,9.91796875,0.359375,-0.65625,0.478515625,-0.095703125,-0.197265625,179.21081214117106,-86.63928513975115,141.62513753480252,166.9921875,0.0,0.00037501144444105353
18.731529918999996,9.72265625,-2.26171875,-0.703125,0.392578125,-0.279296875,-0.11328125,-96.30106203586041,-67.83533617694148,66.16109500066362,9.91796875,0.359375,-0.65625,0.478515625,-0.095703125,-0.197265625,179.21081214117106,-86.63928513975115,141.62513753480252,166.9921875,0.0,0.0007500228888821071
18.73680857299999,9.72265625,-2.26171875,-0.703125,0.392578125,-0.279296875,-0.11328125,-96.30106203586041,-67.83533617694148,66.16109500066362,9.91796875,0.359375,-0.65625,0.478515625,-0.095703125,-0.197265625,179.21081214117106,-86.63928513975115,141.62513753480252,166.9921875,0.000250007629627369,0.0007500228888821071
18.742327415000005,9.10546875,-3.60546875,-0.203125,0.64453125,-0.255859375,-0.08984375,-97.15696944376485,-68.17612796141401,68.40419540845332,9.796875,0.7421875,-1.0,0.478515625,-0.095703125,-0.197265625,179.21081214117106,-86.63928513975115,141.62513753480252,166.9921875,0.000250007629627369,0.0001250038148136845
18.762482338000012,9.10546875,-3.60546875,-0.203125,0.64453125,-0.255859375,-0.08984375,-97.15696944376485,-68.17612796141401,68.40419540845332,9.796875,0.7421875,-1.0,0.478515625,-0.095703125,-0.197265625,174.71618745182968,-86.59341514555007,147.93694397642028,167.080078125,0.00037501144444105353,0.0001250038148136845
18.772392939000014,9.0234375,-4.0234375,-0.93359375,0.64453125,-0.255859375,-0.08984375,-97.15696944376485,-68.17612796141401,68.40419540845332,9.8359375,0.58984375,-1.95703125,0.779296875,0.083984375,0.01171875,174.71618745182968,-86.59341514555007,147.93694397642028,167.080078125,0.00037501144444105353,0.000250007629627369
18.791571815999987,9.0234375,-4.0234375,-0.93359375,0.4296875,-0.072265625,0.03515625,-96.4253605953927,-68.14528002725517,69.79797594571478,9.8359375,0.58984375,-1.95703125,0.779296875,0.083984375,0.01171875,174.71618745182968,-86.59341514555007,147.93694397642028,166.9921875,0.0,0.000250007629627369
18.802731386000005,8.875,-4.29296875,-1.8125,0.4296875,-0.072265625,0.03515625,-96.4253605953927,-68.14528002725517,69.79797594571478,9.61328125,0.625,-2.6875,0.779296875,0.083984375,0.01171875,177.69856459272034,-86.7107973897595,146.3355062223619,166.9921875,0.0,0.000500015259254738
18.82213717100001,8.875,-4.29296875,-1.8125,0.4296875,-0.072265625,0.03515625,-96.4253605953927,-68.14528002725517,69.79797594571478,9.61328125,0.625,-2.6875,-0.078125,0.10546875,0.23046875,177.69856459272034,-86.7107973897595,146.3355062223619,166.9921875,0.0001250038148136845,0.000500015259254738
18.832680175999997,8.875,-4.29296875,-1.8125,0.4296875,-0.072265625,0.03515625,-96.4253605953927,-68.14528002725517,69.79797594571478,9.61328125,0.625,-2.6875,-0.078125,0.10546875,0.23046875,177.69856459272034,-86.7107973897595,146.3355062223619,166.9921875,0.0001250038148136845,0.00037501144444105353
18.83824087299999,8.57421875,-5.01953125,0.140625,0.171875,0.09765625,0.181640625,-95.4029580136511,-67.77316858535787,68.99135727650531,9.9140625,-0.90625,-0.92578125,-0.078125,0.10546875,0.23046875,177.69856459272034,-86.7107973897595,146.3355062223619,166.9921875,0.000250007629627369,0.00037501144444105353
18.856533334000005,8.57421875,-5.01953125,0.140625,0.171875,0.09765625,0.181640625,-95.4029580136511,-67.77316858535787,68.99135727650531,9.9140625,-0.90625,-0.92578125,-0.078125,0.10546875,0.23046875,177.69856459272034,-86.7107973897595,146.3355062223619,166.904296875,0.000250007629627369,0.000250007629627369
18.861909459000003,8.57421875,-5.01953125,0.140625,0.171875,0.09765625,0.181640625,-95.4029580136511,-67.77316858535787,68.99135727650531,9.9140625,-0.90625,-0.92578125,-0.078125,0.10546875,0.23046875,-171.00081214978474,-87.17683778595367,135.1202718183578,166.9921875,0.0001250038148136845,0.000250007629627369
18.87189519399999,9.0625,-3.94921875,-0.12890625,0.171875,0.09765625,0.181640625,-95.4029580136511,-67.77316858535787,68.99135727650531,9.91796875,-1.5546875,0.5703125,0.01953125,0.1171875,0.0625,-171.00081214978474,-87.17683778595367,135.1202718183578,166.9921875,0.0001250038148136845,0.00037501144444105353
18.891824936999996,9.14453125,-3.71875,-0.39453125,-0.00390625,-0.005859375,-0.009765625,-94.71722050974469,-67.56514054430905,68.48239075604519,9.72265625,-0.5234375,0.80078125,0.01953125,0.1171875,0.0625,-169.7272734638569,-87.2850746839012,133.86569551353992,166.9921875,0.0,0.00037501144444105353
18.92197842799999,9.14453125,-3.71875,-0.39453125,-0.00390625,-0.005859375,-0.009765625,-94.71722050974469,-67.56514054430905,68.48239075604519,9.72265625,-0.5234375,0.80078125,-0.017578125,-0.107421875,-0.0234375,-169.7272734638569,-87.2850746839012,133.86569551353992,166.9921875,0.0,0.000250007629627369
18.932548567999987,9.296875,-3.375,-0.47265625,-0.00390625,-0.005859375,-0.009765625,-94.71722050974469,-67.56514054430905,68.48239075604519,9.7578125,0.51171875,-0.5390625,-0.017578125,-0.107421875,-0.0234375,-169.7272734638569,-87.2850746839012,133.86569551353992,166.9921875,0.0007500228888821071,0.000250007629627369
18.946739858,9.296875,-3.375,-0.47265625,-0.0546875,-0.017578125,-0.009765625,-94.92421206422286,-67.60670882536272,68.60844805603158,9.7578125,0.51171875,-0.5390625,-0.017578125,-0.107421875,-0.0234375,-169.7272734638569,-87.2850746839012,133.86569551353992,166.9921875,0.0007500228888821071,0.00037501144444105353
18.960454260000006,9.296875,-3.375,-0.47265625,-0.0546875,-0.017578125,-0.009765625,-94.92421206422286,-67.60670882536272,68.60844805603158,9.7578125,0.51171875,-0.5390625,-0.017578125,-0.107421875,-0.0234375,-169.7272734638569,-87.2850746839012,133.86569551353992,166.9921875,0.000250007629627369,0.00037501144444105353
18.98370160600001,9.296875,-3.22265625,-0.39453125,-0.0546875,-0.017578125,-0.009765625,-94.92421206422286,-67.60670882536272,68.60844805603158,9.80078125,0.8203125,-1.0,-0.029296875,-0.025390625,0.017578125,-172.13163868061767,-87.04505887946966,136.20266957818902,166.9921875,0.000500015259254738,0.000250007629627369
18.989302909999992,9.296875,-3.22265625,-0.39453125,-0.0546875,-0.017578125,-0.009765625,-94.92421206422286,-67.60670882536272,68.60844805603158,9.80078125,0.8203125,-1.0,-0.029296875,-0.025390625,0.017578125,-172.13163868061767,-87.04505887946966,136.20266957818902,166.9921875,0.000500015259254738,0.000250007629627369
18.99397044,9.3359375,-3.375,-0.359375,0.013671875,0.01171875,0.083984375,-94.97695264918919,-67.52453849184342,68.56966650635385,9.8359375,1.0859375,-1.23046875,-0.029296875,-0.025390625,0.017578125,-172.13163868061767,-87.04505887946966,136.20266957818902,166.9921875,0.000250007629627369,0.000250007629627369
19.01268135800001,9.3359375,-3.375,-0.359375,0.013671875,0.01171875,0.083984375,-94.97695264918919,-67.52453849184342,68.56966650635385,9.8359375,1.0859375,-1.23046875,-0.029296875,-0.025390625,0.017578125,-168.3330560722812,-87.08289633842568,132.4386699706411,166.9921875,0.000250007629627369,0.000250007629627369
19.022653109000004,9.3359375,-3.375,-0.359375,0.013671875,0.01171875,0.083984375,-94.97695264918919,-67.52453849184342,68.56966650635385,10.22265625,-0.17578125,-0.3125,0.220703125,0.109375,0.0,-168.3330560722812,-87.08289633842568,132.4386699706411,166.9921875,0.0001250038148136845,0.000250007629627369
19.036894030000013,9.94921875,-1.7265625,-0.39453125,0.466796875,-0.134765625,-0.259765625,-94.68407219356664,-67.55918932877977,68.8630798660533,10.22265625,-0.17578125,-0.3125,0.220703125,0.109375,0.0,-168.3330560722812,-87.08289633842568,132.4386699706411,166.9921875,0.0001250038148136845,0.0
19.054097039,9.94921875,-1.7265625,-0.39453125,0.466796875,-0.134765625,-0.259765625,-94.68407219356664,-67.55918932877977,68.8630798660533,10.22265625,-0.17578125,-0.3125,0.220703125,0.109375,0.0,-168.3330560722812,-87.08289633842568,132.4386699706411,167.080078125,0.000250007629627369,0.0
19.059515819000012,9.7890625,-1.95703125,-0.28125,0.466796875,-0.134765625,-0.259765625,-94.68407219356664,-67.55918932877977,68.8630798660533,9.99609375,0.28125,0.37890625,0.734375,0.041015625,-0.263671875,-176.90920588439823,-87.3477118455609,142.1330454907085,167.080078125,0.000250007629627369,0.0001250038148136845
19.082395652000002,9.7890625,-1.95703125,-0.28125,0.466796875,-0.134765625,-0.259765625,-94.68407219356664,-67.55918932877977,68.8630798660533,9.99609375,0.28125,0.37890625,0.734375,0.041015625,-0.263671875,-176.90920588439823,-87.3477118455609,142.1330454907085,167.080078125,0.0007500228888821071,0.0001250038148136845
19.088010588000003,9.7890625,-1.95703125,-0.28125,0.466796875,-0.134765625,-0.259765625,-94.68407219356664,-67.55918932877977,68.8630798660533,9.99609375,0.28125,0.37890625,0.734375,0.041015625,-0.263671875,-176.90920588439823,-87.3477118455609,142.1330454907085,167.080078125,0.0007500228888821071,0.00037501144444105353
19.092959904999987,7.95703125,-6.171875,0.02734375,0.859375,-0.283203125,-0.041015625,-94.43219032106474,-68.17206333034271,70.67564754091488,9.2265625,-0.29296875,0.03515625,0.734375,0.041015625,-0.263671875,-176.90920588439823,-87.3477118455609,142.1330454907085,167.080078125,0.0,0.00037501144444105353
19.113064269000006,7.95703125,-6.171875,0.02734375,0.859375,-0.283203125,-0.041015625,-94.43219032106474,-68.17206333034271,70.67564754091488,9.2265625,-0.29296875,0.03515625,0.734375,0.041015625,-0.263671875,178.10321993112925,-87.56233993150946,149.57399243020538,167.080078125,0.0,0.000500015259254738
19.123233104000008,8.11328125,-6.20703125,0.1015625,0.859375,-0.283203125,-0.041015625,-94.43219032106474,-68.17206333034271,70.67564754091488,9.72265625,-1.6328125,-0.1953125,0.94140625,0.076171875,0.126953125,178.10321993112925,-87.56233993150946,149.57399243020538,167.080078125,0.0,0.000500015259254738
19.142406797999996,8.11328125,-6.20703125,0.1015625,1.009765625,-0.3125,0.15234375,-93.76650961784422,-67.86303969172627,72.85844365346193,9.72265625,-1.6328125,-0.1953125,0.94140625,0.076171875,0.126953125,178.10321993112925,-87.56233993150946,149.57399243020538,167.080078125,0.0,0.000250007629627369
19.155286942999993,9.30078125,-3.4140625,-1.16015625,1.009765625,-0.3125,0.15234375,-93.76650961784422,-67.86303969172627,72.85844365346193,9.875,0.47265625,-1.26953125,0.94140625,0.076171875,0.126953125,-168.12999514117448,-87.82592621395227,138.79100625203466,167.080078125,0.0001250038148136845,0.000250007629627369
19.171323223,9.30078125,-3.4140625,-1.16015625,1.009765625,-0.3125,0.15234375,-93.76650961784422,-67.86303969172627,72.85844365346193,9.875,0.47265625,-1.26953125,1.04296875,0.13671875,0.251953125,-168.12999514117448,-87.82592621395227,138.79100625203466,167.080078125,0.0001250038148136845,0.000250007629627369
19.181735989999993,9.30078125,-3.4140625,-1.16015625,1.009765625,-0.3125,0.15234375,-93.76650961784422,-67.86303969172627,72.85844365346193,9.875,0.47265625,-1.26953125,1.04296875,0.13671875,0.251953125,-168.12999514117448,-87.82592621395227,138.79100625203466,167.080078125,0.000500015259254738,0.000250007629627369
19.186881655000008,9.06640625,-3.796875,-0.1640625,0.740234375,-0.1015625,0.28515625,-92.60114355777235,-67.19257886251125,74.67827952126757,9.80078125,1.046875,-1.5,1.04296875,0.13671875,0.251953125,-168.12999514117448,-87.82592621395227,138.79100625203466,167.080078125,0.000500015259254738,0.000250007629627369
19.208281483000007,9.06640625,-3.796875,-0.1640625,0.740234375,-0.1015625,0.28515625,-92.60114355777235,-67.19257886251125,74.67827952126757,9.80078125,1.046875,-1.5,1.04296875,0.13671875,0.251953125,-168.12999514117448,-87.82592621395227,138.79100625203466,167.080078125,0.0,0.000250007629627369
19.21340535600001,9.06640625,-3.796875,-0.1640625,0.740234375,-0.1015625,0.28515625,-92.60114355777235,-67.19257886251125,74.67827952126757,9.953125,0.08984375,-0.42578125,0.25390625,0.14453125,0.20703125,-143.00986727147847,-87.88983650120109,115.92064688790477,167.080078125,0.0,0.000500015259254738
19.232149201999988,9.14453125,-3.52734375,0.29296875,0.740234375,-0.1015625,0.28515625,-92.60114355777235,-67.19257886251125,74.67827952126757,9.953125,0.08984375,-0.42578125,0.25390625,0.14453125,0.20703125,-143.00986727147847,-87.88983650120109,115.92064688790477,166.9921875,0.000500015259254738,0.000500015259254738
19.242918250000002,9.14453125,-3.52734375,0.29296875,0.1484375,0.046875,0.177734375,-91.38554569213007,-66.55001173825708,74.50996307682665,9.796875,-0.5234375,0.30078125,0.25390625,0.14453125,0.20703125,-143.00986727147847,-87.88983650120109,115.92064688790477,167.080078125,0.000500015259254738,0.0001250038148136845
19.262276291999996,8.9140625,-4.1796875,-0.08984375,0.1484375,0.046875,0.177734375,-91.38554569213007,-66.55001173825708,74.50996307682665,9.796875,-0.5234375,0.30078125,0.1015625,0.1015625,0.1953125,-126.76465562454602,-87.65953534583228,100.15471730635946,167.080078125,0.0,0.0001250038148136845
19.281070537000005,8.9140625,-4.1796875,-0.08984375,0.1484375,0.046875,0.177734375,-91.38554569213007,-66.55001173825708,74.50996307682665,9.80078125,-0.67578125,-0.65625,0.1015625,0.1015625,0.1953125,-126.76465562454602,-87.65953534583228,100.15471730635946,166.9921875,0.0,0.00037501144444105353
19.289935652999986,8.71875,-4.6015625,-0.05078125,0.103515625,0.11328125,0.212890625,-90.60498749997743,-66.0083360308091,74.04981475440982,9.80078125,-0.67578125,-0.65625,0.1015625,0.1015625,0.1953125,-126.76465562454602,-87.65953534583228,100.15471730635946,166.9921875,0.0001250038148136845,0.00037501144444105353
19.303763941,8.71875,-4.6015625,-0.05078125,0.103515625,0.11328125,0.212890625,-90.60498749997743,-66.0083360308091,74.04981475440982,9.80078125,-0.67578125,-0.65625,0.1015625,0.1015625,0.1953125,-126.76465562454602,-87.65953534583228,100.15471730635946,166.9921875,0.0001250038148136845,0.000250007629627369
19.309139200999994,8.71875,-4.6015625,-0.05078125,0.103515625,0.11328125,0.212890625,-90.60498749997743,-66.0083360308091,74.04981475440982,9.80078125,-0.67578125,-0.65625,0.1015625,0.1015625,0.1953125,-126.76465562454602,-87.65953534583228,100.15471730635946,167.080078125,0.0001250038148136845,0.000250007629627369
19.31384865000001,8.71875,-4.6015625,-0.05078125,0.103515625,0.11328125,0.212890625,-90.60498749997743,-66.0083360308091,74.04981475440982,9.87890625,-0.4453125,-0.65625,-0.02734375,0.177734375,0.212890625,-112.25015737052276,-87.30705469054794,85.80729496426507,166.9921875,0.0001250038148136845,0.000500015259254738
19.333173797,8.9140625,-4.21875,-0.05078125,0.103515625,0.11328125,0.212890625,-90.60498749997743,-66.0083360308091,74.04981475440982,9.87890625,-0.4453125,-0.65625,-0.02734375,0.177734375,0.212890625,-112.25015737052276,-87.30705469054794,85.80729496426507,166.9921875,0.0007500228888821071,0.000500015259254738
19.34347495,9.06640625,-3.91015625,-0.01171875,0.037109375,0.15234375,0.177734375,-89.5125130284123,-65.4200908905895,73.04114141705479,9.91796875,-0.63671875,-0.234375,-0.02734375,0.177734375,0.212890625,-112.25015737052276,-87.30705469054794,85.80729496426507,166.9921875,0.0007500228888821071,0.0001250038148136845
19.363789550000007,9.06640625,-3.91015625,-0.01171875,0.037109375,0.15234375,0.177734375,-89.5125130284123,-65.4200908905895,73.04114141705479,9.91796875,-0.63671875,-0.234375,-0.02734375,0.177734375,0.212890625,-99.5086967264036,-87.02916081896267,73.00231089010096,166.9921875,0.0006250190740684225,0.0001250038148136845
19.374319146999994,9.06640625,-3.91015625,-0.01171875,0.037109375,0.15234375,0.177734375,-89.5125130284123,-65.4200908905895,73.04114141705479,9.796875,-0.828125,0.6484375,0.0,0.107421875,0.095703125,-99.5086967264036,-87.02916081896267,73.00231089010096,166.9921875,0.0006250190740684225,0.0001250038148136845
19.388047244999996,8.984375,-3.796875,0.02734375,0.005859375,0.015625,0.046875,-88.84494507688233,-65.10929521021602,72.40966265495837,9.796875,-0.828125,0.6484375,0.0,0.107421875,0.095703125,-99.5086967264036,-87.02916081896267,73.00231089010096,166.9921875,0.0,0.0001250038148136845
19.40127973700001,8.984375,-3.796875,0.02734375,0.005859375,0.015625,0.046875,-88.84494507688233,-65.10929521021602,72.40966265495837,9.796875,-0.828125,0.6484375,0.0,0.107421875,0.095703125,-99.5086967264036,-87.02916081896267,73.00231089010096,167.080078125,0.0,0.000500015259254738
19.415683341999994,8.87890625,-4.1015625,-0.01171875,0.005859375,0.015625,0.046875,-88.84494507688233,-65.10929521021602,72.40966265495837,9.76171875,-0.828125,0.875,-0.01953125,-0.076171875,-0.005859375,-97.0807336043807,-86.9096674613183,70.5619116879949,167.080078125,0.0001250038148136845,0.0006250190740684225
19.433397223000014,8.87890625,-4.1015625,-0.01171875,0.005859375,0.015625,0.046875,-88.84494507688233,-65.10929521021602,72.40966265495837,9.76171875,-0.828125,0.875,-0.01953125,-0.076171875,-0.005859375,-97.0807336043807,-86.9096674613183,70.5619116879949,166.9921875,0.000500015259254738,0.0006250190740684225
19.438686853000007,8.87890625,-4.1015625,-0.01171875,0.005859375,0.015625,0.046875,-88.84494507688233,-65.10929521021602,72.40966265495837,9.76171875,-0.828125,0.1484375,-0.01953125,-0.076171875,-0.005859375,-97.0807336043807,-86.9096674613183,70.5619116879949,166.9921875,0.000500015259254738,0.0
19.447893498000013,8.7578125,-4.4453125,0.1015625,-0.0546875,-0.060546875,-0.0078125,-89.16911705438311,-65.08925406057404,72.66674812343679,9.76171875,-0.828125,0.1484375,-0.01953125,-0.076171875,-0.005859375,-97.0807336043807,-86.9096674613183,70.5619116879949,166.9921875,0.00037501144444105353,0.0
19.46254311499999,8.7578125,-4.4453125,0.1015625,-0.0546875,-0.060546875,-0.0078125,-89.16911705438311,-65.08925406057404,72.66674812343679,9.87890625,-0.828125,-0.46484375,-0.005859375,-0.03515625,0.005859375,-101.13365019190064,-86.84626478901676,74.56585147808498,167.080078125,0.00037501144444105353,0.000250007629627369
19.481088371999988,8.71875,-4.6015625,0.21875,-0.0546875,-0.060546875,-0.0078125,-89.16911705438311,-65.08925406057404,72.66674812343679,9.87890625,-0.828125,-0.46484375,-0.005859375,-0.03515625,0.005859375,-101.13365019190064,-86.84626478901676,74.56585147808498,167.080078125,0.00037501144444105353,0.000250007629627369
19.489709269000002,8.71875,-4.6015625,0.21875,-0.0546875,-0.060546875,-0.0078125,-89.16911705438311,-65.08925406057404,72.66674812343679,9.87890625,-0.828125,-0.46484375,-0.005859375,-0.03515625,0.005859375,-101.13365019190064,-86.84626478901676,74.56585147808498,166.9921875,0.00037501144444105353,0.00037501144444105353
19.49418288199999,8.71875,-4.6015625,0.21875,0.005859375,0.005859375,0.001953125,-89.45969824981864,-65.09844797809191,72.90643429117765,9.87890625,-0.9453125,-0.5390625,-0.005859375,-0.03515625,0.005859375,-101.13365019190064,-86.84626478901676,74.56585147808498,166.9921875,0.000250007629627369,0.00037501144444105353
19.513177762999987,8.76171875,-4.484375,0.1015625,0.005859375,0.005859375,0.001953125,-89.45969824981864,-65.09844797809191,72.90643429117765,9.87890625,-0.9453125,-0.5390625,0.0078125,0.029296875,-0.01171875,-101.2787161107934,-86.80052839095389,74.7211357975326,166.9921875,0.000250007629627369,0.000500015259254738
19.53289637399999,8.76171875,-4.484375,0.1015625,0.005859375,0.005859375,0.001953125,-89.45969824981864,-65.09844797809191,72.90643429117765,9.83984375,-0.7890625,-0.00390625,0.0078125,0.029296875,-0.01171875,-101.2787161107934,-86.80052839095389,74.7211357975326,166.9921875,0.000500015259254738,0.000500015259254738
19.543311412999998,8.87890625,-4.1796875,0.0625,-0.01171875,0.005859375,-0.025390625,-89.32139839750369,-65.13066494409523,72.78963716690862,9.83984375,-0.7890625,-0.00390625,0.0078125,0.029296875,-0.01171875,-101.2787161107934,-86.80052839095389,74.7211357975326,167.080078125,0.000500015259254738,0.000250007629627369
19.558707416999994,8.87890625,-4.1796875,0.0625,-0.01171875,0.005859375,-0.025390625,-89.32139839750369,-65.13066494409523,72.78963716690862,9.83984375,-0.7890625,-0.00390625,0.0078125,0.029296875,-0.01171875,-101.2787161107934,-86.80052839095389,74.7211357975326,167.080078125,0.0001250038148136845,0.000250007629627369
19.56400844000001,8.87890625,-4.1796875,0.0625,-0.01171875,0.005859375,-0.025390625,-89.32139839750369,-65.13066494409523,72.78963716690862,9.796875,-0.3671875,0.109375,-0.080078125,-0.05078125,-0.04296875,-101.24052411483679,-86.9605503082315,74.63233481894777,167.080078125,0.0001250038148136845,0.000500015259254738
19.582871806000014,8.98828125,-3.91015625,-0.1640625,-0.01171875,0.005859375,-0.025390625,-89.32139839750369,-65.13066494409523,72.78963716690862,9.796875,-0.3671875,0.109375,-0.080078125,-0.05078125,-0.04296875,-101.24052411483679,-86.9605503082315,74.63233481894777,167.080078125,0.0006250190740684225,0.000500015259254738
19.59327686399999,8.98828125,-3.91015625,-0.1640625,-0.134765625,-0.013671875,-0.060546875,-89.58654167793918,-65.25425892648379,72.83357718231011,9.8359375,-0.17578125,-0.234375,-0.080078125,-0.05078125,-0.04296875,-101.24052411483679,-86.9605503082315,74.63233481894777,167.080078125,0.0006250190740684225,0.0001250038148136845
19.61185261899999,9.0625,-3.796875,-0.12890625,-0.134765625,-0.013671875,-0.060546875,-89.58654167793918,-65.25425892648379,72.83357718231011,9.8359375,-0.17578125,-0.234375,-0.080078125,-0.05078125,-0.04296875,-105.42581820240595,-86.99649249322638,78.5228652886299,166.9921875,0.000250007629627369,0.0001250038148136845
19.62574487699999,9.0625,-3.796875,-0.12890625,-0.134765625,-0.013671875,-0.060546875,-89.58654167793918,-65.25425892648379,72.83357718231011,9.8359375,-0.17578125,-0.42578125,-0.1171875,-0.064453125,-0.064453125,-105.42581820240595,-86.99649249322638,78.5228652886299,167.080078125,0.000250007629627369,0.0001250038148136845
19.639432465999988,8.98828125,-4.0234375,-0.01171875,-0.083984375,-0.009765625,-0.04296875,-90.03301609373297,-65.43034322218891,72.92758511745205,9.8359375,-0.17578125,-0.42578125,-0.1171875,-0.064453125,-0.064453125,-105.42581820240595,-86.99649249322638,78.5228652886299,167.080078125,0.00037501144444105353,0.0001250038148136845
19.653606126,8.98828125,-4.0234375,-0.01171875,-0.083984375,-0.009765625,-0.04296875,-90.03301609373297,-65.43034322218891,72.92758511745205,9.8359375,-0.17578125,-0.42578125,-0.1171875,-0.064453125,-0.064453125,-105.42581820240595,-86.99649249322638,78.5228652886299,166.9921875,0.00037501144444105353,0.000500015259254738
19.659161576000002,8.98828125,-4.0234375,-0.01171875,-0.083984375,-0.009765625,-0.04296875,-90.03301609373297,-65.43034322218891,72.92758511745205,9.80078125,-0.29296875,-0.38671875,-0.1171875,-0.064453125,-0.064453125,-108.72056868033837,-87.06848733438494,81.59807044562434,167.080078125,0.0001250038148136845,0.000500015259254738
19.672050619999993,8.796875,-4.484375,0.0625,-0.083984375,-0.009765625,-0.04296875,-90.03301609373297,-65.43034322218891,72.92758511745205,9.80078125,-0.29296875,-0.38671875,0.015625,0.001953125,0.017578125,-108.72056868033837,-87.06848733438494,81.59807044562434,167.080078125,0.0001250038148136845,0.000250007629627369
19.68570326599999,8.796875,-4.484375,0.0625,-0.083984375,-0.009765625,-0.04296875,-90.03301609373297,-65.43034322218891,72.92758511745205,9.80078125,-0.29296875,-0.38671875,0.015625,0.001953125,0.017578125,-108.72056868033837,-87.06848733438494,81.59807044562434,166.9921875,0.000250007629627369,0.000250007629627369
19.691044927999997,8.796875,-4.484375,0.0625,-0.083984375,-0.009765625,-0.04296875,-90.03301609373297,-65.43034322218891,72.92758511745205,9.76171875,-0.5234375,-0.46484375,0.015625,0.001953125,0.017578125,-108.72056868033837,-87.06848733438494,81.59807044562434,167.080078125,0.000250007629627369,0.0001250038148136845
19.699518501,8.71875,-4.63671875,0.0625,0.068359375,0.0078125,0.0546875,-90.0805990302218,-65.41342204841634,72.96436616233932,9.76171875,-0.5234375,-0.46484375,0.015625,0.001953125,0.017578125,-108.72056868033837,-87.06848733438494,81.59807044562434,167.080078125,0.0006250190740684225,0.0001250038148136845
19.713897116999988,8.71875,-4.63671875,0.0625,0.068359375,0.0078125,0.0546875,-90.0805990302218,-65.41342204841634,72.96436616233932,9.8359375,-0.7890625,-0.42578125,0.078125,0.0625,0.060546875,-106.61387709077714,-86.9994024332649,79.62456569262046,167.080078125,0.0006250190740684225,0.000500015259254738
19.733183260000004,8.8359375,-4.29296875,0.02734375,0.068359375,0.0078125,0.0546875,-90.0805990302218,-65.41342204841634,72.96436616233932,9.8359375,-0.7890625,-0.42578125,0.078125,0.0625,0.060546875,-106.61387709077714,-86.9994024332649,79.62456569262046,167.080078125,0.000500015259254738,0.000500015259254738
19.743238531999992,8.8359375,-4.29296875,0.02734375,0.0390625,0.03515625,0.0390625,-89.7122275753101,-65.26080287317292,72.80588649117138,9.8359375,-0.5625,-0.08203125,0.078125,0.0625,0.060546875,-106.61387709077714,-86.9994024332649,79.62456569262046,166.9921875,0.000500015259254738,0.00037501144444105353
19.763934952,8.98828125,-3.91015625,-0.05078125,0.0390625,0.03515625,0.0390625,-89.7122275753101,-65.26080287317292,72.80588649117138,9.8359375,-0.5625,-0.08203125,0.0,0.0078125,-0.0078125,-103.12009033221608,-86.89111471515065,76.23208574754115,167.080078125,0.00037501144444105353,0.00037501144444105353
19.783932442000008,8.98828125,-3.91015625,-0.05078125,0.0390625,0.03515625,0.0390625,-89.7122275753101,-65.26080287317292,72.80588649117138,9.83984375,-0.4453125,0.1875,0.0,0.0078125,-0.0078125,-103.12009033221608,-86.89111471515065,76.23208574754115,167.080078125,0.00037501144444105353,0.0007500228888821071
19.794385113999994,9.0234375,-3.83203125,-0.12890625,-0.03515625,-0.013671875,-0.025390625,-89.63246714129887,-65.25007393549613,72.71560234021247,9.83984375,-0.4453125,0.1875,0.0,0.0078125,-0.0078125,-103.12009033221608,-86.89111471515065,76.23208574754115,167.080078125,0.000250007629627369,0.0007500228888821071
19.809427239,9.0234375,-3.83203125,-0.12890625,-0.03515625,-0.013671875,-0.025390625,-89.63246714129887,-65.25007393549613,72.71560234021247,9.83984375,-0.4453125,0.1875,0.0,0.0078125,-0.0078125,-103.12009033221608,-86.89111471515065,76.23208574754115,167.080078125,0.000250007629627369,0.000250007629627369
19.814584679999996,9.0234375,-3.83203125,-0.12890625,-0.03515625,-0.013671875,-0.025390625,-89.63246714129887,-65.25007393549613,72.71560234021247,9.80078125,-0.140625,-0.234375,-0.046875,-0.0390625,-0.021484375,-104.19478896435449,-86.94192121799477,77.23563417882998,167.080078125,0.00037501144444105353,0.000250007629627369
19.833547084999992,8.98828125,-4.0234375,-0.12890625,-0.03515625,-0.013671875,-0.025390625,-89.63246714129887,-65.25007393549613,72.71560234021247,9.80078125,-0.140625,-0.234375,-0.046875,-0.0390625,-0.021484375,-104.19478896435449,-86.94192121799477,77.23563417882998,166.9921875,0.00037501144444105353,0.000250007629627369
19.844014412999996,8.98828125,-4.0234375,-0.12890625,-0.029296875,-0.009765625,-0.01171875,-89.86219854685947,-65.31723011426507,72.8041323652431,9.83984375,-0.3671875,-0.50390625,-0.046875,-0.0390625,-0.021484375,-104.19478896435449,-86.94192121799477,77.23563417882998,166.9921875,0.0001250038148136845,0.000250007629627369
19.864120955999994,8.83984375,-4.33203125,-0.01171875,-0.029296875,-0.009765625,-0.01171875,-89.86219854685947,-65.31723011426507,72.8041323652431,9.8359375,-0.59765625,-0.38671875,0.01953125,0.01953125,0.013671875,-105.70472544240747,-86.91719916805408,78.66749671374276,166.9921875,0.0001250038148136845,0.0006250190740684225
19.88725963600001,8.83984375,-4.33203125,-0.01171875,-0.029296875,-0.009765625,-0.01171875,-89.86219854685947,-65.31723011426507,72.8041323652431,9.8359375,-0.59765625,-0.38671875,0.01953125,0.01953125,0.013671875,-105.70472544240747,-86.91719916805408,78.66749671374276,166.9921875,0.00037501144444105353,0.0006250190740684225
19.89257809899999,8.7578125,-4.484375,0.140625,0.04296875,0.013671875,0.021484375,-89.78765774708629,-65.27938077207658,72.76429219665086,9.8359375,-0.59765625,-0.38671875,0.01953125,0.01953125,0.013671875,-105.70472544240747,-86.91719916805408,78.66749671374276,166.9921875,0.00037501144444105353,0.0
19.906550611,8.7578125,-4.484375,0.140625,0.04296875,0.013671875,0.021484375,-89.78765774708629,-65.27938077207658,72.76429219665086,9.8359375,-0.59765625,-0.38671875,0.01953125,0.01953125,0.013671875,-105.70472544240747,-86.91719916805408,78.66749671374276,166.9921875,0.0001250038148136845,0.0
19.924217550999998,8.76171875,-4.4453125,0.140625,0.04296875,0.013671875,0.021484375,-89.78765774708629,-65.27938077207658,72.76429219665086,9.796875,-0.7890625,-0.00390625,0.02734375,0.017578125,0.021484375,-104.14686607893613,-86.97929417588672,77.19881217045283,166.9921875,0.0,0.00037501144444105353
19.938808644000005,8.76171875,-4.4453125,0.140625,0.04296875,0.013671875,0.021484375,-89.78765774708629,-65.27938077207658,72.76429219665086,9.796875,-0.71484375,0.0703125,0.02734375,0.017578125,0.021484375,-104.14686607893613,-86.97929417588672,77.19881217045283,167.080078125,0.0,0.0001250038148136845
19.948482962000014,8.83984375,-4.21875,-0.01171875,0.0,0.001953125,0.01171875,-89.66638764407244,-65.23163483290439,72.7334920165747,9.796875,-0.71484375,0.0703125,0.02734375,0.017578125,0.021484375,-104.14686607893613,-86.97929417588672,77.19881217045283,167.080078125,0.00037501144444105353,0.0001250038148136845
19.966016913000004,8.83984375,-4.21875,-0.01171875,0.0,0.001953125,0.01171875,-89.66638764407244,-65.23163483290439,72.7334920165747,9.8359375,-0.59765625,-0.1953125,-0.021484375,-0.015625,-0.013671875,-103.68684051727887,-86.96821636746388,76.75913881939283,166.9921875,0.00037501144444105353,0.0006250190740684225
19.984880599000007,8.83984375,-4.21875,-0.01171875,0.0,0.001953125,0.01171875,-89.66638764407244,-65.23163483290439,72.7334920165747,9.8359375,-0.59765625,-0.1953125,-0.021484375,-0.015625,-0.013671875,-103.68684051727887,-86.96821636746388,76.75913881939283,166.9921875,0.000500015259254738,0.0006250190740684225
19.990142262999996,8.984375,-3.91015625,-0.12890625,-0.0390625,0.0,-0.029296875,-89.76590472861234,-65.24914708639746,72.77730705052218,9.8359375,-0.59765625,-0.1953125,-0.021484375,-0.015625,-0.013671875,-103.68684051727887,-86.96821636746388,76.75913881939283,166.9921875,0.000500015259254738,0.0
20.004166454,8.984375,-3.91015625,-0.12890625,-0.0390625,0.0,-0.029296875,-89.76590472861234,-65.24914708639746,72.77730705052218,9.83984375,-0.21484375,-0.42578125,-0.021484375,-0.015625,-0.013671875,-103.68684051727887,-86.96821636746388,76.75913881939283,167.080078125,0.0001250038148136845,0.0
20.014999182999986,8.984375,-3.91015625,-0.12890625,-0.0390625,0.0,-0.029296875,-89.76590472861234,-65.24914708639746,72.77730705052218,9.83984375,-0.21484375,-0.42578125,-0.021484375,-0.015625,-0.013671875,-104.84762536612745,-86.91171109921952,77.83152114614583,166.9921875,0.0001250038148136845,0.00037501144444105353
20.025043702999994,9.0625,-3.83203125,-0.1640625,-0.0390625,0.0,-0.029296875,-89.76590472861234,-65.24914708639746,72.77730705052218,9.83984375,-0.21484375,-0.42578125,-0.041015625,-0.013671875,-0.033203125,-104.84762536612745,-86.91171109921952,77.83152114614583,166.9921875,0.0,0.00037501144444105353
20.038786587999994,9.0625,-3.83203125,-0.1640625,-0.0390625,0.0,-0.029296875,-89.76590472861234,-65.24914708639746,72.77730705052218,9.8359375,-0.1015625,-0.3125,-0.041015625,-0.013671875,-0.033203125,-104.84762536612745,-86.91171109921952,77.83152114614583,167.080078125,0.0,0.000250007629627369
20.048275501999996,8.95703125,-4.1015625,-0.01171875,-0.02734375,-0.005859375,-0.017578125,-89.87899765284276,-65.3257018706223,72.78546163213382,9.8359375,-0.1015625,-0.3125,-0.041015625,-0.013671875,-0.033203125,-104.84762536612745,-86.91171109921952,77.83152114614583,166.9921875,0.00037501144444105353,0.000250007629627369
20.065785325000007,8.95703125,-4.1015625,-0.01171875,-0.02734375,-0.005859375,-0.017578125,-89.87899765284276,-65.3257018706223,72.78546163213382,9.796875,-0.25390625,-0.234375,0.0234375,-0.00390625,0.025390625,-105.98687025714084,-86.98763330310855,78.8951759391167,167.080078125,0.00037501144444105353,0.0006250190740684225
20.08449733399999,8.80078125,-4.4453125,0.0625,-0.02734375,-0.005859375,-0.017578125,-89.87899765284276,-65.3257018706223,72.78546163213382,9.796875,-0.25390625,-0.234375,0.0234375,-0.00390625,0.025390625,-105.98687025714084,-86.98763330310855,78.8951759391167,166.9921875,0.00037501144444105353,0.0006250190740684225
20.095107603000002,8.80078125,-4.4453125,0.0625,0.037109375,0.0,0.03515625,-89.89604695764913,-65.28775561400413,72.82172545181707,9.796875,-0.7890625,-0.34765625,0.0234375,-0.00390625,0.025390625,-105.98687025714084,-86.98763330310855,78.8951759391167,166.9921875,0.00037501144444105353,0.00037501144444105353
20.11532246499999,8.80078125,-4.4453125,0.0625,0.037109375,0.0,0.03515625,-89.89604695764913,-65.28775561400413,72.82172545181707,9.796875,-0.7890625,-0.34765625,0.0234375,-0.00390625,0.025390625,-105.16099437656673,-87.029984598539,78.1587690932862,166.9921875,0.000500015259254738,0.00037501144444105353
20.125317354000003,8.76171875,-4.5234375,0.1015625,0.037109375,0.0,0.03515625,-89.89604695764913,-65.28775561400413,72.82172545181707,9.83984375,-0.828125,-0.1953125,0.041015625,0.03125,0.037109375,-105.16099437656673,-87.029984598539,78.1587690932862,166.9921875,0.000500015259254738,0.0
20.14427607799999,8.8359375,-4.29296875,0.1015625,0.01953125,0.017578125,0.0234375,-89.72555644227069,-65.19297791890226,72.75563204663916,9.83984375,-0.828125,-0.1953125,0.041015625,0.03125,0.037109375,-105.16099437656673,-87.029984598539,78.1587690932862,167.080078125,0.000250007629627369,0.0
20.160156395,8.8359375,-4.29296875,0.1015625,0.01953125,0.017578125,0.0234375,-89.72555644227069,-65.19297791890226,72.75563204663916,9.83984375,-0.67578125,-0.04296875,0.041015625,0.03125,0.037109375,-103.4109320255124,-86.92529044411675,76.46755718284587,167.080078125,0.000250007629627369,0.00037501144444105353
20.17363746000001,8.8359375,-4.29296875,0.1015625,0.01953125,0.017578125,0.0234375,-89.72555644227069,-65.19297791890226,72.75563204663916,9.83984375,-0.67578125,-0.04296875,-0.001953125,0.00390625,-0.0078125,-103.4109320255124,-86.92529044411675,76.46755718284587,166.9921875,0.0,0.00037501144444105353
20.184481806000008,8.95703125,-4.0625,-0.08984375,0.01953125,0.017578125,0.0234375,-89.72555644227069,-65.19297791890226,72.75563204663916,9.83984375,-0.67578125,-0.04296875,-0.001953125,0.00390625,-0.0078125,-103.4109320255124,-86.92529044411675,76.46755718284587,166.9921875,0.0,0.00037501144444105353
20.195260711999993,8.95703125,-4.0625,-0.08984375,-0.02734375,-0.009765625,-0.017578125,-89.6899806683206,-65.18383257727994,72.70960036624508,9.796875,-0.40625,-0.04296875,-0.001953125,0.00390625,-0.0078125,-103.4109320255124,-86.92529044411675,76.46755718284587,166.9921875,0.000250007629627369,0.00037501144444105353
20.215277144999988,9.02734375,-3.91015625,-0.1640625,-0.02734375,-0.009765625,-0.017578125,-89.6899806683206,-65.18383257727994,72.70960036624508,9.8359375,-0.21484375,-0.34765625,-0.03515625,-0.02734375,-0.0234375,-104.22042209284538,-86.91015052513139,77.22057487029718,167.080078125,0.000250007629627369,0.0007500228888821071
20.238186229000007,9.02734375,-3.91015625,-0.1640625,-0.02734375,-0.009765625,-0.017578125,-89.6899806683206,-65.18383257727994,72.70960036624508,9.8359375,-0.21484375,-0.34765625,-0.03515625,-0.02734375,-0.0234375,-104.22042209284538,-86.91015052513139,77.22057487029718,167.080078125,0.0,0.0007500228888821071
20.24347688399999,8.98828125,-4.0234375,-0.08984375,-0.033203125,-0.00390625,-0.017578125,-89.87218970988823,-65.24680104936893,72.78625486321354,9.8359375,-0.21484375,-0.34765625,-0.03515625,-0.02734375,-0.0234375,-104.22042209284538,-86.91015052513139,77.22057487029718,167.080078125,0.0,0.000250007629627369
20.25743397299999,8.98828125,-4.0234375,-0.08984375,-0.033203125,-0.00390625,-0.017578125,-89.87218970988823,-65.24680104936893,72.78625486321354,9.8359375,-0.33203125,-0.38671875,-0.03515625,-0.02734375,-0.0234375,-104.22042209284538,-86.91015052513139,77.22057487029718,167.080078125,0.0,0.000250007629627369
20.267147746999996,8.98828125,-4.0234375,-0.08984375,-0.033203125,-0.00390625,-0.017578125,-89.87218970988823,-65.24680104936893,72.78625486321354,9.8359375,-0.33203125,-0.38671875,-0.03515625,-0.02734375,-0.0234375,-105.59560971383048,-86.96350642269553,78.50444855715836,167.080078125,0.0,0.00037501144444105353
20.277157355000014,8.875,-4.25390625,0.02734375,-0.033203125,-0.00390625,-0.017578125,-89.87218970988823,-65.24680104936893,72.78625486321354,9.8359375,-0.33203125,-0.38671875,0.00390625,0.00390625,0.0,-105.59560971383048,-86.96350642269553,78.50444855715836,166.9921875,0.000250007629627369,0.00037501144444105353
20.289812834999992,8.875,-4.25390625,0.02734375,-0.033203125,-0.00390625,-0.017578125,-89.87218970988823,-65.24680104936893,72.78625486321354,9.80078125,-0.484375,-0.2734375,0.00390625,0.00390625,0.0,-105.59560971383048,-86.96350642269553,78.50444855715836,166.9921875,0.000250007629627369,0.0001250038148136845
20.29936571600001,8.875,-4.25390625,0.02734375,0.015625,0.001953125,0.01171875,-89.90263428683397,-65.25943091706445,72.79662297638805,9.80078125,-0.484375,-0.2734375,0.00390625,0.00390625,0.0,-105.59560971383048,-86.96350642269553,78.50444855715836,166.9921875,0.000500015259254738,0.0001250038148136845
20.313097305000014,8.76171875,-4.484375,0.1015625,0.015625,0.001953125,0.01171875,-89.90263428683397,-65.25943091706445,72.79662297638805,9.8359375,-0.75390625,-0.12109375,0.03515625,0.015625,0.02734375,-105.20460697258702,-86.95572360038864,78.1545703168013,167.080078125,0.000500015259254738,0.000500015259254738
20.335902583000006,8.76171875,-4.484375,0.1015625,0.015625,0.001953125,0.01171875,-89.90263428683397,-65.25943091706445,72.79662297638805,9.8359375,-0.75390625,-0.12109375,0.03515625,0.015625,0.02734375,-105.20460697258702,-86.95572360038864,78.1545703168013,166.9921875,0.000250007629627369,0.000500015259254738
20.34118261399999,8.80078125,-4.41015625,0.1015625,0.03515625,0.001953125,0.0234375,-89.78960373113499,-65.18455167942567,72.77340011221439,9.8359375,-0.7890625,-0.15625,0.03515625,0.015625,0.02734375,-105.20460697258702,-86.95572360038864,78.1545703168013,166.9921875,0.000250007629627369,0.0001250038148136845
20.359737153999987,8.80078125,-4.41015625,0.1015625,0.03515625,0.001953125,0.0234375,-89.78960373113499,-65.18455167942567,72.77340011221439,9.8359375,-0.7890625,-0.15625,0.03515625,0.015625,0.02734375,-105.20460697258702,-86.95572360038864,78.1545703168013,166.9921875,0.0001250038148136845,0.0001250038148136845
20.36524911699999,8.80078125,-4.41015625,0.1015625,0.03515625,0.001953125,0.0234375,-89.78960373113499,-65.18455167942567,72.77340011221439,9.8359375,-0.7890625,-0.15625,0.03515625,0.015625,0.02734375,-104.0777627001874,-86.94556424878523,77.10942017007434,166.9921875,0.0001250038148136845,0.0006250190740684225
20.376154645000014,8.875,-4.1796875,-0.01171875,0.03515625,0.001953125,0.0234375,-89.78960373113499,-65.18455167942567,72.77340011221439,9.83984375,-0.63671875,-0.15625,0.0,0.0078125,-0.001953125,-104.0777627001874,-86.94556424878523,77.10942017007434,167.080078125,0.0001250038148136845,0.0006250190740684225
20.395088794000003,8.875,-4.1796875,-0.01171875,-0.017578125,0.0,-0.017578125,-89.72891485204313,-65.16780685090973,72.74292712405983,9.83984375,-0.63671875,-0.15625,0.0,0.0078125,-0.001953125,-104.0777627001874,-86.94556424878523,77.10942017007434,167.080078125,0.0001250038148136845,0.0001250038148136845
20.40923128700001,8.98828125,-3.94921875,-0.12890625,-0.017578125,0.0,-0.017578125,-89.72891485204313,-65.16780685090973,72.74292712405983,9.80078125,-0.25390625,-0.1953125,0.0,0.0078125,-0.001953125,-104.44978606946349,-86.95819230995079,77.44057939205422,167.080078125,0.0001250038148136845,0.0001250038148136845
20.426469338999993,8.98828125,-3.94921875,-0.12890625,-0.017578125,0.0,-0.017578125,-89.72891485204313,-65.16780685090973,72.74292712405983,9.80078125,-0.25390625,-0.1953125,-0.037109375,-0.01953125,-0.025390625,-104.44978606946349,-86.95819230995079,77.44057939205422,166.9921875,0.0001250038148136845,0.000500015259254738
20.436189353000003,8.98828125,-3.94921875,-0.12890625,-0.017578125,0.0,-0.017578125,-89.72891485204313,-65.16780685090973,72.74292712405983,9.80078125,-0.25390625,-0.1953125,-0.037109375,-0.01953125,-0.025390625,-104.44978606946349,-86.95819230995079,77.44057939205422,166.9921875,0.000250007629627369,0.000500015259254738
20.44109099100001,8.98828125,-3.94921875,-0.12890625,-0.033203125,-0.005859375,-0.01953125,-89.87223888251789,-65.23836886330012,72.79624779182863,9.796875,-0.17578125,-0.3125,-0.037109375,-0.01953125,-0.025390625,-104.44978606946349,-86.95819230995079,77.44057939205422,166.9921875,0.000250007629627369,0.0
20.457940186000002,8.98828125,-3.94921875,-0.12890625,-0.033203125,-0.005859375,-0.01953125,-89.87223888251789,-65.23836886330012,72.79624779182863,9.796875,-0.17578125,-0.3125,-0.037109375,-0.01953125,-0.025390625,-104.44978606946349,-86.95819230995079,77.44057939205422,167.080078125,0.0001250038148136845,0.0
20.463630322,8.98828125,-3.94921875,-0.12890625,-0.033203125,-0.005859375,-0.01953125,-89.87223888251789,-65.23836886330012,72.79624779182863,9.796875,-0.17578125,-0.3125,-0.037109375,-0.01953125,-0.025390625,-104.44978606946349,-86.95819230995079,77.44057939205422,167.080078125,0.0001250038148136845,0.00037501144444105353
20.468367035,8.98828125,-3.94921875,-0.12890625,-0.033203125,-0.005859375,-0.01953125,-89.87223888251789,-65.23836886330012,72.79624779182863,9.796875,-0.17578125,-0.3125,-0.037109375,-0.01953125,-0.025390625,-105.96736588454453,-86.95819230995079,78.87627309986567,167.080078125,0.00037501144444105353,0.00037501144444105353
20.477909036,8.91796875,-4.1796875,-0.05078125,-0.033203125,-0.005859375,-0.01953125,-89.87223888251789,-65.23836886330012,72.79624779182863,9.796875,-0.3671875,-0.34765625,-0.00390625,-0.005859375,0.00390625,-105.96736588454453,-86.95819230995079,78.87627309986567,167.080078125,0.00037501144444105353,0.0001250038148136845
20.496146718000006,8.80078125,-4.41015625,0.02734375,0.009765625,0.005859375,0.013671875,-89.95005669219613,-65.24258054250873,72.83323940250641,9.796875,-0.3671875,-0.34765625,-0.00390625,-0.005859375,0.00390625,-105.96736588454453,-86.95819230995079,78.87627309986567,166.9921875,0.00037501144444105353,0.0001250038148136845
20.510456664000003,8.80078125,-4.41015625,0.02734375,0.009765625,0.005859375,0.013671875,-89.95005669219613,-65.24258054250873,72.83323940250641,9.796875,-0.67578125,-0.3125,-0.00390625,-0.005859375,0.00390625,-105.67356380046448,-86.94696657087277,78.60319662765369,166.9921875,0.00037501144444105353,0.000250007629627369
20.524345944999993,8.80078125,-4.41015625,0.02734375,0.009765625,0.005859375,0.013671875,-89.95005669219613,-65.24258054250873,72.83323940250641,9.796875,-0.67578125,-0.3125,0.03125,0.01953125,0.01953125,-105.67356380046448,-86.94696657087277,78.60319662765369,167.080078125,0.0,0.000250007629627369
20.535040245000005,8.80078125,-4.4453125,0.1015625,0.009765625,0.005859375,0.013671875,-89.95005669219613,-65.24258054250873,72.83323940250641,9.83984375,-0.75390625,-0.15625,0.03125,0.01953125,0.01953125,-105.67356380046448,-86.94696657087277,78.60319662765369,166.9921875,0.0,0.00037501144444105353
20.54878149800001,8.80078125,-4.4453125,0.1015625,0.037109375,0.0078125,0.017578125,-89.83690981928443,-65.18712718133733,72.8001788693234,9.83984375,-0.75390625,-0.15625,0.03125,0.01953125,0.01953125,-105.67356380046448,-86.94696657087277,78.60319662765369,166.9921875,0.00037501144444105353,0.00037501144444105353
20.561987464999987,8.80078125,-4.4453125,0.1015625,0.037109375,0.0078125,0.017578125,-89.83690981928443,-65.18712718133733,72.8001788693234,9.83984375,-0.75390625,-0.15625,0.03125,0.01953125,0.01953125,-105.67356380046448,-86.94696657087277,78.60319662765369,167.080078125,0.00037501144444105353,0.000250007629627369
20.586681545000005,8.8359375,-4.25390625,0.0625,0.037109375,0.0078125,0.017578125,-89.83690981928443,-65.18712718133733,72.8001788693234,9.80078125,-0.63671875,-0.04296875,0.01171875,0.005859375,0.00390625,-104.54136303782794,-86.94174518133345,77.55276626576762,166.9921875,0.00037501144444105353,0.00037501144444105353
20.59199380000001,8.8359375,-4.25390625,0.0625,0.037109375,0.0078125,0.017578125,-89.83690981928443,-65.18712718133733,72.8001788693234,9.80078125,-0.63671875,-0.04296875,0.01171875,0.005859375,0.00390625,-104.54136303782794,-86.94174518133345,77.55276626576762,166.9921875,0.000250007629627369,0.00037501144444105353
20.616022004,8.953125,-4.1015625,-0.05078125,-0.0078125,-0.00390625,-0.005859375,-89.7847382880817,-65.16116086238326,72.7829686438092,9.8359375,-0.484375,-0.15625,0.01171875,0.005859375,0.00390625,-104.80501278255095,-86.8307375695692,77.79853238598444,167.080078125,0.000250007629627369,0.000500015259254738
20.626718385999993,8.953125,-4.1015625,-0.05078125,-0.0078125,-0.00390625,-0.005859375,-89.7847382880817,-65.16116086238326,72.7829686438092,9.8359375,-0.484375,-0.15625,-0.025390625,-0.015625,-0.01953125,-104.80501278255095,-86.8307375695692,77.79853238598444,166.9921875,0.000250007629627369,0.000250007629627369
20.636427106000014,8.984375,-3.98828125,-0.12890625,-0.0078125,-0.00390625,-0.005859375,-89.7847382880817,-65.16116086238326,72.7829686438092,9.8359375,-0.29296875,-0.38671875,-0.025390625,-0.015625,-0.01953125,-104.80501278255095,-86.8307375695692,77.79853238598444,167.080078125,0.0,0.000250007629627369
20.65042640300001,8.984375,-3.98828125,-0.12890625,-0.02734375,-0.00390625,-0.021484375,-89.92304805659965,-65.16687677980198,72.85498240727321,9.8359375,-0.29296875,-0.38671875,-0.025390625,-0.015625,-0.01953125,-104.80501278255095,-86.8307375695692,77.79853238598444,166.9921875,0.0,0.000500015259254738
20.664603586,8.98828125,-4.0234375,-0.08984375,-0.02734375,-0.00390625,-0.021484375,-89.92304805659965,-65.16687677980198,72.85498240727321,9.8359375,-0.29296875,-0.34765625,-0.009765625,-0.005859375,-0.009765625,-105.88983034697638,-86.88133823462492,78.81215905263828,167.080078125,0.00037501144444105353,0.000500015259254738
20.684324476,8.98828125,-4.0234375,-0.08984375,-0.02734375,-0.00390625,-0.021484375,-89.92304805659965,-65.16687677980198,72.85498240727321,9.8359375,-0.29296875,-0.34765625,-0.009765625,-0.005859375,-0.009765625,-105.88983034697638,-86.88133823462492,78.81215905263828,167.080078125,0.00037501144444105353,0.000500015259254738
20.694128938000006,8.875,-4.25390625,0.02734375,0.001953125,-0.001953125,0.00390625,-90.00915655763045,-65.16770418572106,72.88488550372153,9.796875,-0.40625,-0.1953125,-0.009765625,-0.005859375,-0.009765625,-105.88983034697638,-86.88133823462492,78.81215905263828,166.9921875,0.00037501144444105353,0.000250007629627369
20.711803272999987,8.875,-4.25390625,0.02734375,0.001953125,-0.001953125,0.00390625,-90.00915655763045,-65.16770418572106,72.88488550372153,9.796875,-0.40625,-0.1953125,-0.009765625,-0.005859375,-0.009765625,-105.88983034697638,-86.88133823462492,78.81215905263828,166.9921875,0.000250007629627369,0.000250007629627369
20.716822285999996,8.875,-4.25390625,0.02734375,0.001953125,-0.001953125,0.00390625,-90.00915655763045,-65.16770418572106,72.88488550372153,9.796875,-0.40625,-0.1953125,-0.009765625,-0.005859375,-0.009765625,-106.22851757409079,-86.94634145641142,79.15821266494123,166.9921875,0.000250007629627369,0.00037501144444105353
20.727143154000004,8.80078125,-4.4453125,0.1015625,0.001953125,-0.001953125,0.00390625,-90.00915655763045,-65.16770418572106,72.88488550372153,9.796875,-0.67578125,-0.1953125,0.029296875,0.0078125,0.02734375,-106.22851757409079,-86.94634145641142,79.15821266494123,167.080078125,0.0,0.00037501144444105353
20.745868798000004,8.80078125,-4.4453125,0.1015625,0.03515625,0.005859375,0.0234375,-89.99560333336682,-65.11561474630606,72.92577882436615,9.796875,-0.67578125,-0.1953125,0.029296875,0.0078125,0.02734375,-106.22851757409079,-86.94634145641142,79.15821266494123,166.9921875,0.0,0.000500015259254738
20.760688721000008,8.80078125,-4.37109375,0.0625,0.03515625,0.005859375,0.0234375,-89.99560333336682,-65.11561474630606,72.92577882436615,9.8359375,-0.7890625,-0.234375,0.029296875,0.0078125,0.02734375,-105.09545031363643,-86.84765403156736,78.10480722544717,166.9921875,0.000250007629627369,0.000500015259254738
20.778000407000007,8.80078125,-4.37109375,0.0625,0.03515625,0.005859375,0.0234375,-89.99560333336682,-65.11561474630606,72.92577882436615,9.8359375,-0.7890625,-0.234375,0.017578125,0.01953125,0.005859375,-105.09545031363643,-86.84765403156736,78.10480722544717,166.9921875,0.000250007629627369,0.00037501144444105353
20.787802053000007,8.80078125,-4.37109375,0.0625,0.03515625,0.005859375,0.0234375,-89.99560333336682,-65.11561474630606,72.92577882436615,9.8359375,-0.7890625,-0.234375,0.017578125,0.01953125,0.005859375,-105.09545031363643,-86.84765403156736,78.10480722544717,166.9921875,0.0001250038148136845,0.00037501144444105353
20.793300609,8.875,-4.1796875,-0.01171875,-0.001953125,0.001953125,-0.005859375,-89.91306997243085,-65.07036935972214,72.89308738354309,9.8359375,-0.63671875,-0.12109375,0.017578125,0.01953125,0.005859375,-105.09545031363643,-86.84765403156736,78.10480722544717,166.9921875,0.0001250038148136845,0.000250007629627369
20.81110489400001,8.875,-4.1796875,-0.01171875,-0.001953125,0.001953125,-0.005859375,-89.91306997243085,-65.07036935972214,72.89308738354309,9.8359375,-0.63671875,-0.12109375,0.017578125,0.01953125,0.005859375,-105.09545031363643,-86.84765403156736,78.10480722544717,167.080078125,0.00037501144444105353,0.000250007629627369
20.81664303299999,8.875,-4.1796875,-0.01171875,-0.001953125,0.001953125,-0.005859375,-89.91306997243085,-65.07036935972214,72.89308738354309,9.796875,-0.3671875,-0.08203125,-0.02734375,-0.017578125,-0.01953125,-104.88367993715777,-86.92248231952635,77.89974806939445,166.9921875,0.00037501144444105353,0.000500015259254738
20.83610783200001,8.95703125,-3.98828125,-0.08984375,-0.001953125,0.001953125,-0.005859375,-89.91306997243085,-65.07036935972214,72.89308738354309,9.796875,-0.3671875,-0.08203125,-0.02734375,-0.017578125,-0.01953125,-104.88367993715777,-86.92248231952635,77.89974806939445,166.9921875,0.0001250038148136845,0.000500015259254738
20.846546874000012,8.95703125,-3.98828125,-0.08984375,-0.033203125,-0.01171875,-0.017578125,-90.02595429173905,-65.10038549220099,72.95570693248938,9.80078125,-0.25390625,-0.3125,-0.02734375,-0.017578125,-0.01953125,-104.88367993715777,-86.92248231952635,77.89974806939445,166.9921875,0.0001250038148136845,0.00037501144444105353
20.863864863999993,8.953125,-4.0234375,-0.08984375,-0.033203125,-0.01171875,-0.017578125,-90.02595429173905,-65.10038549220099,72.95570693248938,9.80078125,-0.25390625,-0.3125,-0.02734375,-0.017578125,-0.01953125,-106.33932959054337,-86.97391193137233,79.28514389388509,166.9921875,0.00037501144444105353,0.00037501144444105353
20.878076445999994,8.953125,-4.0234375,-0.08984375,-0.033203125,-0.01171875,-0.017578125,-90.02595429173905,-65.10038549220099,72.95570693248938,9.80078125,-0.25390625,-0.3125,-0.017578125,-0.013671875,-0.009765625,-106.33932959054337,-86.97391193137233,79.28514389388509,166.9921875,0.00037501144444105353,0.000250007629627369
20.888388291000012,8.91796875,-4.1796875,-0.05078125,-0.033203125,-0.01171875,-0.017578125,-90.02595429173905,-65.10038549220099,72.95570693248938,9.83984375,-0.40625,-0.38671875,-0.017578125,-0.013671875,-0.009765625,-106.33932959054337,-86.97391193137233,79.28514389388509,167.080078125,0.000250007629627369,0.000250007629627369
20.90175329600001,8.91796875,-4.1796875,-0.05078125,0.0,-0.001953125,0.0,-90.14235909972248,-65.10535919269687,73.00575814447375,9.83984375,-0.40625,-0.38671875,-0.017578125,-0.013671875,-0.009765625,-106.33932959054337,-86.97391193137233,79.28514389388509,167.080078125,0.000250007629627369,0.0001250038148136845
20.91523039500001,8.91796875,-4.1796875,-0.05078125,0.0,-0.001953125,0.0,-90.14235909972248,-65.10535919269687,73.00575814447375,9.83984375,-0.5625,-0.2734375,-0.017578125,-0.013671875,-0.009765625,-106.78886920683476,-86.95052735319773,79.71850603697958,167.080078125,0.00037501144444105353,0.0001250038148136845
20.92868771900001,8.8359375,-4.33203125,0.02734375,0.0,-0.001953125,0.0,-90.14235909972248,-65.10535919269687,73.00575814447375,9.83984375,-0.5625,-0.2734375,0.01953125,0.015625,0.013671875,-106.78886920683476,-86.95052735319773,79.71850603697958,166.9921875,0.00037501144444105353,0.000250007629627369
20.941724378000004,8.8359375,-4.33203125,0.02734375,0.0,-0.001953125,0.0,-90.14235909972248,-65.10535919269687,73.00575814447375,9.83984375,-0.5625,-0.2734375,0.01953125,0.015625,0.013671875,-106.78886920683476,-86.95052735319773,79.71850603697958,167.080078125,0.0,0.000250007629627369
20.946855133000014,8.80078125,-4.37109375,0.0625,0.03125,0.005859375,0.017578125,-90.08989714658897,-65.07098918125945,72.99821218943391,9.796875,-0.67578125,-0.12109375,0.01953125,0.015625,0.013671875,-106.78886920683476,-86.95052735319773,79.71850603697958,166.9921875,0.0,0.00037501144444105353
20.96699639900001,8.80078125,-4.37109375,0.0625,0.03125,0.005859375,0.017578125,-90.08989714658897,-65.07098918125945,72.99821218943391,9.796875,-0.67578125,-0.12109375,0.01953125,0.015625,0.013671875,-106.07981213089919,-86.9178024989022,79.0756208153149,166.9921875,0.00037501144444105353,0.00037501144444105353
20.976906810999992,8.80078125,-4.37109375,0.0625,0.03125,0.005859375,0.017578125,-90.08989714658897,-65.07098918125945,72.99821218943391,9.80078125,-0.63671875,-0.12109375,0.017578125,0.0078125,0.01171875,-106.07981213089919,-86.9178024989022,79.0756208153149,167.080078125,0.00037501144444105353,0.0001250038148136845
20.990478853000013,8.8359375,-4.25390625,0.02734375,0.03125,0.005859375,0.017578125,-90.08989714658897,-65.07098918125945,72.99821218943391,9.80078125,-0.63671875,-0.12109375,0.017578125,0.0078125,0.01171875,-106.07981213089919,-86.9178024989022,79.0756208153149,167.080078125,0.0,0.0001250038148136845
20.99842373300001,8.8359375,-4.25390625,0.02734375,0.00390625,0.0,0.001953125,-90.03758223426748,-65.02827145899046,73.00076363512295,9.80078125,-0.63671875,-0.12109375,0.017578125,0.0078125,0.01171875,-106.07981213089919,-86.9178024989022,79.0756208153149,166.9921875,0.0,0.000500015259254738
21.012138107999988,8.8359375,-4.25390625,0.02734375,0.00390625,0.0,0.001953125,-90.03758223426748,-65.02827145899046,73.00076363512295,9.83984375,-0.5234375,-0.1953125,0.017578125,0.0078125,0.01171875,-106.20249678781511,-86.9544136648444,79.21032871943838,166.9921875,0.000250007629627369,0.000500015259254738
21.02541959499999,8.91796875,-4.1015625,-0.08984375,0.00390625,0.0,0.001953125,-90.03758223426748,-65.02827145899046,73.00076363512295,9.83984375,-0.5234375,-0.1953125,-0.017578125,-0.0078125,-0.013671875,-106.20249678781511,-86.9544136648444,79.21032871943838,166.9921875,0.000250007629627369,0.000250007629627369
21.039479690999997,8.91796875,-4.1015625,-0.08984375,0.00390625,0.0,0.001953125,-90.03758223426748,-65.02827145899046,73.00076363512295,9.83984375,-0.5234375,-0.1953125,-0.017578125,-0.0078125,-0.013671875,-106.20249678781511,-86.9544136648444,79.21032871943838,166.9921875,0.0,0.000250007629627369
21.04496637599999,8.953125,-4.0234375,-0.08984375,-0.021484375,-0.001953125,-0.013671875,-90.08466849405319,-65.02825325792975,73.01714102827869,9.83984375,-0.3671875,-0.3125,-0.017578125,-0.0078125,-0.013671875,-106.20249678781511,-86.9544136648444,79.21032871943838,167.080078125,0.0,0.000500015259254738
21.062849027,8.953125,-4.0234375,-0.08984375,-0.021484375,-0.001953125,-0.013671875,-90.08466849405319,-65.02825325792975,73.01714102827869,9.83984375,-0.3671875,-0.3125,-0.017578125,-0.0078125,-0.013671875,-106.20249678781511,-86.9544136648444,79.21032871943838,166.9921875,0.000250007629627369,0.000500015259254738
21.077428249999997,8.953125,-4.0234375,-0.08984375,-0.021484375,-0.001953125,-0.013671875,-90.08466849405319,-65.02825325792975,73.01714102827869,9.796875,-0.29296875,-0.2734375,-0.013671875,-0.0078125,-0.013671875,-107.0335508065351,-86.93358658691422,79.98426696076079,166.9921875,0.000250007629627369,0.0001250038148136845
21.09082858299999,8.953125,-4.1015625,-0.05078125,-0.005859375,-0.00390625,0.0,-90.18404061397686,-65.05249492986187,73.06599972081014,9.796875,-0.29296875,-0.2734375,-0.013671875,-0.0078125,-0.013671875,-107.0335508065351,-86.93358658691422,79.98426696076079,166.9921875,0.000250007629627369,0.0001250038148136845
21.107508376,8.953125,-4.1015625,-0.05078125,-0.005859375,-0.00390625,0.0,-90.18404061397686,-65.05249492986187,73.06599972081014,9.80078125,-0.40625,-0.2734375,-0.013671875,-0.0078125,-0.013671875,-107.0335508065351,-86.93358658691422,79.98426696076079,166.9921875,0.000250007629627369,0.0001250038148136845
21.117547777999988,8.87890625,-4.25390625,-0.01171875,-0.005859375,-0.00390625,0.0,-90.18404061397686,-65.05249492986187,73.06599972081014,9.80078125,-0.40625,-0.2734375,0.01171875,0.001953125,0.017578125,-107.65342615001273,-86.90507025183324,80.58799612489032,166.9921875,0.000250007629627369,0.000250007629627369
21.137060351999992,8.87890625,-4.25390625,-0.01171875,-0.005859375,-0.00390625,0.0,-90.18404061397686,-65.05249492986187,73.06599972081014,9.83984375,-0.63671875,-0.2734375,0.01171875,0.001953125,0.017578125,-107.65342615001273,-86.90507025183324,80.58799612489032,167.080078125,0.00037501144444105353,0.000250007629627369
21.147581632999987,8.80078125,-4.37109375,0.0625,0.0234375,0.001953125,0.017578125,-90.17870994828863,-65.01395308321001,73.07985290646018,9.83984375,-0.63671875,-0.2734375,0.01171875,0.001953125,0.017578125,-107.65342615001273,-86.90507025183324,80.58799612489032,167.080078125,0.00037501144444105353,0.000500015259254738
21.162416659,8.80078125,-4.37109375,0.0625,0.0234375,0.001953125,0.017578125,-90.17870994828863,-65.01395308321001,73.07985290646018,9.83984375,-0.63671875,-0.2734375,0.01171875,0.001953125,0.017578125,-107.65342615001273,-86.90507025183324,80.58799612489032,166.9921875,0.0006250190740684225,0.000500015259254738
21.185694189000003,8.8359375,-4.33203125,0.0625,0.0234375,0.001953125,0.017578125,-90.17870994828863,-65.01395308321001,73.07985290646018,9.8359375,-0.71484375,-0.1953125,0.017578125,0.013671875,0.01171875,-107.21986797635674,-86.86890260093062,80.20022007955093,166.9921875,0.00037501144444105353,0.00037501144444105353
21.19766286699999,8.9140625,-4.1796875,-0.01171875,0.0078125,0.00390625,0.001953125,-90.07437174540185,-64.95296663492198,73.03004902193248,9.8359375,-0.59765625,-0.08203125,0.017578125,0.013671875,0.01171875,-107.21986797635674,-86.86890260093062,80.20022007955093,166.9921875,0.00037501144444105353,0.00037501144444105353
21.219937982999994,8.9140625,-4.1796875,-0.01171875,0.0078125,0.00390625,0.001953125,-90.07437174540185,-64.95296663492198,73.03004902193248,9.8359375,-0.59765625,-0.08203125,0.017578125,0.013671875,0.01171875,-107.1040662918384,-86.76254873811723,80.1054483739321,167.080078125,0.00037501144444105353,0.00037501144444105353
21.230006919999994,8.9140625,-4.1796875,-0.01171875,0.0078125,0.00390625,0.001953125,-90.07437174540185,-64.95296663492198,73.03004902193248,9.80078125,-0.40625,-0.15625,-0.015625,-0.009765625,-0.013671875,-107.1040662918384,-86.76254873811723,80.1054483739321,167.080078125,0.00037501144444105353,0.000250007629627369
21.243435604000013,8.953125,-4.0625,-0.05078125,-0.01953125,-0.005859375,-0.013671875,-90.14321568807135,-64.96460019774102,73.06845476609709,9.80078125,-0.40625,-0.15625,-0.015625,-0.009765625,-0.013671875,-107.1040662918384,-86.76254873811723,80.1054483739321,166.9921875,0.0001250038148136845,0.000250007629627369
21.25724546500001,8.953125,-4.0625,-0.05078125,-0.01953125,-0.005859375,-0.013671875,-90.14321568807135,-64.96460019774102,73.06845476609709,9.80078125,-0.40625,-0.15625,-0.015625,-0.009765625,-0.013671875,-107.1040662918384,-86.76254873811723,80.1054483739321,167.080078125,0.0001250038148136845,0.0001250038148136845
21.262552889000006,8.953125,-4.0625,-0.05078125,-0.01953125,-0.005859375,-0.013671875,-90.14321568807135,-64.96460019774102,73.06845476609709,9.8359375,-0.33203125,-0.3125,-0.015625,-0.009765625,-0.013671875,-108.46174491537495,-86.915667555129,81.41351022671357,167.080078125,0.000250007629627369,0.0001250038148136845
21.276066692,8.95703125,-4.0625,-0.08984375,-0.01953125,-0.005859375,-0.013671875,-90.14321568807135,-64.96460019774102,73.06845476609709,9.8359375,-0.33203125,-0.3125,-0.017578125,-0.009765625,-0.01171875,-108.46174491537495,-86.915667555129,81.41351022671357,167.080078125,0.000250007629627369,0.000250007629627369
21.290436575,8.95703125,-4.0625,-0.08984375,-0.01953125,-0.005859375,-0.013671875,-90.14321568807135,-64.96460019774102,73.06845476609709,9.8359375,-0.33203125,-0.3125,-0.017578125,-0.009765625,-0.01171875,-108.46174491537495,-86.915667555129,81.41351022671357,167.080078125,0.0,0.000250007629627369
21.295890076000006,8.87890625,-4.1796875,-0.05078125,-0.005859375,-0.001953125,-0.00390625,-90.2205588136246,-64.97293085788084,73.0999732239708,9.83984375,-0.3671875,-0.34765625,-0.017578125,-0.009765625,-0.01171875,-108.46174491537495,-86.915667555129,81.41351022671357,166.9921875,0.0,0.0006250190740684225
21.318014121999994,8.87890625,-4.1796875,-0.05078125,-0.005859375,-0.001953125,-0.00390625,-90.2205588136246,-64.97293085788084,73.0999732239708,9.83984375,-0.3671875,-0.34765625,-0.017578125,-0.009765625,-0.01171875,-108.94015188802314,-86.8278819195863,81.86635895410916,167.080078125,0.00037501144444105353,0.0006250190740684225
21.327994964999988,8.87890625,-4.1796875,-0.05078125,-0.005859375,-0.001953125,-0.00390625,-90.2205588136246,-64.97293085788084,73.0999732239708,9.80078125,-0.5234375,-0.2734375,0.013671875,0.0078125,0.01171875,-108.94015188802314,-86.8278819195863,81.86635895410916,166.9921875,0.00037501144444105353,0.00037501144444105353
21.341023911999997,8.8359375,-4.29296875,0.02734375,-0.005859375,-0.001953125,-0.00390625,-90.2205588136246,-64.97293085788084,73.0999732239708,9.80078125,-0.5234375,-0.2734375,0.013671875,0.0078125,0.01171875,-108.94015188802314,-86.8278819195863,81.86635895410916,166.9921875,0.0001250038148136845,0.00037501144444105353
21.34999165299999,8.8359375,-4.29296875,0.02734375,0.017578125,0.00390625,0.01171875,-90.18507636369218,-64.93872681451947,73.08385938902758,9.83984375,-0.63671875,-0.15625,0.013671875,0.0078125,0.01171875,-108.94015188802314,-86.8278819195863,81.86635895410916,166.9921875,0.0001250038148136845,0.000500015259254738
21.368179674999993,8.8359375,-4.33203125,0.02734375,0.017578125,0.00390625,0.01171875,-90.18507636369218,-64.93872681451947,73.08385938902758,9.83984375,-0.63671875,-0.15625,0.013671875,0.0078125,0.01171875,-108.67419386728339,-86.88454129112951,81.65103770166405,166.9921875,0.00037501144444105353,0.000500015259254738
21.387442908999986,8.8359375,-4.33203125,0.02734375,0.017578125,0.00390625,0.01171875,-90.18507636369218,-64.93872681451947,73.08385938902758,9.83984375,-0.63671875,-0.15625,0.013671875,0.0078125,0.01171875,-108.67419386728339,-86.88454129112951,81.65103770166405,166.9921875,0.00037501144444105353,0.00037501144444105353
21.392466882000008,8.8359375,-4.33203125,0.02734375,0.017578125,0.00390625,0.01171875,-90.18507636369218,-64.93872681451947,73.08385938902758,9.796875,-0.63671875,-0.15625,0.013671875,0.0078125,0.01171875,-108.67419386728339,-86.88454129112951,81.65103770166405,166.9921875,0.000250007629627369,0.00037501144444105353
21.400743788,8.87890625,-4.21875,-0.01171875,0.009765625,0.001953125,0.00390625,-90.13287332489112,-64.90448686811499,73.0765844532731,9.796875,-0.63671875,-0.15625,0.013671875,0.0078125,0.01171875,-108.67419386728339,-86.88454129112951,81.65103770166405,167.080078125,0.000250007629627369,0.000250007629627369
21.417760695,8.87890625,-4.21875,-0.01171875,0.009765625,0.001953125,0.00390625,-90.13287332489112,-64.90448686811499,73.0765844532731,9.83984375,-0.5234375,-0.1953125,-0.009765625,-0.00390625,-0.009765625,-108.72869566116928,-86.8641075715275,81.73013561160363,166.9921875,0.00037501144444105353,0.000250007629627369
21.435311095999992,8.9140625,-4.1015625,-0.05078125,0.009765625,0.001953125,0.00390625,-90.13287332489112,-64.90448686811499,73.0765844532731,9.83984375,-0.5234375,-0.1953125,-0.009765625,-0.00390625,-0.009765625,-108.72869566116928,-86.8641075715275,81.73013561160363,167.080078125,0.00037501144444105353,0.000500015259254738
21.445159813000004,8.9140625,-4.1015625,-0.05078125,-0.017578125,-0.00390625,-0.01171875,-90.14963205977902,-64.89616135622093,73.07773519731359,9.8359375,-0.3671875,-0.234375,-0.009765625,-0.00390625,-0.009765625,-108.72869566116928,-86.8641075715275,81.73013561160363,166.9921875,0.00037501144444105353,0.000500015259254738
21.461527676000003,8.9140625,-4.1015625,-0.05078125,-0.017578125,-0.00390625,-0.01171875,-90.14963205977902,-64.89616135622093,73.07773519731359,9.8359375,-0.3671875,-0.234375,-0.009765625,-0.00390625,-0.009765625,-108.72869566116928,-86.8641075715275,81.73013561160363,167.080078125,0.00037501144444105353,0.000500015259254738
21.467111735000003,8.95703125,-4.0625,-0.08984375,-0.017578125,-0.00390625,-0.01171875,-90.14963205977902,-64.89616135622093,73.07773519731359,9.8359375,-0.3671875,-0.234375,-0.013671875,-0.0078125,-0.01171875,-109.51443224075757,-86.88893514164442,82.4706363690493,166.9921875,0.00037501144444105353,0.000500015259254738
